db_id,question,query,pred_query
concert_singer,How many singers do we have?,SELECT count(*) FROM singer,SELECT COUNT(*) FROM singer;
concert_singer,What is the total number of singers?,SELECT count(*) FROM singer,SELECT COUNT(*) FROM singer;
concert_singer,"Show name, country, age for all singers ordered by age from the oldest to the youngest.","SELECT name ,  country ,  age FROM singer ORDER BY age DESC","SELECT name, country, age FROM singer ORDER BY age ASC;"
concert_singer,"What are the names, countries, and ages for every singer in descending order of age?","SELECT name ,  country ,  age FROM singer ORDER BY age DESC","SELECT s.name, s.country, s.age  
FROM singer s  
JOIN singer_in_concert sc ON s.singer_id = sc.singer_id  
ORDER BY sc.concerts.age DESC;"
concert_singer,"What is the average, minimum, and maximum age of all singers from France?","SELECT avg(age) ,  min(age) ,  max(age) FROM singer WHERE country  =  'France'","SELECT AVG(singer.age), MIN(singer.age), MAX(singer.age) FROM singer WHERE country = 'France';"
concert_singer,"What is the average, minimum, and maximum age for all French singers?","SELECT avg(age) ,  min(age) ,  max(age) FROM singer WHERE country  =  'France'","SELECT AVG(age) AS average, MIN(age) AS minimum, MAX(age) AS maximum
FROM singer
WHERE country = 'France';"
concert_singer,Show the name and the release year of the song by the youngest singer.,"SELECT song_name ,  song_release_year FROM singer ORDER BY age LIMIT 1","SELECT s.name, c.song_release_year
FROM singer s
JOIN concert c ON s.singer_id = c.singer_id
WHERE s.age = (
    SELECT MIN(singer.age)
    FROM singer s
)"
concert_singer,What are the names and release years for all the songs of the youngest singer?,"SELECT song_name ,  song_release_year FROM singer ORDER BY age LIMIT 1","SELECT s.name, c.song_release_year
FROM singer s
JOIN concert c ON s.singer_id = c.singer_id
WHERE s.age = (SELECT MIN(age) FROM singer)"
concert_singer,What are all distinct countries where singers above age 20 are from?,SELECT DISTINCT country FROM singer WHERE age  >  20,"SELECT DISTINCT countries.country
FROM singer s
JOIN concert c ON s.singer_id = c.singer_id
JOIN singer_in_concert sc ON s.singer_id = sc.singer_id
WHERE s.age >= 20
GROUP BY s.country;"
concert_singer,What are  the different countries with singers above age 20?,SELECT DISTINCT country FROM singer WHERE age  >  20,"SELECT DISTINCT c.country  
FROM singer_in_concert sc  
JOIN concert c ON sc.concert_id = c.concert_id  
JOIN singer s ON sc.singer_id = s.singer_id  
WHERE s.age > 20;"
concert_singer,Show all countries and the number of singers in each country.,"SELECT country ,  count(*) FROM singer GROUP BY country","SELECT country, COUNT(*) AS number_of_singers  
FROM singer  
GROUP BY country;"
concert_singer,How many singers are from each country?,"SELECT country ,  count(*) FROM singer GROUP BY country","SELECT COUNT(*) AS count, country
FROM singer
GROUP BY country;"
concert_singer,List all song names by singers above the average age.,SELECT song_name FROM singer WHERE age  >  (SELECT avg(age) FROM singer),"SELECT c.song_name
FROM concert c
JOIN singer_in_concert s ON c.concert_id = s.concert_id
WHERE s.singer_id IN (
    SELECT singer_id
    FROM singer
    WHERE age > (SELECT AVG(singer.age) FROM singer)
);"
concert_singer,What are all the song names by singers who are older than average?,SELECT song_name FROM singer WHERE age  >  (SELECT avg(age) FROM singer),SELECT song_name FROM singer WHERE age > (SELECT AVG(age) FROM singer) LIMIT 10;
concert_singer,Show location and name for all stadiums with a capacity between 5000 and 10000.,"SELECT LOCATION ,  name FROM stadium WHERE capacity BETWEEN 5000 AND 10000","SELECT location, name FROM stadium WHERE capacity BETWEEN 5000 AND 10000;"
concert_singer,What are the locations and names of all stations with capacity between 5000 and 10000?,"SELECT LOCATION ,  name FROM stadium WHERE capacity BETWEEN 5000 AND 10000","SELECT location, name FROM stadium WHERE capacity BETWEEN 5000 AND 10000;"
concert_singer,What is the maximum capacity and the average of all stadiums ?,"select max(capacity), average from stadium","SELECT MAX(capacity) AS max_capacity, AVG(capacity) AS average FROM stadiums;"
concert_singer,What is the average and maximum capacities for all stadiums ?,"select avg(capacity) ,  max(capacity) from stadium","SELECT AVG(capacity) AS average, MAX(capacity) AS maximum FROM stadium;"
concert_singer,What is the name and capacity for the stadium with highest average attendance?,"SELECT name ,  capacity FROM stadium ORDER BY average DESC LIMIT 1","SELECT name, capacity  
FROM stadium  
WHERE highest =  
  (SELECT MAX(highest) FROM stadium)  
LIMIT 1;"
concert_singer,What is the name and capacity for the stadium with the highest average attendance?,"SELECT name ,  capacity FROM stadium ORDER BY average DESC LIMIT 1","SELECT name, capacity  
FROM stadium  
WHERE average = (  
    SELECT MAX(average)  
    FROM stadium  
)  
LIMIT 1;"
concert_singer,How many concerts are there in year 2014 or 2015?,SELECT count(*) FROM concert WHERE YEAR  =  2014 OR YEAR  =  2015,"SELECT COUNT(*) FROM concert WHERE year IN (2014, 2015);"
concert_singer,How many concerts occurred in 2014 or 2015?,SELECT count(*) FROM concert WHERE YEAR  =  2014 OR YEAR  =  2015,SELECT COUNT(*) FROM concert WHERE year BETWEEN 2014 AND 2015;
concert_singer,Show the stadium name and the number of concerts in each stadium.,"SELECT T2.name ,  count(*) FROM concert AS T1 JOIN stadium AS T2 ON T1.stadium_id  =  T2.stadium_id GROUP BY T1.stadium_id","SELECT stadium.name, COUNT(concert.concert_id) AS concert_count  
FROM stadium  
JOIN concert ON stadium.stadium_id = concert.stadium_id  
GROUP BY stadium_id;"
concert_singer,"For each stadium, how many concerts play there?","SELECT T2.name ,  count(*) FROM concert AS T1 JOIN stadium AS T2 ON T1.stadium_id  =  T2.stadium_id GROUP BY T1.stadium_id","SELECT stadium.stadium_id, COUNT(*) AS concerts_per_stadium
FROM stadium
JOIN concert ON stadium.stadium_id = concert.stadium_id
GROUP BY stadium.stadium_id;"
concert_singer,Show the stadium name and capacity with most number of concerts in year 2014 or after.,"SELECT T2.name ,  T2.capacity FROM concert AS T1 JOIN stadium AS T2 ON T1.stadium_id  =  T2.stadium_id WHERE T1.year  >=  2014 GROUP BY T2.stadium_id ORDER BY count(*) DESC LIMIT 1","SELECT stadium.name, stadium.capacity
FROM stadium
JOIN concert ON stadium.stadium_id = concert.stadium_id
WHERE concert.year >= '2014';"
concert_singer,What is the name and capacity of the stadium with the most concerts after 2013 ?,"select t2.name ,  t2.capacity from concert as t1 join stadium as t2 on t1.stadium_id  =  t2.stadium_id where t1.year  >  2013 group by t2.stadium_id order by count(*) desc limit 1","SELECT s.name, s.capacity  
FROM concert c  
JOIN stadium s ON c.stadium_id = s.stadium_id  
WHERE c.year >= 2013  
GROUP BY s.stadium_id  
ORDER BY s.capacity DESC  
LIMIT 1;"
concert_singer,Which year has most number of concerts?,SELECT YEAR FROM concert GROUP BY YEAR ORDER BY count(*) DESC LIMIT 1,SELECT year FROM concert GROUP BY year ORDER BY COUNT(*) DESC LIMIT 1;
concert_singer,What is the year that had the most concerts?,SELECT YEAR FROM concert GROUP BY YEAR ORDER BY count(*) DESC LIMIT 1,"SELECT year, COUNT(*) as num_concerts  
FROM concert  
GROUP BY year  
ORDER BY num_concerts DESC  
LIMIT 1;"
concert_singer,Show the stadium names without any concert.,SELECT name FROM stadium WHERE stadium_id NOT IN (SELECT stadium_id FROM concert),"SELECT name  
FROM stadium  
WHERE stadium_id IN  
  (SELECT stadium_id  
   FROM concert  
   WHERE concert_id IS NULL);"
concert_singer,What are the names of the stadiums without any concerts?,SELECT name FROM stadium WHERE stadium_id NOT IN (SELECT stadium_id FROM concert),SELECT name FROM stadium WHERE stadium_id NOT IN (SELECT stadium_id FROM concert);
concert_singer,Show countries where a singer above age 40 and a singer below 30 are from.,SELECT country FROM singer WHERE age  >  40 INTERSECT SELECT country FROM singer WHERE age  <  30,"SELECT COUNT(DISTINCT singer.country) 
FROM singer 
JOIN singer_in_concert ON singer.singer_id = singer_in_concert.singer_id 
WHERE singer.age > 40 AND singer.age < 30;"
concert_singer,Show names for all stadiums except for stadiums having a concert in year 2014.,SELECT name FROM stadium EXCEPT SELECT T2.name FROM concert AS T1 JOIN stadium AS T2 ON T1.stadium_id  =  T2.stadium_id WHERE T1.year  =  2014,"SELECT name  
FROM stadium  
WHERE stadium_id NOT IN  
  (SELECT concert.stadium_id  
   FROM concert  
   WHERE concert.year = '2014')  
ORDER BY name;"
concert_singer,What are the names of all stadiums that did not have a concert in 2014?,SELECT name FROM stadium EXCEPT SELECT T2.name FROM concert AS T1 JOIN stadium AS T2 ON T1.stadium_id  =  T2.stadium_id WHERE T1.year  =  2014,"SELECT s.name  
FROM stadium s  
WHERE s.stadium_id NOT IN  
   (SELECT c.stadium_id  
   FROM concert c  
   WHERE c.year = '2014');"
concert_singer,Show the name and theme for all concerts and the number of singers in each concert.,"SELECT T2.concert_name ,  T2.theme ,  count(*) FROM singer_in_concert AS T1 JOIN concert AS T2 ON T1.concert_id  =  T2.concert_id GROUP BY T2.concert_id","SELECT concert_name, theme, COUNT(singer_id) AS singer_count  
FROM concert  
JOIN singer_in_concert ON concert.concert_id = singer_in_concert.singer_id  
GROUP BY concert_name, theme  
LIMIT 1;"
concert_singer,"What are the names , themes , and number of singers for every concert ?","select t2.concert_name ,  t2.theme ,  count(*) from singer_in_concert as t1 join concert as t2 on t1.concert_id  =  t2.concert_id group by t2.concert_id","SELECT concert.concert_name, singer.name, COUNT(singer_in_concert.singer_id) AS num_singers  
FROM concert  
JOIN singer_in_concert ON concert.concert_id = singer_in_concert.singer_id  
JOIN singer ON singer_in_concert.singer_id = singer.singer_id  
GROUP BY concert.concert_name, singer.name  
LIMIT 1;"
concert_singer,List singer names and number of concerts for each singer.,"SELECT T2.name ,  count(*) FROM singer_in_concert AS T1 JOIN singer AS T2 ON T1.singer_id  =  T2.singer_id GROUP BY T2.singer_id","SELECT singer.name, COUNT(singer_in_concert.concert_id) AS num_concerts 
FROM singer 
INNER JOIN singer_in_concert ON singer.singer_id = singer_in_concert.singer_id 
GROUP BY singer_id;"
concert_singer,What are the names of the singers and number of concerts for each person?,"SELECT T2.name ,  count(*) FROM singer_in_concert AS T1 JOIN singer AS T2 ON T1.singer_id  =  T2.singer_id GROUP BY T2.singer_id","SELECT singer.name, COUNT(*) AS concerts  
FROM singer  
JOIN singer_in_concert ON singer.singer_id = singer_in_concert.singer_id  
GROUP BY singer.name;"
concert_singer,List all singer names in concerts in year 2014.,SELECT T2.name FROM singer_in_concert AS T1 JOIN singer AS T2 ON T1.singer_id  =  T2.singer_id JOIN concert AS T3 ON T1.concert_id  =  T3.concert_id WHERE T3.year  =  2014,"SELECT s.name  
FROM singer s  
JOIN concert c ON s.singer_id = c.singer_id  
WHERE c.year = '2014';"
concert_singer,What are the names of the singers who performed in a concert in 2014?,SELECT T2.name FROM singer_in_concert AS T1 JOIN singer AS T2 ON T1.singer_id  =  T2.singer_id JOIN concert AS T3 ON T1.concert_id  =  T3.concert_id WHERE T3.year  =  2014,SELECT singer.name FROM concert INNER JOIN singer_in_concert ON concert.concert_id = singer_in_concert.concert_id WHERE concert.year = '2014';
concert_singer,what is the name and nation of the singer who have a song having 'Hey' in its name?,"SELECT name ,  country FROM singer WHERE song_name LIKE '%Hey%'","SELECT s.name, s.country  
FROM singer s  
JOIN concert c ON s.singer_id = c.singer_id  
JOIN singer_in_concert sc ON c.concert_id = sc.concert_id  
WHERE c.concert_name LIKE '%Hey%';"
concert_singer,What is the name and country of origin of every singer who has a song with the word 'Hey' in its title?,"SELECT name ,  country FROM singer WHERE song_name LIKE '%Hey%'","SELECT s.name, s.country  
FROM singer s  
JOIN singer_in_concert sc ON s.singer_id = sc.singer_id  
JOIN concert c ON sc.concert_id = c.concert_id  
WHERE c.concert_name LIKE '%Hey%';"
concert_singer,Find the name and location of the stadiums which some concerts happened in the years of both 2014 and 2015.,"SELECT T2.name ,  T2.location FROM concert AS T1 JOIN stadium AS T2 ON T1.stadium_id  =  T2.stadium_id WHERE T1.Year  =  2014 INTERSECT SELECT T2.name ,  T2.location FROM concert AS T1 JOIN stadium AS T2 ON T1.stadium_id  =  T2.stadium_id WHERE T1.Year  =  2015","SELECT s.name, s.location  
FROM stadium s  
JOIN concert c ON s.stadium_id = c.stadium_id  
WHERE c.year IN (2014, 2015);"
concert_singer,What are the names and locations of the stadiums that had concerts that occurred in both 2014 and 2015?,"SELECT T2.name ,  T2.location FROM concert AS T1 JOIN stadium AS T2 ON T1.stadium_id  =  T2.stadium_id WHERE T1.Year  =  2014 INTERSECT SELECT T2.name ,  T2.location FROM concert AS T1 JOIN stadium AS T2 ON T1.stadium_id  =  T2.stadium_id WHERE T1.Year  =  2015","SELECT s.name, s.location  
FROM stadium s  
JOIN concert c ON s.stadium_id = c.stadium_id  
WHERE c.year IN (2014, 2015);"
concert_singer,Find the number of concerts happened in the stadium with the highest capacity .,select count(*) from concert where stadium_id = (select stadium_id from stadium order by capacity desc limit 1),"SELECT COUNT(*) 
FROM stadium 
WHERE capacity = (SELECT MAX(capacity) FROM stadium);"
concert_singer,What are the number of concerts that occurred in the stadium with the largest capacity ?,select count(*) from concert where stadium_id = (select stadium_id from stadium order by capacity desc limit 1),SELECT COUNT(*) FROM concert JOIN stadium ON concert.stadium_id = stadium.stadium_id WHERE stadium.capacity = (SELECT MAX(capacity) FROM stadium);
pets_1,Find the number of pets whose weight is heavier than 10.,SELECT count(*) FROM pets WHERE weight  >  10,SELECT COUNT(*) FROM pets WHERE pet_age > 10;
pets_1,How many pets have a greater weight than 10?,SELECT count(*) FROM pets WHERE weight  >  10,SELECT COUNT(*) FROM pets WHERE pet_age > 10;
pets_1,Find the weight of the youngest dog.,SELECT weight FROM pets ORDER BY pet_age LIMIT 1,SELECT weight FROM pets WHERE pet_age = (SELECT pet_age FROM pets ORDER BY pet_age ASC LIMIT 1);
pets_1,How much does the youngest dog weigh?,SELECT weight FROM pets ORDER BY pet_age LIMIT 1,SELECT weight FROM pets;
pets_1,Find the maximum weight for each type of pet. List the maximum weight and pet type.,"SELECT max(weight) ,  petType FROM pets GROUP BY petType","SELECT pettype, MAX(weight) AS max_weight  
FROM pets  
GROUP BY pettype;"
pets_1,List the maximum weight and type for each type of pet.,"SELECT max(weight) ,  petType FROM pets GROUP BY petType","SELECT pettype, MAX(weight)  
FROM pets  
GROUP BY pettype;"
pets_1,Find number of pets owned by students who are older than 20.,SELECT count(*) FROM student AS T1 JOIN has_pet AS T2 ON T1.stuid  =  T2.stuid WHERE T1.age  >  20,SELECT COUNT(*) FROM student JOIN has_pet ON student.stuid = has_pet.stuid WHERE student.age > 20;
pets_1,How many pets are owned by students that have an age greater than 20?,SELECT count(*) FROM student AS T1 JOIN has_pet AS T2 ON T1.stuid  =  T2.stuid WHERE T1.age  >  20,"SELECT COUNT(*) 
FROM student s
JOIN pets p ON s.stuid = p.stuid
WHERE p.pet_age > 20;"
pets_1,Find the number of dog pets that are raised by female students (with sex F).,SELECT count(*) FROM student AS T1 JOIN has_pet AS T2 ON T1.stuid  =  T2.stuid JOIN pets AS T3 ON T2.petid  =  T3.petid WHERE T1.sex  =  'F' AND T3.pettype  =  'dog',"SELECT COUNT(*) 
FROM student s
JOIN pets p ON s.stuid = p.stuid
WHERE s.sex = 'F' AND p.pettype = 'dog';"
pets_1,How many dog pets are raised by female students?,SELECT count(*) FROM student AS T1 JOIN has_pet AS T2 ON T1.stuid  =  T2.stuid JOIN pets AS T3 ON T2.petid  =  T3.petid WHERE T1.sex  =  'F' AND T3.pettype  =  'dog',"SELECT COUNT(*) AS dog_pets_count  
FROM pets p  
JOIN has_pet hp ON p.petid = hp.petid  
JOIN student s ON hp.stuid = s.stuid  
WHERE s.sex = 'female' AND p.pettype = 'dog';"
pets_1,Find the number of distinct type of pets.,SELECT count(DISTINCT pettype) FROM pets,SELECT COUNT(DISTINCT pettype) AS distinct_pet_types FROM pets;
pets_1,How many different types of pet are there?,SELECT count(DISTINCT pettype) FROM pets,SELECT COUNT(DISTINCT pettype) FROM pets;
pets_1,Find the first name of students who have cat or dog pet.,SELECT DISTINCT T1.Fname FROM student AS T1 JOIN has_pet AS T2 ON T1.stuid  =  T2.stuid JOIN pets AS T3 ON T3.petid  =  T2.petid WHERE T3.pettype  =  'cat' OR T3.pettype  =  'dog',"SELECT fname
FROM student
INNER JOIN has_pet ON student.stuid = has_pet.stuid
WHERE has_pet.petid IN (
    SELECT petid
    FROM pets
    WHERE pettype IN ('cat', 'dog')
);"
pets_1,What are the first names of every student who has a cat or dog as a pet?,SELECT DISTINCT T1.Fname FROM student AS T1 JOIN has_pet AS T2 ON T1.stuid  =  T2.stuid JOIN pets AS T3 ON T3.petid  =  T2.petid WHERE T3.pettype  =  'cat' OR T3.pettype  =  'dog',"SELECT fname FROM student JOIN has_pet ON student.stuid = has_pet.stuid WHERE pettype IN ('cat', 'dog');"
pets_1,Find the first name of students who have both cat and dog pets .,select t1.fname from student as t1 join has_pet as t2 on t1.stuid  =  t2.stuid join pets as t3 on t3.petid  =  t2.petid where t3.pettype  =  'cat' intersect select t1.fname from student as t1 join has_pet as t2 on t1.stuid  =  t2.stuid join pets as t3 on t3.petid  =  t2.petid where t3.pettype  =  'dog',"SELECT s.lname
FROM student s
JOIN has_pet h ON s.stuid = h.stuid
JOIN pets p ON h.petid = p.petid
WHERE p.pettype IN ('cat', 'dog');"
pets_1,What are the students' first names who have both cats and dogs as pets?,SELECT T1.Fname FROM student AS T1 JOIN has_pet AS T2 ON T1.stuid  =  T2.stuid JOIN pets AS T3 ON T3.petid  =  T2.petid WHERE T3.pettype  =  'cat' INTERSECT SELECT T1.Fname FROM student AS T1 JOIN has_pet AS T2 ON T1.stuid  =  T2.stuid JOIN pets AS T3 ON T3.petid  =  T2.petid WHERE T3.pettype  =  'dog',"SELECT s.fname  
FROM student s  
JOIN has_pet p ON s.stuid = p.stuid  
JOIN pets p2 ON p.petid = p2.petid  
WHERE p.pettype IN ('cat', 'dog');"
pets_1,Find the major and age of students who do not have a cat pet.,"SELECT major ,  age FROM student WHERE stuid NOT IN (SELECT T1.stuid FROM student AS T1 JOIN has_pet AS T2 ON T1.stuid  =  T2.stuid JOIN pets AS T3 ON T3.petid  =  T2.petid WHERE T3.pettype  =  'cat')","SELECT student.major, student.age 
FROM student 
INNER JOIN has_pet ON student.stuid = has_pet.stuid 
WHERE has_pet.petid NOT IN 
  (SELECT petid 
   FROM pets 
   WHERE pettype = 'cat');"
pets_1,"What major is every student who does not own a cat as a pet, and also how old are they?","SELECT major ,  age FROM student WHERE stuid NOT IN (SELECT T1.stuid FROM student AS T1 JOIN has_pet AS T2 ON T1.stuid  =  T2.stuid JOIN pets AS T3 ON T3.petid  =  T2.petid WHERE T3.pettype  =  'cat')","SELECT s.lname, s.age, s.major
FROM student s
JOIN has_pet hp ON s.stuid = hp.stuid
WHERE hp.petid IN (
    SELECT petid
    FROM pets p
    WHERE p.pettype = 'cat'
) AND hp.petid NOT IN (
    SELECT petid
    FROM pets p
    WHERE p.pettype = 'cat'
);"
pets_1,Find the id of students who do not have a cat pet.,SELECT stuid FROM student EXCEPT SELECT T1.stuid FROM student AS T1 JOIN has_pet AS T2 ON T1.stuid  =  T2.stuid JOIN pets AS T3 ON T3.petid  =  T2.petid WHERE T3.pettype  =  'cat',"SELECT stuid  
FROM student  
WHERE stuid IN  
  (SELECT stuid  
   FROM has_pet  
   WHERE petid IS NULL  
  )  
LIMIT 1;"
pets_1,What are the ids of the students who do not own cats as pets?,SELECT stuid FROM student EXCEPT SELECT T1.stuid FROM student AS T1 JOIN has_pet AS T2 ON T1.stuid  =  T2.stuid JOIN pets AS T3 ON T3.petid  =  T2.petid WHERE T3.pettype  =  'cat',"SELECT s.stuid  
FROM student s  
WHERE s.stuid NOT IN  
   (SELECT p.petid  
   FROM pets p  
   WHERE p.pettype = 'cat');"
pets_1,Find the first name and age of students who have a dog but do not have a cat as a pet.,"SELECT T1.fname ,  T1.age FROM student AS T1 JOIN has_pet AS T2 ON T1.stuid  =  T2.stuid JOIN pets AS T3 ON T3.petid  =  T2.petid WHERE T3.pettype  =  'dog' AND T1.stuid NOT IN (SELECT T1.stuid FROM student AS T1 JOIN has_pet AS T2 ON T1.stuid  =  T2.stuid JOIN pets AS T3 ON T3.petid  =  T2.petid WHERE T3.pettype  =  'cat')","SELECT s.fname, s.age
FROM student s
JOIN has_pet h ON s.stuid = h.stuid
JOIN pets p ON h.petid = p.petid
WHERE p.pettype = 'dog' AND p.pettype != 'cat';"
pets_1,What is the first name of every student who has a dog but does not have a cat?,"SELECT T1.fname ,  T1.age FROM student AS T1 JOIN has_pet AS T2 ON T1.stuid  =  T2.stuid JOIN pets AS T3 ON T3.petid  =  T2.petid WHERE T3.pettype  =  'dog' AND T1.stuid NOT IN (SELECT T1.stuid FROM student AS T1 JOIN has_pet AS T2 ON T1.stuid  =  T2.stuid JOIN pets AS T3 ON T3.petid  =  T2.petid WHERE T3.pettype  =  'cat')","SELECT fname  
FROM student  
WHERE stuid IN  
  (  
    SELECT stuid  
    FROM has_pet  
    WHERE pettype = 'dog'  
    AND petid NOT IN  
      (  
        SELECT petid  
        FROM has_pet  
        WHERE pettype = 'cat'  
      )  
  )  
ORDER BY fname ASC;"
pets_1,Find the type and weight of the youngest pet.,"SELECT pettype ,  weight FROM pets ORDER BY pet_age LIMIT 1","SELECT pettype, weight
FROM pets
WHERE pet_age = (SELECT MIN(pet_age) FROM pets);"
pets_1,"What type of pet is the youngest animal, and how much does it weigh?","SELECT pettype ,  weight FROM pets ORDER BY pet_age LIMIT 1","SELECT pettype, weight  
FROM pets  
WHERE pet_age = (  
    SELECT MIN(pet_age)  
    FROM pets  
)  
LIMIT 1;"
pets_1,Find the id and weight of all pets whose age is older than 1.,"SELECT petid ,  weight FROM pets WHERE pet_age  >  1","SELECT has_pet.stuid, pets.weight  
FROM has_pet  
JOIN pets ON has_pet.petid = pets.petid  
WHERE pets.pet_age > 1  
LIMIT 10;"
pets_1,What is the id and weight of every pet who is older than 1?,"SELECT petid ,  weight FROM pets WHERE pet_age  >  1","SELECT petid, weight FROM pets WHERE pet_age > 1;"
pets_1,Find the average and maximum age for each type of pet.,"SELECT avg(pet_age) ,  max(pet_age) ,  pettype FROM pets GROUP BY pettype","SELECT pettype, AVG(pet_age) AS avg_age, MAX(pet_age) AS max_age  
FROM pets  
GROUP BY pettype  
LIMIT 1;"
pets_1,What is the average and maximum age for each pet type?,"SELECT avg(pet_age) ,  max(pet_age) ,  pettype FROM pets GROUP BY pettype","SELECT pettype, AVG(pet_age) AS avg_age, MAX(pet_age) AS max_age  
FROM pets  
GROUP BY pettype;"
pets_1,Find the average weight for each pet type.,"SELECT avg(weight) ,  pettype FROM pets GROUP BY pettype","SELECT pettype, AVG(weight) AS average_weight  
FROM pets  
GROUP BY pettype;"
pets_1,What is the average weight for each type of pet?,"SELECT avg(weight) ,  pettype FROM pets GROUP BY pettype","SELECT pettype, AVG(weight) FROM pets GROUP BY pettype;"
pets_1,Find the first name and age of students who have a pet.,"SELECT DISTINCT T1.fname ,  T1.age FROM student AS T1 JOIN has_pet AS T2 ON T1.stuid  =  T2.stuid","SELECT student.lname, student.age  
FROM student  
JOIN has_pet ON student.stuid = has_pet.stuid  
JOIN pets ON has_pet.petid = pets.petid;"
pets_1,What are the different first names and ages of the students who do have pets?,"SELECT DISTINCT T1.fname ,  T1.age FROM student AS T1 JOIN has_pet AS T2 ON T1.stuid  =  T2.stuid","SELECT s.fname, s.age  
FROM student s  
JOIN has_pet hp ON s.stuid = hp.stuid  
JOIN pets p ON hp.petid = p.petid;"
pets_1,Find the id of the pet owned by student whose last name is ‘Smith’.,SELECT T2.petid FROM student AS T1 JOIN has_pet AS T2 ON T1.stuid  =  T2.stuid WHERE T1.Lname  =  'Smith',"SELECT petid
FROM has_pet
JOIN student ON has_pet.stuid = student.stuid
WHERE student.lname = 'Smith'
LIMIT 1;"
pets_1,What is the id of the pet owned by the student whose last name is 'Smith'?,SELECT T2.petid FROM student AS T1 JOIN has_pet AS T2 ON T1.stuid  =  T2.stuid WHERE T1.Lname  =  'Smith',"SELECT petid
FROM has_pet
WHERE stuid IN (
    SELECT stuid
    FROM student
    WHERE lname = 'Smith'
);"
pets_1,Find the number of pets for each student who has any pet and student id.,"SELECT count(*) ,  T1.stuid FROM student AS T1 JOIN has_pet AS T2 ON T1.stuid  =  T2.stuid GROUP BY T1.stuid",SELECT COUNT(*) AS num_pet FROM student JOIN has_pet ON student.stuid = has_pet.stuid GROUP BY student.stuid;
pets_1,"For students who have pets , how many pets does each student have ? list their ids instead of names .","select count(*) ,  t1.stuid from student as t1 join has_pet as t2 on t1.stuid  =  t2.stuid group by t1.stuid","SELECT s.stuid, COUNT(*) AS pet_count  
FROM student s  
JOIN has_pet hp ON hp.stuid = s.stuid  
GROUP BY s.stuid;"
pets_1,Find the first name and gender of student who have more than one pet.,"SELECT T1.fname ,  T1.sex FROM student AS T1 JOIN has_pet AS T2 ON T1.stuid  =  T2.stuid GROUP BY T1.stuid HAVING count(*)  >  1","SELECT s.fname, s.sex  
FROM student s  
JOIN has_pet h ON s.stuid = h.stuid  
JOIN pets p ON h.petid = p.petid  
GROUP BY s.stuid, s.sex  
HAVING COUNT(*) > 1;"
pets_1,What is the first name and gender of the all the students who have more than one pet?,"SELECT T1.fname ,  T1.sex FROM student AS T1 JOIN has_pet AS T2 ON T1.stuid  =  T2.stuid GROUP BY T1.stuid HAVING count(*)  >  1","SELECT s.fname, s.sex  
FROM students s  
JOIN has_pet h ON s.stuid = h.stuid  
GROUP BY s.stuid  
HAVING COUNT(*) > 1;"
pets_1,Find the last name of the student who has a cat that is age 3.,SELECT T1.lname FROM student AS T1 JOIN has_pet AS T2 ON T1.stuid  =  T2.stuid JOIN pets AS T3 ON T3.petid  =  T2.petid WHERE T3.pet_age  =  3 AND T3.pettype  =  'cat',"SELECT s.lname  
FROM student s  
JOIN has_pet hp ON hp.stuid = s.stuid  
JOIN pets p ON hp.petid = p.petid  
WHERE p.pettype = 'cat' AND p.pet_age = 3;"
pets_1,What is the last name of the student who has a cat that is 3 years old?,SELECT T1.lname FROM student AS T1 JOIN has_pet AS T2 ON T1.stuid  =  T2.stuid JOIN pets AS T3 ON T3.petid  =  T2.petid WHERE T3.pet_age  =  3 AND T3.pettype  =  'cat',SELECT lname FROM student JOIN has_pet ON student.stuid = has_pet.stuid JOIN pets ON has_pet.petid = pets.petid WHERE pettype = 'cat' AND pet_age = 3;
pets_1,Find the average age of students who do not have any pet .,select avg(age) from student where stuid not in (select stuid from has_pet),SELECT AVG(st.age) FROM student st WHERE st.stuid NOT IN (SELECT stuid FROM has_pet);
pets_1,What is the average age for all students who do not own any pets ?,select avg(age) from student where stuid not in (select stuid from has_pet),SELECT AVG(students.age) FROM students INNER JOIN has_pet ON students.stuid = has_pet.stuid WHERE has_pet.petid IS NULL;
employee_hire_evaluation,How many employees are there?,SELECT count(*) FROM employee,SELECT COUNT(*) FROM employee;
employee_hire_evaluation,Count the number of employees,SELECT count(*) FROM employee,SELECT COUNT(*) FROM employee;
employee_hire_evaluation,Sort employee names by their age in ascending order.,SELECT name FROM employee ORDER BY age,SELECT name FROM employee ORDER BY age ASC;
employee_hire_evaluation,List the names of employees and sort in ascending order of age.,SELECT name FROM employee ORDER BY age,SELECT name FROM employee ORDER BY age ASC;
employee_hire_evaluation,What is the number of employees from each city?,"SELECT count(*) ,  city FROM employee GROUP BY city","SELECT city, COUNT(*) AS num_employees  
FROM employee  
GROUP BY city;"
employee_hire_evaluation,Count the number of employees for each city.,"SELECT count(*) ,  city FROM employee GROUP BY city",SELECT COUNT(*) AS city_count FROM employee GROUP BY city;
employee_hire_evaluation,Which cities do more than one employee under age 30 come from?,SELECT city FROM employee WHERE age  <  30 GROUP BY city HAVING count(*)  >  1,"SELECT city, COUNT(*) AS city_count  
FROM employee  
INNER JOIN shop ON employee.employee_id = shop.shop_id  
WHERE employee.age < 30  
GROUP BY city  
HAVING COUNT(*) > 1;"
employee_hire_evaluation,Find the cities that have more than one employee under age 30.,SELECT city FROM employee WHERE age  <  30 GROUP BY city HAVING count(*)  >  1,"SELECT city, COUNT(*) AS count  
FROM employee  
WHERE age < 30  
GROUP BY city  
HAVING COUNT(*) > 1;"
employee_hire_evaluation,Find the number of shops in each location.,"SELECT count(*) ,  LOCATION FROM shop GROUP BY LOCATION","SELECT COUNT(*) AS count, location FROM shop GROUP BY location;"
employee_hire_evaluation,How many shops are there in each location?,"SELECT count(*) ,  LOCATION FROM shop GROUP BY LOCATION","SELECT COUNT(*) OVER (PARTITION BY location) AS count, location FROM shop GROUP BY location;"
employee_hire_evaluation,Find the manager name and district of the shop whose number of products is the largest.,"SELECT manager_name ,  district FROM shop ORDER BY number_products DESC LIMIT 1","SELECT manager_name, district
FROM shop
WHERE number_products = (
    SELECT MAX(number_products)
    FROM shop
);"
employee_hire_evaluation,What are the manager name and district of the shop that sells the largest number of products?,"SELECT manager_name ,  district FROM shop ORDER BY number_products DESC LIMIT 1","SELECT h.manager_name, s.district  
FROM hiring h  
JOIN shop s ON h.shop_id = s.shop_id  
WHERE s.number_products = (SELECT MAX(number_products) FROM shop);"
employee_hire_evaluation,find the minimum and maximum number of products of all stores.,"SELECT min(Number_products) ,  max(Number_products) FROM shop","SELECT MIN(number_products) AS min_products, MAX(number_products) AS max_products FROM shop;"
employee_hire_evaluation,What are the minimum and maximum number of products across all the shops?,"SELECT min(Number_products) ,  max(Number_products) FROM shop","SELECT MIN(number_products) AS min_products, MAX(number_products) AS max_products FROM shop;"
employee_hire_evaluation,"Return the name, location and district of all shops in descending order of number of products.","SELECT name ,  LOCATION ,  district FROM shop ORDER BY number_products DESC","SELECT name, location, district FROM shop ORDER BY number_products DESC LIMIT 10;"
employee_hire_evaluation,"Sort all the shops by number products in descending order, and return the name, location and district of each shop.","SELECT name ,  LOCATION ,  district FROM shop ORDER BY number_products DESC","SELECT name, location, district FROM shop ORDER BY number_products DESC;"
employee_hire_evaluation,Find the names of stores whose number products is more than the average number of products.,SELECT name FROM shop WHERE number_products  >  (SELECT avg(number_products) FROM shop),SELECT name FROM shop WHERE number_products > (SELECT SUM(number_products) / COUNT(*) FROM shop);
employee_hire_evaluation,Which shops' number products is above the average? Give me the shop names.,SELECT name FROM shop WHERE number_products  >  (SELECT avg(number_products) FROM shop),SELECT name FROM shop WHERE number_products > (SELECT AVG(number_products) FROM number_products) LIMIT 1;
employee_hire_evaluation,find the name of employee who was awarded the most times in the evaluation.,SELECT t1.name FROM employee AS t1 JOIN evaluation AS t2 ON t1.Employee_ID  =  t2.Employee_ID GROUP BY t2.Employee_ID ORDER BY count(*) DESC LIMIT 1,"SELECT e.name  
FROM evaluation e  
WHERE e.bonus = (SELECT MAX(e.bonus) FROM evaluation)  
LIMIT 1;"
employee_hire_evaluation,Which employee received the most awards in evaluations? Give me the employee name.,SELECT t1.name FROM employee AS t1 JOIN evaluation AS t2 ON t1.Employee_ID  =  t2.Employee_ID GROUP BY t2.Employee_ID ORDER BY count(*) DESC LIMIT 1,"SELECT e.name  
FROM evaluation e  
WHERE e.bonus =  
   (  
      SELECT MAX(e.bonus)  
      FROM evaluation  
   );"
employee_hire_evaluation,Find the name of the employee who got the highest one time bonus.,SELECT t1.name FROM employee AS t1 JOIN evaluation AS t2 ON t1.Employee_ID  =  t2.Employee_ID ORDER BY t2.bonus DESC LIMIT 1,"SELECT e.name  
FROM evaluation e  
WHERE e.bonus = (SELECT MAX(e.bonus) FROM evaluation e)  
ORDER BY e.bonus DESC LIMIT 1;"
employee_hire_evaluation,Which employee received the biggest bonus? Give me the employee name.,SELECT t1.name FROM employee AS t1 JOIN evaluation AS t2 ON t1.Employee_ID  =  t2.Employee_ID ORDER BY t2.bonus DESC LIMIT 1,SELECT e.name FROM evaluation e WHERE e.bonus = (SELECT MAX(bonus) FROM evaluation);
employee_hire_evaluation,Find the names of employees who never won any award in the evaluation.,SELECT name FROM employee WHERE Employee_ID NOT IN (SELECT Employee_ID FROM evaluation),"SELECT e.name  
FROM employee e  
WHERE e.employee_id NOT IN  
   (SELECT e.employee_id  
   FROM evaluation e  
   WHERE e.employee_id IS NULL);"
employee_hire_evaluation,What are the names of the employees who never received any evaluation?,SELECT name FROM employee WHERE Employee_ID NOT IN (SELECT Employee_ID FROM evaluation),SELECT name FROM employee JOIN evaluation ON employee.employee_id = evaluation.employee_id WHERE evaluation.employee_id IS NULL;
employee_hire_evaluation,What is the name of the shop that is hiring the largest number of employees?,SELECT t2.name FROM hiring AS t1 JOIN shop AS t2 ON t1.shop_id  =  t2.shop_id GROUP BY t1.shop_id ORDER BY count(*) DESC LIMIT 1,"SELECT s.name  
FROM shop s  
JOIN hiring h ON s.shop_id = h.shop_id  
WHERE h.number_products = (SELECT MAX(number_products) FROM hiring);"
employee_hire_evaluation,Which shop has the most employees? Give me the shop name.,SELECT t2.name FROM hiring AS t1 JOIN shop AS t2 ON t1.shop_id  =  t2.shop_id GROUP BY t1.shop_id ORDER BY count(*) DESC LIMIT 1,"SELECT s.name  
FROM shop s  
JOIN employee e ON s.shop_id = e.employee_id  
GROUP BY s.shop_id  
HAVING COUNT(e.employee_id) = (SELECT COUNT(*) FROM shop s2 JOIN employee e2 ON s2.shop_id = e2.employee_id GROUP BY s2.shop_id)  
LIMIT 1;"
employee_hire_evaluation,Find the name of the shops that do not hire any employee.,SELECT name FROM shop WHERE shop_id NOT IN (SELECT shop_id FROM hiring),SELECT name FROM shop WHERE shop_id NOT IN (SELECT shop_id FROM hiring);
employee_hire_evaluation,Which shops run with no employees? Find the shop names,SELECT name FROM shop WHERE shop_id NOT IN (SELECT shop_id FROM hiring),"SELECT s.name  
FROM shop s  
WHERE s.shop_id NOT IN  
   (SELECT h.shop_id  
   FROM hiring h  
   WHERE h.employee_id IS NULL);"
employee_hire_evaluation,Find the number of employees hired in each shop; show the shop name as well.,"SELECT count(*) ,  t2.name FROM hiring AS t1 JOIN shop AS t2 ON t1.shop_id  =  t2.shop_id GROUP BY t2.name","SELECT COUNT(*) AS num_employees, shop.name AS shop_name FROM hiring JOIN shop ON hiring.shop_id = shop.shop_id GROUP BY shop_id;"
employee_hire_evaluation,"For each shop, return the number of employees working there and the name of the shop.","SELECT count(*) ,  t2.name FROM hiring AS t1 JOIN shop AS t2 ON t1.shop_id  =  t2.shop_id GROUP BY t2.name","SELECT s.shop_name, COUNT(e.employee_id) AS employee_count
FROM shop s
JOIN employee e ON s.shop_id = e.shop_id
GROUP BY s.shop_name;"
employee_hire_evaluation,What is total bonus given in all evaluations?,SELECT sum(bonus) FROM evaluation,SELECT SUM(e.bonus) AS total_bonus FROM evaluation e;
employee_hire_evaluation,Find the total amount of bonus given in all the evaluations.,SELECT sum(bonus) FROM evaluation,SELECT SUM(evaluation.bonus) AS total_bonus FROM evaluation;
employee_hire_evaluation,Give me all the information about hiring.,SELECT * FROM hiring,SELECT * FROM hiring;
employee_hire_evaluation,What is all the information about hiring?,SELECT * FROM hiring,SELECT * FROM hiring;
employee_hire_evaluation,Which district has both stores with less than 3000 products and stores with more than 10000 products?,SELECT district FROM shop WHERE Number_products  <  3000 INTERSECT SELECT district FROM shop WHERE Number_products  >  10000,"SELECT district  
FROM shop  
WHERE number_products < 3000  
INTERSECT  
SELECT district  
FROM shop  
WHERE number_products > 10000;"
employee_hire_evaluation,Find the districts in which there are both shops selling less than 3000 products and shops selling more than 10000 products.,SELECT district FROM shop WHERE Number_products  <  3000 INTERSECT SELECT district FROM shop WHERE Number_products  >  10000,"SELECT district  
FROM shop  
WHERE number_products < 3000 AND number_products > 10000;"
employee_hire_evaluation,How many different store locations are there?,SELECT count(DISTINCT LOCATION) FROM shop,SELECT COUNT(DISTINCT location) FROM shop;
employee_hire_evaluation,Count the number of distinct store locations.,SELECT count(DISTINCT LOCATION) FROM shop,SELECT COUNT(DISTINCT location) FROM shop;
cre_Doc_Template_Mgt,How many documents do we have?,SELECT count(*) FROM Documents,SELECT COUNT(*) FROM documents;
cre_Doc_Template_Mgt,Count the number of documents.,SELECT count(*) FROM Documents,SELECT COUNT(*) FROM documents;
cre_Doc_Template_Mgt,"List document IDs, document names, and document descriptions for all documents.","SELECT document_id ,  document_name ,  document_description FROM Documents","SELECT document_id, document_name, document_description FROM documents;"
cre_Doc_Template_Mgt,"What are the ids, names, and descriptions for all documents?","SELECT document_id ,  document_name ,  document_description FROM Documents","SELECT document_id, document_name, document_description FROM documents;"
cre_Doc_Template_Mgt,What is the document name and template id for document with description with the letter 'w' in it?,"SELECT document_name ,  template_id FROM Documents WHERE Document_Description LIKE ""%w%""","SELECT document_name, document_id  
FROM documents  
WHERE document_description LIKE '%w%';"
cre_Doc_Template_Mgt,Return the names and template ids for documents that contain the letter w in their description.,"SELECT document_name ,  template_id FROM Documents WHERE Document_Description LIKE ""%w%""","SELECT document_name, document_id FROM documents WHERE document_description LIKE '%w%';"
cre_Doc_Template_Mgt,"What is the document id, template id and description for document named ""Robbin CV""?","SELECT document_id ,  template_id ,  Document_Description FROM Documents WHERE document_name  =  ""Robbin CV""","SELECT document_id, template_id, document_description FROM documents WHERE document_name = 'Robbin CV';"
cre_Doc_Template_Mgt,"Return the document id, template id, and description for the document with the name Robbin CV.","SELECT document_id ,  template_id ,  Document_Description FROM Documents WHERE document_name  =  ""Robbin CV""","SELECT document_id, template_id, document_description FROM documents WHERE document_name = 'Robbin CV';"
cre_Doc_Template_Mgt,How many different templates do all document use?,SELECT count(DISTINCT template_id) FROM Documents,"SELECT COUNT(DISTINCT template_type_code)  
FROM documents  
JOIN templates ON documents.template_id = templates.template_type_code;"
cre_Doc_Template_Mgt,Count the number of different templates used for documents.,SELECT count(DISTINCT template_id) FROM Documents,SELECT COUNT(DISTINCT documents.template_type_code) FROM documents;
cre_Doc_Template_Mgt,How many documents are using the template with type code 'PPT'?,SELECT count(*) FROM Documents AS T1 JOIN Templates AS T2 ON T1.Template_ID  =  T2.Template_ID WHERE T2.Template_Type_Code  =  'PPT',SELECT COUNT(*) FROM documents WHERE template_type_code = 'PPT';
cre_Doc_Template_Mgt,Count the number of documents that use the PPT template type.,SELECT count(*) FROM Documents AS T1 JOIN Templates AS T2 ON T1.Template_ID  =  T2.Template_ID WHERE T2.Template_Type_Code  =  'PPT',SELECT COUNT(*) FROM documents WHERE documents.template_id IN (SELECT template_id FROM templates WHERE templates.template_type_code = 'PPT');
cre_Doc_Template_Mgt,Show all template ids and number of documents using each template.,"SELECT template_id ,  count(*) FROM Documents GROUP BY template_id","SELECT template_type_code, COUNT(*) AS document_count  
FROM ref_template_types  
INNER JOIN templates ON ref_template_types.template_type_code = templates.template_type_code  
JOIN documents ON templates.template_id = documents.template_id  
GROUP BY ref_template_types.template_type_code  
ORDER BY ref_template_types.template_type_code;"
cre_Doc_Template_Mgt,"What are all different template ids used for documents, and how many times were each of them used?","SELECT template_id ,  count(*) FROM Documents GROUP BY template_id","SELECT DISTINCT t.template_id, COUNT(DISTINCT t.template_id) AS count  
FROM documents t  
JOIN templates ON t.template_id = templates.template_type_code  
GROUP BY t.template_id;"
cre_Doc_Template_Mgt,What is the id and type code for the template used by the most documents?,"SELECT T1.template_id ,  T2.Template_Type_Code FROM Documents AS T1 JOIN Templates AS T2 ON T1.template_id  =  T2.template_id GROUP BY T1.template_id ORDER BY count(*) DESC LIMIT 1","SELECT t.template_id, t.template_type_code
FROM templates t
JOIN (
    SELECT template_type_code, COUNT(*) AS document_count
    FROM documents
    GROUP BY template_type_code
    ORDER BY document_count DESC
    LIMIT 1
) AS temp ON t.template_type_code = temp.template_type_code;"
cre_Doc_Template_Mgt,Return the id and type code of the template that is used for the greatest number of documents.,"SELECT T1.template_id ,  T2.Template_Type_Code FROM Documents AS T1 JOIN Templates AS T2 ON T1.template_id  =  T2.template_id GROUP BY T1.template_id ORDER BY count(*) DESC LIMIT 1","SELECT t.template_id, t.template_type_code  
FROM documents  
JOIN templates ON documents.template_id = templates.template_type_code  
GROUP BY t.template_type_code  
ORDER BY COUNT(*) DESC  
LIMIT 1;"
cre_Doc_Template_Mgt,Show ids for all templates that are used by more than one document.,SELECT template_id FROM Documents GROUP BY template_id HAVING count(*)  >  1,"SELECT t.template_id  
FROM templates t  
JOIN documents d ON t.template_id = d.template_id  
GROUP BY t.template_id  
HAVING COUNT(DISTINCT d.document_id) > 1;"
cre_Doc_Template_Mgt,What are the template ids of any templates used in more than a single document?,SELECT template_id FROM Documents GROUP BY template_id HAVING count(*)  >  1,"SELECT t.template_id  
FROM templates t  
JOIN documents d ON t.template_type_code = d.template_id  
GROUP BY t.template_type_code  
HAVING COUNT(DISTINCT d.template_id) > 1;"
cre_Doc_Template_Mgt,Show ids for all templates not used by any document.,SELECT template_id FROM Templates EXCEPT SELECT template_id FROM Documents,"SELECT template_id  
FROM templates  
WHERE template_id NOT IN  
   (SELECT template_id  
    FROM documents  
    WHERE document_id IS NULL)  
LIMIT 100;"
cre_Doc_Template_Mgt,What are the ids for templates that are not used in any documents?,SELECT template_id FROM Templates EXCEPT SELECT template_id FROM Documents,SELECT template_id FROM templates WHERE NOT EXISTS (SELECT 1 FROM documents WHERE documents.template_id = templates.template_type_code) LIMIT 1;
cre_Doc_Template_Mgt,How many templates do we have?,SELECT count(*) FROM Templates,SELECT COUNT(*) FROM templates;
cre_Doc_Template_Mgt,Count the number of templates.,SELECT count(*) FROM Templates,SELECT COUNT(*) FROM templates;
cre_Doc_Template_Mgt,"Show template ids, version numbers, and template type codes for all templates.","SELECT template_id ,  version_number ,  template_type_code FROM Templates","SELECT template_id, version_number, template_type_code FROM templates;"
cre_Doc_Template_Mgt,"What are the ids, version numbers, and type codes for each template?","SELECT template_id ,  version_number ,  template_type_code FROM Templates","SELECT template_id, version_number, template_type_code FROM templates;"
cre_Doc_Template_Mgt,Show all distinct template type codes for all templates.,SELECT DISTINCT template_type_code FROM Templates,SELECT DISTINCT template_type_code FROM ref_template_types;
cre_Doc_Template_Mgt,What are the different template type codes?,SELECT DISTINCT template_type_code FROM Templates,SELECT DISTINCT template_type_code FROM ref_template_types;
cre_Doc_Template_Mgt,What are the ids of templates with template type code PP or PPT?,"SELECT template_id FROM Templates WHERE template_type_code  =  ""PP"" OR template_type_code  =  ""PPT""","SELECT template_id FROM templates WHERE template_type_code IN ('PP', 'PPT') LIMIT 1;"
cre_Doc_Template_Mgt,Return the ids of templates that have the code PP or PPT.,"SELECT template_id FROM Templates WHERE template_type_code  =  ""PP"" OR template_type_code  =  ""PPT""","SELECT templates.template_id 
FROM ref_template_types 
JOIN templates ON templates.template_type_code IN ('PP', 'PPT') 
WHERE templates.template_type_code IS NOT NULL;"
cre_Doc_Template_Mgt,How many templates have template type code CV?,"SELECT count(*) FROM Templates WHERE template_type_code  =  ""CV""",SELECT COUNT(*) FROM templates WHERE templates.template_type_code = 'CV';
cre_Doc_Template_Mgt,Count the number of templates of the type CV.,"SELECT count(*) FROM Templates WHERE template_type_code  =  ""CV""",SELECT COUNT(*) FROM templates WHERE template_type_code = 'CV';
cre_Doc_Template_Mgt,What is the version number and template type code for the template with version number later than 5?,"SELECT version_number ,  template_type_code FROM Templates WHERE version_number  >  5","SELECT version_number, template_type_code FROM templates WHERE version_number > 5;"
cre_Doc_Template_Mgt,Return the version numbers and template type codes of templates with a version number greater than 5.,"SELECT version_number ,  template_type_code FROM Templates WHERE version_number  >  5","SELECT version_number, template_type_code FROM templates WHERE version_number > 5;"
cre_Doc_Template_Mgt,Show all template type codes and number of templates for each.,"SELECT template_type_code ,  count(*) FROM Templates GROUP BY template_type_code","SELECT template_type_code, COUNT(*) AS count  
FROM ref_template_types  
GROUP BY template_type_code;"
cre_Doc_Template_Mgt,"What are the different template type codes, and how many templates correspond to each?","SELECT template_type_code ,  count(*) FROM Templates GROUP BY template_type_code","SELECT DISTINCT template_type_code, COUNT(*) AS count  
FROM ref_template_types  
GROUP BY template_type_code;"
cre_Doc_Template_Mgt,Which template type code has most number of templates?,SELECT template_type_code FROM Templates GROUP BY template_type_code ORDER BY count(*) DESC LIMIT 1,"SELECT template_type_code, COUNT(*) AS count  
FROM templates  
GROUP BY template_type_code  
ORDER BY COUNT(*) DESC  
LIMIT 1;"
cre_Doc_Template_Mgt,Return the type code of the template type that the most templates belong to.,SELECT template_type_code FROM Templates GROUP BY template_type_code ORDER BY count(*) DESC LIMIT 1,"SELECT template_type_code  
FROM templates  
GROUP BY template_type_code  
ORDER BY COUNT(*) DESC  
LIMIT 1;"
cre_Doc_Template_Mgt,Show all template type codes with less than three templates.,SELECT template_type_code FROM Templates GROUP BY template_type_code HAVING count(*)  <  3,"SELECT DISTINCT template_type_code
FROM ref_template_types
WHERE template_type_code IN (
    SELECT COUNT(*) AS count
    FROM templates
    GROUP BY template_type_code
    HAVING COUNT(*) < 3
);"
cre_Doc_Template_Mgt,What are the codes of template types that have fewer than 3 templates?,SELECT template_type_code FROM Templates GROUP BY template_type_code HAVING count(*)  <  3,"SELECT template_type_code  
FROM ref_template_types  
JOIN templates ON ref_template_types.template_type_code = templates.template_type_code  
GROUP BY template_type_code  
HAVING COUNT(*) < 3;"
cre_Doc_Template_Mgt,What the smallest version number and its template type code?,"SELECT min(Version_Number) ,  template_type_code FROM Templates","SELECT MIN(version_number) AS smallest_version, template_type_code FROM templates;"
cre_Doc_Template_Mgt,"Return the lowest version number, along with its corresponding template type code.","SELECT min(Version_Number) ,  template_type_code FROM Templates","SELECT version_number, template_type_code FROM templates ORDER BY version_number ASC LIMIT 1;"
cre_Doc_Template_Mgt,"What is the template type code of the template used by document with the name ""Data base""?","SELECT T1.template_type_code FROM Templates AS T1 JOIN Documents AS T2 ON T1.template_id  =  T2.template_id WHERE T2.document_name  =  ""Data base""","SELECT templates.template_type_code 
FROM templates 
JOIN documents ON templates.template_id = documents.template_id 
WHERE documents.document_name = 'Data base' 
LIMIT 1;"
cre_Doc_Template_Mgt,Return the template type code of the template that is used by a document named Data base.,"SELECT T1.template_type_code FROM Templates AS T1 JOIN Documents AS T2 ON T1.template_id  =  T2.template_id WHERE T2.document_name  =  ""Data base""",SELECT t.template_type_code FROM templates t JOIN documents d ON d.document_name = 'Data base' LIMIT 1;
cre_Doc_Template_Mgt,Show all document names using templates with template type code BK.,"SELECT T2.document_name FROM Templates AS T1 JOIN Documents AS T2 ON T1.template_id  =  T2.template_id WHERE T1.template_type_code  =  ""BK""",SELECT document_name FROM documents JOIN templates ON documents.template_id = templates.template_type_code WHERE templates.template_type_code = 'BK';
cre_Doc_Template_Mgt,What are the names of documents that use templates with the code BK?,"SELECT T2.document_name FROM Templates AS T1 JOIN Documents AS T2 ON T1.template_id  =  T2.template_id WHERE T1.template_type_code  =  ""BK""","SELECT d.document_name  
FROM documents d  
JOIN templates t ON d.template_id = t.template_type_code  
WHERE t.template_type_code = 'BK';"
cre_Doc_Template_Mgt,Show all template type codes and the number of documents using each type.,"SELECT T1.template_type_code ,  count(*) FROM Templates AS T1 JOIN Documents AS T2 ON T1.template_id  =  T2.template_id GROUP BY T1.template_type_code","SELECT ref_template_types.template_type_code, COUNT(documents.document_id) AS document_count  
FROM ref_template_types  
JOIN templates ON ref_template_types.template_type_code = templates.template_type_code  
JOIN documents ON templates.template_id = documents.template_id  
GROUP BY ref_template_types.template_type_code;"
cre_Doc_Template_Mgt,"What are the different template type codes, and how many documents use each type?","SELECT T1.template_type_code ,  count(*) FROM Templates AS T1 JOIN Documents AS T2 ON T1.template_id  =  T2.template_id GROUP BY T1.template_type_code","SELECT DISTINCT template_type_code, COUNT(*) AS document_count  
FROM ref_template_types  
GROUP BY template_type_code;"
cre_Doc_Template_Mgt,Which template type code is used by most number of documents?,SELECT T1.template_type_code FROM Templates AS T1 JOIN Documents AS T2 ON T1.template_id  =  T2.template_id GROUP BY T1.template_type_code ORDER BY count(*) DESC LIMIT 1,"SELECT template_type_code 
FROM documents 
GROUP BY template_type_code 
ORDER BY COUNT(*) DESC;"
cre_Doc_Template_Mgt,Return the code of the template type that is most commonly used in documents.,SELECT T1.template_type_code FROM Templates AS T1 JOIN Documents AS T2 ON T1.template_id  =  T2.template_id GROUP BY T1.template_type_code ORDER BY count(*) DESC LIMIT 1,"SELECT template_type_code, COUNT(*) AS most_common  
FROM templates  
JOIN documents ON templates.template_type_code = documents.template_id  
GROUP BY templates.template_type_code  
ORDER BY COUNT(*) DESC  
LIMIT 1;"
cre_Doc_Template_Mgt,Show all template type codes that are not used by any document.,SELECT template_type_code FROM Templates EXCEPT SELECT template_type_code FROM Templates AS T1 JOIN Documents AS T2 ON T1.template_id  =  T2.template_id,"SELECT template_type_code  
FROM ref_template_types  
WHERE template_type_code NOT IN  
   (SELECT template_type_code  
    FROM templates  
    JOIN documents ON templates.template_type_code = documents.template_id  
    GROUP BY templates.template_type_code  
    HAVING COUNT(*) = 0);"
cre_Doc_Template_Mgt,What are the codes of template types that are not used for any document?,SELECT template_type_code FROM Templates EXCEPT SELECT template_type_code FROM Templates AS T1 JOIN Documents AS T2 ON T1.template_id  =  T2.template_id,"SELECT template_type_code  
FROM templates  
WHERE template_type_code NOT IN  
  (SELECT template_type_code  
   FROM documents  
  WHERE document_id IS NULL)  
LIMIT 1;"
cre_Doc_Template_Mgt,Show all template type codes and descriptions.,"SELECT template_type_code ,  template_type_description FROM Ref_template_types","SELECT template_type_code, template_type_description FROM ref_template_types;"
cre_Doc_Template_Mgt,What are the type codes and descriptions for all template types?,"SELECT template_type_code ,  template_type_description FROM Ref_template_types","SELECT template_type_code, template_type_description FROM ref_template_types;"
cre_Doc_Template_Mgt,"What is the template type descriptions for template type code ""AD"".","SELECT template_type_description FROM Ref_template_types WHERE template_type_code  =  ""AD""",SELECT template_type_description FROM ref_template_types WHERE template_type_code = 'AD';
cre_Doc_Template_Mgt,Return the template type description of the template type with the code AD.,"SELECT template_type_description FROM Ref_template_types WHERE template_type_code  =  ""AD""",SELECT ref_template_types.template_type_description FROM ref_template_types WHERE ref_template_types.template_type_code = 'AD';
cre_Doc_Template_Mgt,"What is the template type code for template type description ""Book"".","SELECT template_type_code FROM Ref_template_types WHERE template_type_description  =  ""Book""",SELECT template_type_code FROM ref_template_types WHERE template_type_description = 'Book';
cre_Doc_Template_Mgt,"Return the type code of the template type with the description ""Book"".","SELECT template_type_code FROM Ref_template_types WHERE template_type_description  =  ""Book""","SELECT templates.template_type_code 
FROM templates 
WHERE templates.template_type_description = 'Book';"
cre_Doc_Template_Mgt,What are the distinct template type descriptions for the templates ever used by any document?,SELECT DISTINCT T1.template_type_description FROM Ref_template_types AS T1 JOIN Templates AS T2 ON T1.template_type_code  = T2.template_type_code JOIN Documents AS T3 ON T2.Template_ID  =  T3.template_ID,"SELECT DISTINCT templates.template_type_description
FROM templates
JOIN documents ON templates.template_type_code = documents.template_id;"
cre_Doc_Template_Mgt,Return the different descriptions for templates that have been used in a document.,SELECT DISTINCT T1.template_type_description FROM Ref_template_types AS T1 JOIN Templates AS T2 ON T1.template_type_code  = T2.template_type_code JOIN Documents AS T3 ON T2.Template_ID  =  T3.template_ID,SELECT template_type_description FROM templates JOIN documents ON templates.template_type_code = documents.template_id LIMIT 10;
cre_Doc_Template_Mgt,"What are the template ids with template type description ""Presentation"".","SELECT T2.template_id FROM Ref_template_types AS T1 JOIN Templates AS T2 ON T1.template_type_code  = T2.template_type_code WHERE T1.template_type_description  =  ""Presentation""",SELECT template_id FROM templates WHERE template_type_description = 'Presentation';
cre_Doc_Template_Mgt,Return the ids corresponding to templates with the description 'Presentation'.,"SELECT T2.template_id FROM Ref_template_types AS T1 JOIN Templates AS T2 ON T1.template_type_code  = T2.template_type_code WHERE T1.template_type_description  =  ""Presentation""",SELECT template_id FROM templates WHERE template_type_description = 'Presentation';
cre_Doc_Template_Mgt,How many paragraphs in total?,SELECT count(*) FROM Paragraphs,SELECT COUNT(*) FROM paragraphs;
cre_Doc_Template_Mgt,Count the number of paragraphs.,SELECT count(*) FROM Paragraphs,SELECT COUNT(*) FROM paragraphs;
cre_Doc_Template_Mgt,How many paragraphs for the document with name 'Summer Show'?,SELECT count(*) FROM Paragraphs AS T1 JOIN Documents AS T2 ON T1.document_ID  =  T2.document_ID WHERE T2.document_name  =  'Summer Show',SELECT COUNT(*) FROM paragraphs WHERE documents.document_name = 'Summer Show';
cre_Doc_Template_Mgt,Count the number of paragraphs in the document named 'Summer Show'.,SELECT count(*) FROM Paragraphs AS T1 JOIN Documents AS T2 ON T1.document_ID  =  T2.document_ID WHERE T2.document_name  =  'Summer Show',"SELECT COUNT(*) 
FROM paragraphs 
WHERE document_id IN 
  (SELECT document_id 
   FROM documents 
   WHERE document_name = 'Summer Show') 
LIMIT 1;"
cre_Doc_Template_Mgt,Show paragraph details for paragraph with text 'Korea ' .,select other_details from paragraphs where paragraph_text like 'korea',"SELECT paragraph_text, other_details FROM paragraphs WHERE paragraph_text = 'Korea';"
cre_Doc_Template_Mgt,What are the details for the paragraph that includes the text 'Korea ' ?,select other_details from paragraphs where paragraph_text like 'korea',"SELECT p.paragraph_id, p.paragraph_text, p.other_details  
FROM paragraphs p  
JOIN documents d ON p.document_id = d.document_id  
WHERE d.document_name = 'Korea';"
cre_Doc_Template_Mgt,Show all paragraph ids and texts for the document with name 'Welcome to NY'.,"SELECT T1.paragraph_id ,   T1.paragraph_text FROM Paragraphs AS T1 JOIN Documents AS T2 ON T1.document_id  =  T2.document_id WHERE T2.Document_Name  =  'Welcome to NY'","SELECT paragraphs.paragraph_id, paragraphs.paragraph_text FROM paragraphs JOIN documents ON paragraphs.document_id = documents.document_id WHERE documents.document_name = 'Welcome to NY';"
cre_Doc_Template_Mgt,What are the ids and texts of paragraphs in the document titled 'Welcome to NY'?,"SELECT T1.paragraph_id ,   T1.paragraph_text FROM Paragraphs AS T1 JOIN Documents AS T2 ON T1.document_id  =  T2.document_id WHERE T2.Document_Name  =  'Welcome to NY'","SELECT paragraphs.paragraph_id, paragraphs.paragraph_text  
FROM paragraphs  
JOIN documents ON paragraphs.document_id = documents.document_id  
WHERE documents.document_name = 'Welcome to NY';"
cre_Doc_Template_Mgt,"Show all paragraph texts for the document ""Customer reviews"".","SELECT T1.paragraph_text FROM Paragraphs AS T1 JOIN Documents AS T2 ON T1.document_id  =  T2.document_id WHERE T2.document_name  =  ""Customer reviews""",SELECT paragraphs.paragraph_text FROM paragraphs JOIN documents ON paragraphs.document_id = documents.document_id WHERE documents.document_name = 'Customer reviews' LIMIT 1000;
cre_Doc_Template_Mgt,What are the paragraph texts for the document with the name 'Customer reviews'?,"SELECT T1.paragraph_text FROM Paragraphs AS T1 JOIN Documents AS T2 ON T1.document_id  =  T2.document_id WHERE T2.document_name  =  ""Customer reviews""","SELECT paragraphs.paragraph_text  
FROM paragraphs  
JOIN documents ON paragraphs.document_id = documents.document_id  
WHERE documents.document_name = 'Customer reviews';"
cre_Doc_Template_Mgt,Show all document ids and the number of paragraphs in each document. Order by document id.,"SELECT document_id ,  count(*) FROM Paragraphs GROUP BY document_id ORDER BY document_id","SELECT d.document_id, COUNT(p.paragraph_id) AS paragraph_count
FROM documents d
JOIN paragraphs p ON d.document_id = p.document_id
GROUP BY d.document_id
ORDER BY d.document_id;"
cre_Doc_Template_Mgt,"Return the different document ids along with the number of paragraphs corresponding to each, ordered by id.","SELECT document_id ,  count(*) FROM Paragraphs GROUP BY document_id ORDER BY document_id","SELECT document_id, COUNT(*) AS paragraph_count  
FROM documents  
JOIN paragraphs ON documents.document_id = paragraphs.document_id  
GROUP BY document_id  
ORDER BY document_id;"
cre_Doc_Template_Mgt,"Show all document ids, names and the number of paragraphs in each document.","SELECT T1.document_id ,  T2.document_name ,  count(*) FROM Paragraphs AS T1 JOIN Documents AS T2 ON T1.document_id  =  T2.document_id GROUP BY T1.document_id","SELECT document_id, document_name, COUNT(*) AS paragraph_count  
FROM documents  
GROUP BY document_id, document_name  
ORDER BY document_id, document_name;"
cre_Doc_Template_Mgt,"What are the ids and names of each document, as well as the number of paragraphs in each?","SELECT T1.document_id ,  T2.document_name ,  count(*) FROM Paragraphs AS T1 JOIN Documents AS T2 ON T1.document_id  =  T2.document_id GROUP BY T1.document_id","SELECT d.document_id, d.document_name, COUNT(p.paragraph_id) AS num_paragraphs  
FROM documents d  
JOIN paragraphs p ON d.document_id = p.document_id  
GROUP BY d.document_id, d.document_name;"
cre_Doc_Template_Mgt,List all document ids with at least two paragraphs.,SELECT document_id FROM Paragraphs GROUP BY document_id HAVING count(*)  >=  2,SELECT document_id FROM documents INNER JOIN paragraphs ON documents.document_id = paragraphs.document_id GROUP BY document_id HAVING COUNT(*) >= 2;
cre_Doc_Template_Mgt,What are the ids of documents that have 2 or more paragraphs?,SELECT document_id FROM Paragraphs GROUP BY document_id HAVING count(*)  >=  2,"SELECT d.document_id  
FROM documents d  
JOIN paragraphs p ON d.document_id = p.document_id  
WHERE COUNT(p.paragraph_id) >= 2;"
cre_Doc_Template_Mgt,What is the document id and name with greatest number of paragraphs?,"SELECT T1.document_id ,  T2.document_name FROM Paragraphs AS T1 JOIN Documents AS T2 ON T1.document_id  =  T2.document_id GROUP BY T1.document_id ORDER BY count(*) DESC LIMIT 1","SELECT documents.document_id, documents.name  
FROM documents  
JOIN paragraphs ON documents.document_id = paragraphs.document_id  
GROUP BY documents.document_id, documents.name  
HAVING COUNT(paragraphs.paragraph_id) = (SELECT MAX(COUNT(paragraphs.paragraph_id)) FROM paragraphs GROUP BY documents.document_id, documents.name);"
cre_Doc_Template_Mgt,Return the id and name of the document with the most paragraphs.,"SELECT T1.document_id ,  T2.document_name FROM Paragraphs AS T1 JOIN Documents AS T2 ON T1.document_id  =  T2.document_id GROUP BY T1.document_id ORDER BY count(*) DESC LIMIT 1","SELECT d.document_id, d.document_name  
FROM documents d  
JOIN paragraphs p ON d.document_id = p.document_id  
GROUP BY d.document_id  
ORDER BY COUNT(p.paragraph_id) DESC  
LIMIT 1;"
cre_Doc_Template_Mgt,What is the document id with least number of paragraphs?,SELECT document_id FROM Paragraphs GROUP BY document_id ORDER BY count(*) ASC LIMIT 1,"SELECT document_id, COUNT(*) AS paragraph_count  
FROM paragraphs  
GROUP BY document_id  
ORDER BY COUNT(*) ASC  
LIMIT 1;"
cre_Doc_Template_Mgt,Return the id of the document with the fewest paragraphs.,SELECT document_id FROM Paragraphs GROUP BY document_id ORDER BY count(*) ASC LIMIT 1,"SELECT d.document_id  
FROM documents d  
JOIN paragraphs p ON d.document_id = p.document_id  
GROUP BY d.document_id  
HAVING COUNT(p.paragraph_id) = (SELECT MIN(COUNT(p.paragraph_id)) FROM paragraphs p GROUP BY p.document_id);"
cre_Doc_Template_Mgt,What is the document id with 1 to 2 paragraphs?,SELECT document_id FROM Paragraphs GROUP BY document_id HAVING count(*) BETWEEN 1 AND 2,"SELECT document_id  
FROM documents  
JOIN paragraphs ON documents.document_id = paragraphs.document_id  
WHERE COUNT(*) BETWEEN 1 AND 2;"
cre_Doc_Template_Mgt,Give the ids of documents that have between one and two paragraphs.,SELECT document_id FROM Paragraphs GROUP BY document_id HAVING count(*) BETWEEN 1 AND 2,"SELECT d.document_id  
FROM documents d  
JOIN paragraphs p ON d.document_id = p.document_id  
WHERE (SELECT COUNT(*) FROM paragraphs p WHERE d.document_id = p.document_id) >= 1 AND (SELECT COUNT(*) FROM paragraphs p WHERE d.document_id = p.document_id) <= 2;"
cre_Doc_Template_Mgt,Show the document id with paragraph text 'Brazil' and 'Ireland'.,SELECT document_id FROM Paragraphs WHERE paragraph_text  =  'Brazil' INTERSECT SELECT document_id FROM Paragraphs WHERE paragraph_text  =  'Ireland',"SELECT documents.document_id  
FROM documents  
JOIN paragraphs ON documents.document_id = paragraphs.document_id  
WHERE paragraphs.paragraph_text LIKE '%Brazil%' AND paragraphs.paragraph_text LIKE '%Ireland%';"
cre_Doc_Template_Mgt,What are the ids of documents that contain the paragraph text 'Brazil' and 'Ireland'?,SELECT document_id FROM Paragraphs WHERE paragraph_text  =  'Brazil' INTERSECT SELECT document_id FROM Paragraphs WHERE paragraph_text  =  'Ireland',"SELECT document_id FROM documents WHERE document_id IN (SELECT document_id FROM paragraphs WHERE paragraph_text IN ('Brazil', 'Ireland')) LIMIT 1;"
course_teach,How many teachers are there?,SELECT count(*) FROM teacher,SELECT COUNT(*) FROM teacher;
course_teach,What is the total count of teachers?,SELECT count(*) FROM teacher,SELECT COUNT(*) FROM teacher;
course_teach,List the names of teachers in ascending order of age.,SELECT Name FROM teacher ORDER BY Age ASC,SELECT name FROM teacher ORDER BY age;
course_teach,What are the names of the teachers ordered by ascending age?,SELECT Name FROM teacher ORDER BY Age ASC,SELECT name FROM teacher ORDER BY age;
course_teach,What are the age and hometown of teachers?,"SELECT Age ,  Hometown FROM teacher","SELECT age, hometown FROM teacher; LIMIT 10;"
course_teach,What is the age and hometown of every teacher?,"SELECT Age ,  Hometown FROM teacher","SELECT name, age, hometown FROM teacher;"
course_teach,List the name of teachers whose hometown is not `` Little Lever Urban District '' .,"select name from teacher where hometown != ""little lever urban district""",SELECT name FROM teacher WHERE hometown NOT LIKE '%Little Lever Urban District%';
course_teach,What are the names of the teachers whose hometown is not `` Little Lever Urban District '' ?,"select name from teacher where hometown != ""little lever urban district""",SELECT name FROM teacher WHERE hometown != 'Little Lever Urban District';
course_teach,Show the name of teachers aged either 32 or 33?,SELECT Name FROM teacher WHERE Age  =  32 OR Age  =  33,"SELECT name FROM teacher WHERE age IN (32, 33) LIMIT 1;"
course_teach,What are the names of the teachers who are aged either 32 or 33?,SELECT Name FROM teacher WHERE Age  =  32 OR Age  =  33,"SELECT name 
FROM teacher 
WHERE age = 32 OR age = 33;"
course_teach,What is the hometown of the youngest teacher?,SELECT Hometown FROM teacher ORDER BY Age ASC LIMIT 1,SELECT teacher.hometown FROM teacher WHERE teacher.age = (SELECT MIN(teacher.age) FROM teacher);
course_teach,Where is the youngest teacher from?,SELECT Hometown FROM teacher ORDER BY Age ASC LIMIT 1,"SELECT teacher.hometown  
FROM teacher  
WHERE age = (  
    SELECT MIN(teacher.age)  
    FROM teacher  
)  
LIMIT 1;"
course_teach,Show different hometown of teachers and the number of teachers from each hometown.,"SELECT Hometown ,  COUNT(*) FROM teacher GROUP BY Hometown","SELECT COUNT(*) AS num, hometown FROM teacher GROUP BY hometown;"
course_teach,"For each hometown, how many teachers are there?","SELECT Hometown ,  COUNT(*) FROM teacher GROUP BY Hometown","SELECT teacher.hometown, COUNT(*) AS num_teachers  
FROM course_arrange  
JOIN teacher ON course_arrange.teacher_id = teacher.teacher_id  
GROUP BY teacher.hometown;"
course_teach,List the most common hometown of teachers.,SELECT Hometown FROM teacher GROUP BY Hometown ORDER BY COUNT(*) DESC LIMIT 1,"SELECT teacher.hometown, COUNT(*) AS common_hometown  
FROM course_arrange  
JOIN teacher ON course_arrange.teacher_id = teacher.teacher_id  
GROUP BY teacher.hometown  
ORDER BY COUNT(*) DESC  
LIMIT 1;"
course_teach,What is the most commmon hometowns for teachers?,SELECT Hometown FROM teacher GROUP BY Hometown ORDER BY COUNT(*) DESC LIMIT 1,SELECT COUNT(*) AS most_common FROM teacher GROUP BY hometown ORDER BY COUNT(*) DESC LIMIT 1;
course_teach,Show the hometowns shared by at least two teachers.,SELECT Hometown FROM teacher GROUP BY Hometown HAVING COUNT(*)  >=  2,"SELECT h
FROM teacher
WHERE h IN (SELECT h FROM teacher GROUP BY h HAVING COUNT(*) >= 2);"
course_teach,What are the towns from which at least two teachers come from?,SELECT Hometown FROM teacher GROUP BY Hometown HAVING COUNT(*)  >=  2,"SELECT teacher.hometown 
FROM course_arrange 
JOIN teacher ON course_arrange.teacher_id = teacher.teacher_id 
GROUP BY teacher.hometown 
HAVING COUNT(*) >= 2;"
course_teach,Show names of teachers and the courses they are arranged to teach.,"SELECT T3.Name ,  T2.Course FROM course_arrange AS T1 JOIN course AS T2 ON T1.Course_ID  =  T2.Course_ID JOIN teacher AS T3 ON T1.Teacher_ID  =  T3.Teacher_ID","SELECT teacher.name, course.course 
FROM course_arrange 
JOIN course ON course_arrange.course_id = course.course_id 
JOIN teacher ON course_arrange.teacher_id = teacher.teacher_id;"
course_teach,What is the name of each teacher and what course they teach?,"SELECT T3.Name ,  T2.Course FROM course_arrange AS T1 JOIN course AS T2 ON T1.Course_ID  =  T2.Course_ID JOIN teacher AS T3 ON T1.Teacher_ID  =  T3.Teacher_ID","SELECT teacher.name, course.course 
FROM course 
JOIN course_arrange ON course.course_id = course_arrange.course_id 
JOIN teacher ON course_arrange.teacher_id = teacher.teacher_id;"
course_teach,Show names of teachers and the courses they are arranged to teach in ascending alphabetical order of the teacher's name.,"SELECT T3.Name ,  T2.Course FROM course_arrange AS T1 JOIN course AS T2 ON T1.Course_ID  =  T2.Course_ID JOIN teacher AS T3 ON T1.Teacher_ID  =  T3.Teacher_ID ORDER BY T3.Name","SELECT teacher.name, course.course  
FROM course_arrange  
JOIN teacher ON course_arrange.teacher_id = teacher.teacher_id  
ORDER BY teacher.name ASC  
LIMIT 10;"
course_teach,What are the names of the teachers and the courses they teach in ascending alphabetical order by the name of the teacher?,"SELECT T3.Name ,  T2.Course FROM course_arrange AS T1 JOIN course AS T2 ON T1.Course_ID  =  T2.Course_ID JOIN teacher AS T3 ON T1.Teacher_ID  =  T3.Teacher_ID ORDER BY T3.Name","SELECT teacher.name, course.name FROM course_arrange JOIN course ON course_arrange.course_id = course.course_id ORDER BY teacher.name ASC LIMIT 10;"
course_teach,Show the name of the teacher for the math course.,"SELECT T3.Name FROM course_arrange AS T1 JOIN course AS T2 ON T1.Course_ID  =  T2.Course_ID JOIN teacher AS T3 ON T1.Teacher_ID  =  T3.Teacher_ID WHERE T2.Course  =  ""Math""","SELECT course_arrange.teacher.name  
FROM course_arrange  
JOIN course ON course_arrange.course_id = course.course  
WHERE course.course = 'math';"
course_teach,What are the names of the people who teach math courses?,"SELECT T3.Name FROM course_arrange AS T1 JOIN course AS T2 ON T1.Course_ID  =  T2.Course_ID JOIN teacher AS T3 ON T1.Teacher_ID  =  T3.Teacher_ID WHERE T2.Course  =  ""Math""","SELECT teacher.name  
FROM teacher  
JOIN course ON course.course_id = teacher.teacher_id  
WHERE course.course = 'math';"
course_teach,Show names of teachers and the number of courses they teach.,"SELECT T2.Name ,  COUNT(*) FROM course_arrange AS T1 JOIN teacher AS T2 ON T1.Teacher_ID  =  T2.Teacher_ID GROUP BY T2.Name","SELECT teacher.name, COUNT(*) AS course_count  
FROM course_arrange  
JOIN teacher ON course_arrange.teacher_id = teacher.teacher_id  
GROUP BY teacher.teacher_id;"
course_teach,What are the names of the teachers and how many courses do they teach?,"SELECT T2.Name ,  COUNT(*) FROM course_arrange AS T1 JOIN teacher AS T2 ON T1.Teacher_ID  =  T2.Teacher_ID GROUP BY T2.Name","SELECT name, COUNT(*) AS number_of_courses  
FROM teacher  
JOIN course_arrange ON teacher.teacher_id = course_arrange.teacher_id  
GROUP BY teacher_id;"
course_teach,Show names of teachers that teach at least two courses.,SELECT T2.Name FROM course_arrange AS T1 JOIN teacher AS T2 ON T1.Teacher_ID  =  T2.Teacher_ID GROUP BY T2.Name HAVING COUNT(*)  >=  2,"SELECT t.name  
FROM course_arrange ca  
JOIN course c ON ca.course_id = c.course_id  
GROUP BY ca.teacher_id  
HAVING COUNT(ca.teacher_id) >= 2;"
course_teach,What are the names of the teachers who teach at least two courses?,SELECT T2.Name FROM course_arrange AS T1 JOIN teacher AS T2 ON T1.Teacher_ID  =  T2.Teacher_ID GROUP BY T2.Name HAVING COUNT(*)  >=  2,"SELECT t.name  
FROM course c  
JOIN course_arrange ca ON c.course_id = ca.course_id  
JOIN teacher t ON ca.teacher_id = t.teacher_id  
WHERE ca.grade >= 2;"
course_teach,List the names of teachers who have not been arranged to teach courses.,SELECT Name FROM teacher WHERE Teacher_id NOT IN (SELECT Teacher_id FROM course_arrange),SELECT name FROM teacher WHERE teacher_id NOT IN (SELECT teacher_id FROM course_arrange);
course_teach,What are the names of the teachers whose courses have not been arranged?,SELECT Name FROM teacher WHERE Teacher_id NOT IN (SELECT Teacher_id FROM course_arrange),SELECT name FROM teacher WHERE teacher_id IN (SELECT teacher_id FROM course_arrange WHERE course_id NOT IN (SELECT course_id FROM course));
museum_visit,How many visitors below age 30 are there?,SELECT count(*) FROM visitor WHERE age  <  30,SELECT COUNT(*) FROM visitor WHERE age < 30;
museum_visit,"Find the names of the visitors whose membership level is higher than 4, and order the results by the level from high to low.",SELECT name FROM visitor WHERE Level_of_membership  >  4 ORDER BY Level_of_membership DESC,SELECT name FROM visitor WHERE level_of_membership > 4 ORDER BY level_of_membership DESC;
museum_visit,What is the average age of the visitors whose membership level is not higher than 4?,SELECT avg(age) FROM visitor WHERE Level_of_membership  <=  4,SELECT AVG(visitor.age) FROM visitor WHERE visitor.level_of_membership <= 4;
museum_visit,"Find the name and membership level of the visitors whose membership level is higher than 4, and sort by their age from old to young.","SELECT name ,  Level_of_membership FROM visitor WHERE Level_of_membership  >  4 ORDER BY age DESC","SELECT name, level_of_membership FROM visitor WHERE level_of_membership > 4 ORDER BY age ASC LIMIT 10;"
museum_visit,Find the id and name of the museum that has the most staff members?,"SELECT museum_id ,  name FROM museum ORDER BY num_of_staff DESC LIMIT 1","SELECT museum_id, name  
FROM museum  
ORDER BY num_of_staff DESC  
LIMIT 1;"
museum_visit,Find the average number of staff working for the museums that were open before 2009.,SELECT avg(num_of_staff) FROM museum WHERE open_year  <  2009,SELECT AVG(num_of_staff) FROM museum WHERE open_year < '2009';
museum_visit,What are the opening year and staff number of the museum named Plaza Museum?,"SELECT Num_of_Staff ,  Open_Year FROM museum WHERE name  =  'Plaza Museum'","SELECT open_year, num_of_staff FROM museum WHERE name = 'Plaza Museum';"
museum_visit,find the names of museums which have more staff than the minimum staff number of all museums opened after 2010.,SELECT name FROM museum WHERE num_of_staff  >  (SELECT min(num_of_staff) FROM museum WHERE open_year  >  2010),"SELECT name  
FROM museum  
WHERE num_of_staff > (  
    SELECT num_of_staff  
    FROM museum  
    WHERE open_year >= '2010'  
    ORDER BY num_of_staff ASC  
    LIMIT 1  
)  
ORDER BY name;"
museum_visit,"find the id, name and age for visitors who visited some museums more than once.","SELECT t1.id ,  t1.name ,  t1.age FROM visitor AS t1 JOIN visit AS t2 ON t1.id  =  t2.visitor_id GROUP BY t1.id HAVING count(*)  >  1","SELECT v.id, v.name, v.age  
FROM visitor v  
JOIN visit t ON v.id = t.visitor_id  
GROUP BY v.id, v.name, v.age  
HAVING COUNT(*) > 1;"
museum_visit,"What are the id, name and membership level of visitors who have spent the largest amount of money in total in all museum tickets?","SELECT t2.visitor_id ,  t1.name ,  t1.Level_of_membership FROM visitor AS t1 JOIN visit AS t2 ON t1.id  =  t2.visitor_id GROUP BY t2.visitor_id ORDER BY sum(t2.Total_spent) DESC LIMIT 1","SELECT v.id, v.name, v.level_of_membership
FROM visitor v
JOIN visit w ON v.id = w.visitor_id
WHERE w.total_spent = (
    SELECT MAX(total_spent) FROM visit
);"
museum_visit,What are the id and name of the museum visited most times?,"SELECT t2.Museum_ID ,  t1.name FROM museum AS t1 JOIN visit AS t2 ON t1.Museum_ID  =  t2.Museum_ID GROUP BY t2.Museum_ID ORDER BY count(*) DESC LIMIT 1","SELECT museum_id, name  
FROM visit  
JOIN museum ON visit.museum_id = museum.museum_id  
GROUP BY museum_id  
ORDER BY COUNT(visit.visitor_id) DESC  
LIMIT 1;"
museum_visit,What is the name of the museum that had no visitor yet?,SELECT name FROM museum WHERE Museum_ID NOT IN (SELECT museum_id FROM visit),"SELECT m.name  
FROM museum m  
WHERE m.museum_id IN  
  (  
    SELECT m.museum_id  
    FROM visit v  
    WHERE v.num_of_ticket = 0  
  )  
LIMIT 1;"
museum_visit,Find the name and age of the visitor who bought the most tickets at once.,"SELECT t1.name ,  t1.age FROM visitor AS t1 JOIN visit AS t2 ON t1.id  =  t2.visitor_id ORDER BY t2.num_of_ticket DESC LIMIT 1","SELECT v.name, v.age  
FROM visitor v  
JOIN visit t ON v.id = t.visitor_id  
WHERE t.num_of_ticket = (SELECT MAX(num_of_ticket) FROM visit);"
museum_visit,What are the average and maximum number of tickets bought in all visits?,"SELECT avg(num_of_ticket) ,  max(num_of_ticket) FROM visit","SELECT 
    SUM(visit.num_of_ticket) / COUNT(visit.museum_id) AS average,
    MAX(visit.num_of_ticket) AS max_tickets
FROM visit;"
museum_visit,What is the total ticket expense of the visitors whose membership level is 1?,SELECT sum(t2.Total_spent) FROM visitor AS t1 JOIN visit AS t2 ON t1.id  =  t2.visitor_id WHERE t1.Level_of_membership  =  1,SELECT SUM(visit.total_spent) FROM visit JOIN visitor ON visit.visitor_id = visitor.id WHERE visitor.level_of_membership = 1;
museum_visit,What is the name of the visitor who visited both a museum opened before 2009 and a museum opened after 2011?,SELECT t1.name FROM visitor AS t1 JOIN visit AS t2 ON t1.id  =  t2.visitor_id JOIN museum AS t3 ON t3.Museum_ID  =  t2.Museum_ID WHERE t3.open_year  <  2009 INTERSECT SELECT t1.name FROM visitor AS t1 JOIN visit AS t2 ON t1.id  =  t2.visitor_id JOIN museum AS t3 ON t3.Museum_ID  =  t2.Museum_ID WHERE t3.open_year  >  2011,"SELECT v.name  
FROM visit v  
JOIN visit m ON v.museum_id = m.museum_id  
WHERE m.open_year < '2009' AND m.open_year > '2011';"
museum_visit,Find the number of visitors who did not visit any museum opened after 2010.,SELECT count(*) FROM visitor WHERE id NOT IN (SELECT t2.visitor_id FROM museum AS t1 JOIN visit AS t2 ON t1.Museum_ID  =  t2.Museum_ID WHERE t1.open_year  >  2010),"SELECT COUNT(visitor.id) AS total_visitors  
FROM visitor  
WHERE visitor.id NOT IN  
   (  
      SELECT visit.visitor_id  
      FROM visit  
      WHERE visit.museum_id IN  
         (  
             SELECT museum_id  
             FROM museum  
             WHERE open_year > 2010  
         )  
   )  
LIMIT 1;"
museum_visit,How many museums were opened after 2013 or before 2008?,SELECT count(*) FROM museum WHERE open_year  >  2013 OR open_year  <  2008,SELECT COUNT(*) FROM museum WHERE open_year >= 2013 OR open_year <= 2008;
wta_1,Find the total number of players.,SELECT count(*) FROM players,SELECT COUNT(*) FROM players;
wta_1,How many players are there?,SELECT count(*) FROM players,SELECT COUNT(*) FROM players;
wta_1,Find the total number of matches.,SELECT count(*) FROM matches,SELECT COUNT(*) FROM matches;
wta_1,Count the number of matches.,SELECT count(*) FROM matches,SELECT COUNT(*) FROM matches;
wta_1,List the first name and birth date of all players from the country with code USA.,"SELECT first_name ,  birth_date FROM players WHERE country_code  =  'USA'","SELECT first_name, birth_date FROM players WHERE country_code = 'USA';"
wta_1,What are the first names and birth dates of players from the USA?,"SELECT first_name ,  birth_date FROM players WHERE country_code  =  'USA'","SELECT first_name, birth_date FROM players WHERE country_code = 'USA';"
wta_1,Find the average age of losers and winners of all matches.,"SELECT avg(loser_age) ,  avg(winner_age) FROM matches","SELECT AVG(matches.loser_age) AS average_loser_age, AVG(matches.winner_age) AS average_winner_age FROM matches;"
wta_1,What are the average ages of losers and winners across matches?,"SELECT avg(loser_age) ,  avg(winner_age) FROM matches","SELECT AVG(loser_age) AS loser_avg_age, AVG(winner_age) AS winner_avg_age FROM matches;"
wta_1,Find the average rank of winners in all matches.,SELECT avg(winner_rank) FROM matches,"SELECT AVG(rankings.ranking) AS average_rank
FROM rankings
JOIN matches ON rankings.player_id = matches.loser_id;"
wta_1,What is the average rank for winners in all matches?,SELECT avg(winner_rank) FROM matches,"SELECT AVG(rankings.ranking) AS average_rank
FROM rankings
INNER JOIN matches
ON rankings.player_id = matches.loser_id;"
wta_1,Find the highest rank of losers in all matches.,SELECT min(loser_rank) FROM matches,"SELECT MAX(rankings.ranking) AS highest_rank
FROM rankings
JOIN matches ON rankings.player_id = matches.loser_id;"
wta_1,What is the best rank of losers across all matches?,SELECT min(loser_rank) FROM matches,"SELECT p.first_name, p.last_name, p.hand  
FROM players p  
JOIN matches m ON m.loser_id = p.player_id  
JOIN rankings r ON r.player_id = p.player_id  
WHERE m.loser_id IN (SELECT r.player_id  
FROM rankings r  
ORDER BY r.ranking_points DESC  
LIMIT 1);"
wta_1,find the number of distinct country codes of all players.,SELECT count(DISTINCT country_code) FROM players,SELECT COUNT(DISTINCT country_code) FROM players;
wta_1,How many distinct countries do players come from?,SELECT count(DISTINCT country_code) FROM players,SELECT COUNT(DISTINCT country_code) FROM players;
wta_1,Find the number of distinct name of losers.,SELECT count(DISTINCT loser_name) FROM matches,SELECT COUNT(DISTINCT loser_name) FROM matches;
wta_1,How many different loser names are there?,SELECT count(DISTINCT loser_name) FROM matches,SELECT COUNT(DISTINCT loser_name) FROM matches;
wta_1,Find the name of tourney that has more than 10 matches.,SELECT tourney_name FROM matches GROUP BY tourney_name HAVING count(*)  >  10,"SELECT r.tourney_name
FROM matches
JOIN rankings ON matches.tourney_id = rankings.tourney_id
WHERE r.ranking_points > 10;"
wta_1,What are the names of tournaments that have more than 10 matches?,SELECT tourney_name FROM matches GROUP BY tourney_name HAVING count(*)  >  10,"SELECT tournament_name  
FROM matches  
GROUP BY tourney_name  
HAVING COUNT(*) > 10;"
wta_1,List the names of all winners who played in both 2013 and 2016.,SELECT winner_name FROM matches WHERE YEAR  =  2013 INTERSECT SELECT winner_name FROM matches WHERE YEAR  =  2016,"SELECT p.first_name, p.last_name  
FROM matches  
JOIN rankings ON matches.winner_id = rankings.player_id  
WHERE matches.year IN (2013, 2016);"
wta_1,What are the names of players who won in both 2013 and 2016?,SELECT winner_name FROM matches WHERE YEAR  =  2013 INTERSECT SELECT winner_name FROM matches WHERE YEAR  =  2016,"SELECT p.first_name, p.last_name
FROM players p
JOIN matches m ON p.player_id = m.loser_id
WHERE m.year IN (2013, 2016);"
wta_1,List the number of all matches who played in years of 2013 or 2016.,SELECT count(*) FROM matches WHERE YEAR  =  2013 OR YEAR  =  2016,"SELECT COUNT(*) FROM matches WHERE year IN (2013, 2016);"
wta_1,How many matches were played in 2013 or 2016?,SELECT count(*) FROM matches WHERE YEAR  =  2013 OR YEAR  =  2016,"SELECT COUNT(*) FROM matches WHERE year IN (2013, 2016) LIMIT 1;"
wta_1,What are the country code and first name of the players who won in both tourney WTA Championships and Australian Open?,"SELECT T1.country_code ,  T1.first_name FROM players AS T1 JOIN matches AS T2 ON T1.player_id  =  T2.winner_id WHERE T2.tourney_name  =  'WTA Championships' INTERSECT SELECT T1.country_code ,  T1.first_name FROM players AS T1 JOIN matches AS T2 ON T1.player_id  =  T2.winner_id WHERE T2.tourney_name  =  'Australian Open'","SELECT p.first_name, p.country_code  
FROM players p  
JOIN matches m ON m.winner_id = p.player_id  
JOIN rankings r ON r.player_id = p.player_id  
WHERE m.tournament IN ('WTA Championships', 'Australian Open');"
wta_1,What are the first names and country codes for players who won both the WTA Championships and the Australian Open?,"SELECT T1.country_code ,  T1.first_name FROM players AS T1 JOIN matches AS T2 ON T1.player_id  =  T2.winner_id WHERE T2.tourney_name  =  'WTA Championships' INTERSECT SELECT T1.country_code ,  T1.first_name FROM players AS T1 JOIN matches AS T2 ON T1.player_id  =  T2.winner_id WHERE T2.tourney_name  =  'Australian Open'","SELECT players.first_name, players.country_code  
FROM players  
JOIN matches ON players.player_id = matches.loser_id  
WHERE matches.WTA Championships = 'WTA Championships' AND matches.Australian Open = 'Australian Open';"
wta_1,Find the first name and country code of the oldest player.,"SELECT first_name ,  country_code FROM players ORDER BY birth_date LIMIT 1","SELECT players.first_name, players.country_code
FROM players
WHERE players.player_id = (
    SELECT rankings.player_id
    FROM rankings
    WHERE rankings.winner_age = (SELECT MAX(rankings.winner_age) FROM rankings)
);"
wta_1,What is the first name and country code of the oldest player?,"SELECT first_name ,  country_code FROM players ORDER BY birth_date LIMIT 1","SELECT first_name, country_code FROM players WHERE birth_date = (SELECT MAX(birth_date) FROM players) LIMIT 1;"
wta_1,List the first and last name of all players in the order of birth date.,"SELECT first_name ,  last_name FROM players ORDER BY birth_date","SELECT first_name, last_name FROM players ORDER BY birth_date;"
wta_1,"What are the full names of all players, sorted by birth date?","SELECT first_name ,  last_name FROM players ORDER BY birth_date","SELECT players.first_name, players.last_name FROM players ORDER BY players.birth_date;"
wta_1,List the first and last name of all players who are left / L hand in the order of birth date.,"SELECT first_name ,  last_name FROM players WHERE hand  =  'L' ORDER BY birth_date","SELECT players.first_name, players.last_name FROM players WHERE players.hand = 'left' ORDER BY players.birth_date;"
wta_1,"What are the full names of all left handed players, in order of birth date?","SELECT first_name ,  last_name FROM players WHERE hand  =  'L' ORDER BY birth_date","SELECT players.first_name, players.last_name 
FROM players 
WHERE players.hand = 'left-handed' 
ORDER BY players.birth_date ASC;"
wta_1,Find the first name and country code of the player who did the most number of tours.,"SELECT T1.country_code ,  T1.first_name FROM players AS T1 JOIN rankings AS T2 ON T1.player_id  =  T2.player_id ORDER BY T2.tours DESC LIMIT 1","SELECT p.first_name, p.country_code  
FROM players p  
INNER JOIN rankings r ON p.player_id = r.player_id  
WHERE r.tours = (SELECT MAX(r.tours) FROM rankings r)  
LIMIT 1;"
wta_1,What is the first name and country code of the player with the most tours?,"SELECT T1.country_code ,  T1.first_name FROM players AS T1 JOIN rankings AS T2 ON T1.player_id  =  T2.player_id ORDER BY T2.tours DESC LIMIT 1","SELECT players.first_name, players.country_code
FROM players
JOIN rankings ON players.player_id = rankings.player_id
WHERE players.tours = (
    SELECT MAX(tours) FROM rankings
)  
ORDER BY players.tours DESC;"
wta_1,Find the year that has the most number of matches.,SELECT YEAR FROM matches GROUP BY YEAR ORDER BY count(*) DESC LIMIT 1,SELECT MAX(year) as max_year FROM matches;
wta_1,Which year had the most matches?,SELECT YEAR FROM matches GROUP BY YEAR ORDER BY count(*) DESC LIMIT 1,SELECT year FROM matches GROUP BY year ORDER BY COUNT(*) DESC LIMIT 1;
wta_1,Find the name and rank points of the winner who won the most times.,"SELECT winner_name ,  winner_rank_points FROM matches GROUP BY winner_name ORDER BY count(*) DESC LIMIT 1","SELECT r.player_name, r.rank_points  
FROM rankings r  
JOIN matches m ON r.player_id = m.winner_id  
WHERE r.rank_points = (SELECT MAX(r.rank_points) FROM rankings r);"
wta_1,"What is the name of the winner who has won the most matches, and how many rank points does this player have?","SELECT winner_name ,  winner_rank_points FROM matches GROUP BY winner_name ORDER BY count(*) DESC LIMIT 1","SELECT r.player_name, r.rank_points
FROM matches m
JOIN rankings r ON m.player_id = r.player_id
WHERE m.best_of = (SELECT MAX(best_of) FROM matches) AND r.rank_points = (SELECT MAX(rank_points) FROM rankings);"
wta_1,Find the name of the winner who has the highest rank points and participated in the Australian Open tourney.,SELECT winner_name FROM matches WHERE tourney_name  =  'Australian Open' ORDER BY winner_rank_points DESC LIMIT 1,"SELECT p.first_name, p.last_name  
FROM players p  
JOIN matches m ON m.winner_id = p.player_id  
JOIN rankings r ON r.player_id = p.player_id  
WHERE m.tourney_id = (SELECT tourney_id FROM matches WHERE tourney_name = 'Australian Open')  
ORDER BY r.ranking_points DESC  
LIMIT 1;"
wta_1,What is the name of the winner with the most rank points who participated in the Australian Open tournament?,SELECT winner_name FROM matches WHERE tourney_name  =  'Australian Open' ORDER BY winner_rank_points DESC LIMIT 1,"SELECT r.player_name  
FROM rankings r  
JOIN matches m ON r.player_id = m.loser_id  
WHERE m.tourney_name = 'Australian Open'  
AND r.ranking_points = (SELECT MAX(r.ranking_points) FROM rankings r2 WHERE r2.tourney_name = 'Australian Open');"
wta_1,find the names of loser and winner who played in the match with greatest number of minutes.,"SELECT winner_name ,  loser_name FROM matches ORDER BY minutes DESC LIMIT 1","SELECT loser_name, winner_name  
FROM matches  
WHERE loser_id = (SELECT winner_id  
FROM matches  
ORDER BY minutes DESC  
LIMIT 1)  
OR loser_id = (SELECT winner_id  
FROM matches  
ORDER BY minutes DESC  
LIMIT 1)  
ORDER BY minutes DESC;"
wta_1,What are the names of the winner and loser who played in the longest match?,"SELECT winner_name ,  loser_name FROM matches ORDER BY minutes DESC LIMIT 1","SELECT winner_name, loser_name  
FROM matches  
WHERE  
  (winner_id = (SELECT winner_id FROM matches WHERE best_of = (SELECT MAX(best_of) FROM matches)))  
  OR (loser_id = (SELECT winner_id FROM matches WHERE best_of = (SELECT MAX(best_of) FROM matches)))  
LIMIT 1;"
wta_1,Find the average ranking for each player and their first name.,"SELECT avg(ranking) ,  T1.first_name FROM players AS T1 JOIN rankings AS T2 ON T1.player_id  =  T2.player_id GROUP BY T1.first_name","SELECT AVG(rankings.ranking) AS average_ranking, players.first_name FROM rankings JOIN players ON rankings.player_id = players.player_id GROUP BY players.first_name;"
wta_1,"What are the first names of all players, and their average rankings?","SELECT avg(ranking) ,  T1.first_name FROM players AS T1 JOIN rankings AS T2 ON T1.player_id  =  T2.player_id GROUP BY T1.first_name","SELECT first_name, AVG(rankings.ranking) AS average_rankings  
FROM players  
INNER JOIN rankings  
ON players.player_id = rankings.player_id  
GROUP BY players.player_id;"
wta_1,Find the total ranking points for each player and their first name.,"SELECT sum(ranking_points) ,  T1.first_name FROM players AS T1 JOIN rankings AS T2 ON T1.player_id  =  T2.player_id GROUP BY T1.first_name","SELECT first_name, SUM(rankings.ranking_points) AS total_ranking_points  
FROM players  
JOIN rankings ON players.player_id = rankings.player_id  
GROUP BY first_name;"
wta_1,"What are the first names of all players, and their total ranking points?","SELECT sum(ranking_points) ,  T1.first_name FROM players AS T1 JOIN rankings AS T2 ON T1.player_id  =  T2.player_id GROUP BY T1.first_name","SELECT first_name, SUM(rankings.ranking_points) AS total_ranking_points FROM players JOIN rankings ON players.player_id = rankings.player_id GROUP BY player_id;"
wta_1,find the number of players for each country.,"SELECT count(*) ,  country_code FROM players GROUP BY country_code",SELECT COUNT(*) AS player_count FROM players GROUP BY country_code;
wta_1,How many players are from each country?,"SELECT count(*) ,  country_code FROM players GROUP BY country_code",SELECT COUNT(*) AS player_count FROM players GROUP BY country_code;
wta_1,find the code of the country where has the greatest number of players.,SELECT country_code FROM players GROUP BY country_code ORDER BY count(*) DESC LIMIT 1,SELECT country_code FROM players GROUP BY country_code ORDER BY COUNT(*) DESC LIMIT 1;
wta_1,What is the code of the country with the most players?,SELECT country_code FROM players GROUP BY country_code ORDER BY count(*) DESC LIMIT 1,SELECT country_code FROM players GROUP BY country_code ORDER BY COUNT(*) DESC LIMIT 1;
wta_1,Find the codes of countries that have more than 50 players.,SELECT country_code FROM players GROUP BY country_code HAVING count(*)  >  50,SELECT country_code FROM players GROUP BY country_code HAVING COUNT(*) > 50;
wta_1,What are the codes of countries with more than 50 players?,SELECT country_code FROM players GROUP BY country_code HAVING count(*)  >  50,"SELECT country_code  
FROM players  
GROUP BY country_code  
HAVING COUNT(*) > 50;"
wta_1,Find the total number of tours for each ranking date.,"SELECT sum(tours) ,  ranking_date FROM rankings GROUP BY ranking_date",SELECT COUNT(*) AS total_tours FROM rankings GROUP BY ranking_date;
wta_1,How many total tours were there for each ranking date?,"SELECT sum(tours) ,  ranking_date FROM rankings GROUP BY ranking_date","SELECT ranking_date, SUM(tours) AS total_tours  
FROM rankings  
GROUP BY ranking_date;"
wta_1,Find the number of matches happened in each year.,"SELECT count(*) ,  YEAR FROM matches GROUP BY YEAR",SELECT COUNT(*) AS matches_per_year FROM matches GROUP BY matches.year ORDER BY matches.year;
wta_1,How many matches were played in each year?,"SELECT count(*) ,  YEAR FROM matches GROUP BY YEAR",SELECT COUNT(*) AS matches_per_year FROM matches GROUP BY year;
wta_1,Find the name and rank of the 3 youngest winners across all matches.,"SELECT DISTINCT winner_name ,  winner_rank FROM matches ORDER BY winner_age LIMIT 3","SELECT p.first_name, r.rank  
FROM players p  
JOIN matches m ON p.player_id = m.winner_id  
ORDER BY m.winner_age ASC  
LIMIT 3;"
wta_1,What are the names and ranks of the three youngest winners across all matches?,"SELECT DISTINCT winner_name ,  winner_rank FROM matches ORDER BY winner_age LIMIT 3","SELECT winner_name, winner_rank  
FROM matches  
INNER JOIN rankings ON matches.winner_id = rankings.player_id  
ORDER BY rankings.ranking_points DESC  
LIMIT 3;"
wta_1,How many different winners both participated in the WTA Championships and were left handed?,SELECT count(DISTINCT winner_name) FROM matches WHERE tourney_name  =  'WTA Championships' AND winner_hand  =  'L',"SELECT COUNT(*) 
FROM rankings
JOIN matches ON rankings.player_id = matches.loser_id
WHERE matches.tourney = 'WTA Championships' AND matches.winner_hand = 'left';"
wta_1,Find the number of left handed winners who participated in the WTA Championships.,SELECT count(DISTINCT winner_name) FROM matches WHERE tourney_name  =  'WTA Championships' AND winner_hand  =  'L',"SELECT COUNT(*) 
FROM matches
JOIN rankings ON matches.winner_id = rankings.player_id
WHERE hand = 'L' AND matches.tourney_name = 'WTA Championships';"
wta_1,"Find the first name, country code and birth date of the winner who has the highest rank points in all matches.","SELECT T1.first_name ,  T1.country_code ,  T1.birth_date FROM players AS T1 JOIN matches AS T2 ON T1.player_id  =  T2.winner_id ORDER BY T2.winner_rank_points DESC LIMIT 1","SELECT players.first_name, players.country_code, players.birth_date  
FROM players  
INNER JOIN rankings ON players.player_id = rankings.player_id  
WHERE rankings.ranking_points = (SELECT MAX(rankings.ranking_points) FROM rankings)  
ORDER BY rankings.ranking_points DESC LIMIT 1;"
wta_1,"What is the first name, country code, and birth date of the player with the most winner rank points across all matches?","SELECT T1.first_name ,  T1.country_code ,  T1.birth_date FROM players AS T1 JOIN matches AS T2 ON T1.player_id  =  T2.winner_id ORDER BY T2.winner_rank_points DESC LIMIT 1","SELECT p.first_name, p.country_code, p.birth_date
FROM players p
JOIN rankings r ON r.player_id = p.player_id
WHERE r.ranking_points = (
    SELECT MAX(r.ranking_points) FROM rankings
);"
wta_1,Find the number of players for each hand type.,"SELECT count(*) ,  hand FROM players GROUP BY hand","SELECT hand, COUNT(*) AS count  
FROM players  
GROUP BY hand;"
wta_1,How many players are there for each hand type?,"SELECT count(*) ,  hand FROM players GROUP BY hand","SELECT loser_hand, COUNT(*) AS count_per_hand  
FROM matches  
JOIN players ON matches.loser_id = players.player_id  
GROUP BY loser_hand  
ORDER BY count_per_hand DESC  
LIMIT 10;"
battle_death,How many ships ended up being 'Captured'?,SELECT count(*) FROM ship WHERE disposition_of_ship  =  'Captured',SELECT COUNT(*) FROM death WHERE disposition_of_ship = 'Captured';
battle_death,List the name and tonnage ordered by in descending alphaetical order for the names.,"SELECT name ,  tonnage FROM ship ORDER BY name DESC","SELECT name, tonnage FROM ship ORDER BY name DESC LIMIT 10;"
battle_death,"List the name, date and result of each battle.","SELECT name ,  date FROM battle","SELECT name, date, result FROM battle;"
battle_death,What is maximum and minimum death toll caused each time?,"SELECT max(killed) ,  min(killed) FROM death","SELECT MAX(killed) AS max_killed, MAX(injured) AS max_injured FROM death;  
SELECT MIN(killed) AS min_killed, MIN(injured) AS min_injured FROM death;"
battle_death,What is the average number of injuries caused each time?,SELECT avg(injured) FROM death,"SELECT SUM(death.injured) / COUNT(death.id) AS average_injuries  
FROM death  
INNER JOIN ship ON death.caused_by_ship_id = ship.id  
INNER JOIN battle ON death.caused_by_ship_id = battle.id;"
battle_death,What are the death and injury situations caused by the ship with tonnage 't'?,"SELECT T1.killed ,  T1.injured FROM death AS T1 JOIN ship AS t2 ON T1.caused_by_ship_id  =  T2.id WHERE T2.tonnage  =  't'","SELECT death.note AS injury, death.caused_by_ship_id AS ship_id  
FROM death  
JOIN ship ON death.caused_by_ship_id = ship.id  
WHERE ship.tonnage = 't';"
battle_death,What are the name and results of the battles when the bulgarian commander is not 'Boril',"SELECT name ,  RESULT FROM battle WHERE bulgarian_commander != 'Boril'","SELECT name, result FROM battle WHERE bulgarian_commander != 'Boril';"
battle_death,What are the different ids and names of the battles that lost any 'Brig' type shipes?,"SELECT DISTINCT T1.id ,  T1.name FROM battle AS T1 JOIN ship AS T2 ON T1.id  =  T2.lost_in_battle WHERE T2.ship_type  =  'Brig'","SELECT b.id, b.name
FROM battle b
JOIN ship s ON b.id = s.lost_in_battle
WHERE s.ship_type = 'Brig';"
battle_death,What are the ids and names of the battles that led to more than 10 people killed in total.,"SELECT T1.id ,  T1.name FROM battle AS T1 JOIN ship AS T2 ON T1.id  =  T2.lost_in_battle JOIN death AS T3 ON T2.id  =  T3.caused_by_ship_id GROUP BY T1.id HAVING sum(T3.killed)  >  10","SELECT b.id, b.name  
FROM battle b  
JOIN death d ON b.id = d.ship_id  
WHERE b.id IN (
    SELECT b.id  
    FROM death d  
    GROUP BY b.id  
    HAVING SUM(d.killed + d.injured) > 10
);"
battle_death,What is the ship id and name that caused most total injuries?,"SELECT T2.id ,  T2.name FROM death AS T1 JOIN ship AS t2 ON T1.caused_by_ship_id  =  T2.id GROUP BY T2.id ORDER BY count(*) DESC LIMIT 1","SELECT s.id, s.name  
FROM ship s  
JOIN death d ON s.id = d.caused_by_ship_id  
GROUP BY s.id, s.name  
HAVING d.injured = (SELECT MAX(d.injured) FROM death d)  
ORDER BY d.injured DESC;"
battle_death,What are the distinct battle names which are between bulgarian commander 'Kaloyan' and latin commander 'Baldwin I'?,SELECT name FROM battle WHERE bulgarian_commander  =  'Kaloyan' AND latin_commander  =  'Baldwin I',"SELECT DISTINCT b.name  
FROM battle b  
JOIN ship s ON s.lost_in_battle = b.id  
WHERE s.lost_in_battle IN (
    SELECT b.id  
    FROM battle b  
    JOIN ship s2 ON s2.lost_in_battle = b.id  
    WHERE s2.bulgarian_commander = 'Kaloyan' AND s2.latin_commander = 'Baldwin I'
);"
battle_death,How many different results are there for the battles?,SELECT count(DISTINCT RESULT) FROM battle,SELECT COUNT(DISTINCT result) FROM battle;
battle_death,How many battles did not lose any ship with tonnage '225'?,SELECT count(*) FROM battle WHERE id NOT IN ( SELECT lost_in_battle FROM ship WHERE tonnage  =  '225' );,"SELECT COUNT(*) 
FROM battle 
WHERE ship.lost_in_battle IS NOT NULL AND ship.tonnage != '225';"
battle_death,List the name and date the battle that has lost the ship named 'Lettice' and the ship named 'HMS Atalanta',"SELECT T1.name ,  T1.date FROM battle AS T1 JOIN ship AS T2 ON T1.id  =  T2.lost_in_battle WHERE T2.name  =  'Lettice' INTERSECT SELECT T1.name ,  T1.date FROM battle AS T1 JOIN ship AS T2 ON T1.id  =  T2.lost_in_battle WHERE T2.name  =  'HMS Atalanta'","SELECT b.name, b.date  
FROM battle b  
JOIN ship s ON b.id = s.lost_in_battle  
WHERE s.name IN ('Lettice', 'HMS Atalanta');"
battle_death,"Show names, results and bulgarian commanders of the battles with no ships lost in the 'English Channel'.","SELECT name ,  RESULT ,  bulgarian_commander FROM battle EXCEPT SELECT T1.name ,  T1.result ,  T1.bulgarian_commander FROM battle AS T1 JOIN ship AS T2 ON T1.id  =  T2.lost_in_battle WHERE T2.location  =  'English Channel'","SELECT name, result, bulgarian_commander
FROM battle
INNER JOIN ship ON battle.id = ship.lost_in_battle
WHERE ship.location NOT IN ('English Channel')  
LIMIT 10;"
battle_death,What are the notes of the death events which has substring 'East'?,SELECT note FROM death WHERE note LIKE '%East%',SELECT note FROM death WHERE note LIKE '%East%';
student_transcripts_tracking,what are all the addresses including line 1 and line 2?,"SELECT line_1 ,  line_2 FROM addresses",SELECT * FROM addresses WHERE line_1 IS NOT NULL AND line_2 IS NOT NULL;
student_transcripts_tracking,What is the first and second line for all addresses?,"SELECT line_1 ,  line_2 FROM addresses","SELECT line_1, line_2 FROM addresses;"
student_transcripts_tracking,How many courses in total are listed?,SELECT count(*) FROM Courses,SELECT COUNT(*) FROM courses;
student_transcripts_tracking,How many courses are there?,SELECT count(*) FROM Courses,SELECT COUNT(*) FROM courses;
student_transcripts_tracking,How is the math course described?,SELECT course_description FROM Courses WHERE course_name  =  'math',SELECT course_description FROM courses;
student_transcripts_tracking,What are the descriptions for all the math courses?,SELECT course_description FROM Courses WHERE course_name  =  'math',SELECT course_description FROM courses;
student_transcripts_tracking,What is the zip code of the address in the city Port Chelsea?,SELECT zip_postcode FROM Addresses WHERE city  =  'Port Chelsea',SELECT zip_postcode FROM addresses WHERE city = 'Port Chelsea';
student_transcripts_tracking,What is the zip code for Port Chelsea?,SELECT zip_postcode FROM Addresses WHERE city  =  'Port Chelsea',SELECT zip_postcode FROM addresses WHERE city = 'Port Chelsea';
student_transcripts_tracking,Which department offers the most number of degrees? List department name and id.,"SELECT T2.department_name ,  T1.department_id FROM Degree_Programs AS T1 JOIN Departments AS T2 ON T1.department_id  =  T2.department_id GROUP BY T1.department_id ORDER BY count(*) DESC LIMIT 1","SELECT d.department_id, d.department_name  
FROM departments d  
WHERE d.department_id IN  
   (SELECT COUNT(*) AS degree_count  
    FROM degree_programs  
    GROUP BY d.department_id  
    ORDER BY COUNT(*) DESC  
    LIMIT 1);"
student_transcripts_tracking,What is the name and id of the department with the most number of degrees ?,"select t2.department_name ,  t1.department_id from degree_programs as t1 join departments as t2 on t1.department_id  =  t2.department_id group by t1.department_id order by count(*) desc limit 1","SELECT d.department_name, d.department_id  
FROM degree_programs d  
JOIN degree_programs e ON d.department_id = e.department_id  
GROUP BY d.department_id  
ORDER BY COUNT(*) DESC;"
student_transcripts_tracking,How many departments offer any degree?,SELECT count(DISTINCT department_id) FROM Degree_Programs,"SELECT COUNT(DISTINCT department_id) 
FROM degree_programs;"
student_transcripts_tracking,How many different departments offer degrees?,SELECT count(DISTINCT department_id) FROM Degree_Programs,SELECT COUNT(DISTINCT department_id) FROM departments JOIN degree_programs ON departments.department_id = degree_programs.department_id;
student_transcripts_tracking,How many different degree names are offered?,SELECT count(DISTINCT degree_summary_name) FROM Degree_Programs,SELECT COUNT(DISTINCT degree_programs.degree_summary_name) FROM degree_programs;
student_transcripts_tracking,How many different degrees are offered?,SELECT count(DISTINCT degree_summary_name) FROM Degree_Programs,SELECT COUNT(DISTINCT degree_programs.degree_summary_name) FROM degree_programs;
student_transcripts_tracking,How many degrees does the engineering department offer?,SELECT count(*) FROM Departments AS T1 JOIN Degree_Programs AS T2 ON T1.department_id  =  T2.department_id WHERE T1.department_name  =  'engineer',SELECT COUNT(*) FROM degree_programs WHERE department_id IN (SELECT department_id FROM departments WHERE department_name = 'engineering');
student_transcripts_tracking,How many degrees does the engineering department have?,SELECT count(*) FROM Departments AS T1 JOIN Degree_Programs AS T2 ON T1.department_id  =  T2.department_id WHERE T1.department_name  =  'engineer',SELECT COUNT(*) FROM degree_programs WHERE department_id IN (SELECT department_id FROM departments WHERE department_name = 'Engineering');
student_transcripts_tracking,What are the names and descriptions of all the sections?,"SELECT section_name ,  section_description FROM Sections","SELECT section_name, section_description FROM sections;"
student_transcripts_tracking,What are the names and descriptions for all the sections?,"SELECT section_name ,  section_description FROM Sections","SELECT section_name, section_description FROM sections ORDER BY section_id;"
student_transcripts_tracking,What are the names and id of courses having at most 2 sections?,"SELECT T1.course_name ,  T1.course_id FROM Courses AS T1 JOIN Sections AS T2 ON T1.course_id  =  T2.course_id GROUP BY T1.course_id HAVING count(*)  <=  2","SELECT course_name, course_id FROM sections JOIN courses ON sections.course_id = courses.course_id WHERE COUNT(*) <= 2;"
student_transcripts_tracking,What are the names and ids of every course with less than 2 sections?,"SELECT T1.course_name ,  T1.course_id FROM Courses AS T1 JOIN Sections AS T2 ON T1.course_id  =  T2.course_id GROUP BY T1.course_id HAVING count(*)  <=  2","SELECT c.course_id, c.course_name  
FROM courses c  
JOIN sections s ON c.course_id = s.course_id  
WHERE c.course_id IN (  
    SELECT course_id  
    FROM sections  
    GROUP BY course_id  
    HAVING COUNT(*) < 2  
);"
student_transcripts_tracking,List the section_name in reversed lexicographical order.,SELECT section_name FROM Sections ORDER BY section_name DESC,SELECT section_name FROM sections ORDER BY section_name DESC LIMIT 10;
student_transcripts_tracking,What are the names of the sections in reverse alphabetical order?,SELECT section_name FROM Sections ORDER BY section_name DESC,SELECT section_name FROM sections ORDER BY section_name DESC;
student_transcripts_tracking,What is the semester which most student registered in? Show both the name and the id.,"SELECT T1.semester_name ,  T1.semester_id FROM Semesters AS T1 JOIN Student_Enrolment AS T2 ON T1.semester_id  =  T2.semester_id GROUP BY T1.semester_id ORDER BY count(*) DESC LIMIT 1","SELECT semesters.semester_name, semesters.semester_id
FROM semesters
JOIN student_enrolment ON semesters.semester_id = student_enrolment.semester_id
GROUP BY semesters.semester_id
ORDER BY COUNT(*) DESC
LIMIT 1;"
student_transcripts_tracking,"For each semester, what is the name and id of the one with the most students registered?","SELECT T1.semester_name ,  T1.semester_id FROM Semesters AS T1 JOIN Student_Enrolment AS T2 ON T1.semester_id  =  T2.semester_id GROUP BY T1.semester_id ORDER BY count(*) DESC LIMIT 1","SELECT semesters.semester_name, semesters.semester_id  
FROM semesters  
JOIN student_enrolment ON semesters.semester_id = student_enrolment.semester_id  
GROUP BY semesters.semester_id  
HAVING COUNT(*) = (SELECT MAX(COUNT(*) FROM semesters))  
ORDER BY semesters.semester_id DESC;"
student_transcripts_tracking,What is the description of the department whose name has the substring the computer?,SELECT department_description FROM Departments WHERE department_name LIKE '%computer%',SELECT other_details FROM departments WHERE department_name LIKE '%computer%';
student_transcripts_tracking,What is the department description for the one whose name has the word computer?,SELECT department_description FROM Departments WHERE department_name LIKE '%computer%',SELECT d.department_description FROM departments d WHERE d.department_name LIKE '%computer%';
student_transcripts_tracking,"Who are enrolled in 2 degree programs in one semester? List the first name, middle name and last name and the id.","SELECT T1.first_name ,  T1.middle_name ,  T1.last_name ,  T1.student_id FROM Students AS T1 JOIN Student_Enrolment AS T2 ON T1.student_id  =  T2.student_id GROUP BY T1.student_id HAVING count(*)  =  2","SELECT s.*  
FROM student_enrolment s  
JOIN student_enrolment_courses sc ON s.student_id = sc.student_enrolment_id  
JOIN degree_programs d ON sc.course_id = d.course_id  
WHERE s.semester_id IN (
    SELECT semester_id  
    FROM semesters  
)  
AND s.degree_program_id IN (
    SELECT d.degree_program_id  
    FROM degree_programs d  
    GROUP BY d.degree_program_id  
    HAVING COUNT(*) = 2  
);"
student_transcripts_tracking,"What are the first, middle, and last names, along with the ids, of all students who enrolled in 2 degree programs in one semester?","SELECT T1.first_name ,  T1.middle_name ,  T1.last_name ,  T1.student_id FROM Students AS T1 JOIN Student_Enrolment AS T2 ON T1.student_id  =  T2.student_id GROUP BY T1.student_id HAVING count(*)  =  2","SELECT s.student_id, s.first_name, s.middle_name, s.last_name
FROM students s
JOIN student_enrolment_courses sc ON s.student_id = sc.student_id
JOIN semesters ssc ON sc.semester_id = ssc.semester_id
JOIN semesters ssc2 ON ssc2.semester_id = sc2.semester_id
JOIN degree_programs d ON ssc.semester_id = d.semester_id
JOIN courses c ON d.department_id = c.department_id
WHERE d.degree_program_id IN (
    SELECT d.degree_program_id
    FROM degree_programs d
    GROUP BY d.degree_program_id
    HAVING d.degree_program_id >= 2
);"
student_transcripts_tracking,"Who is enrolled in a Bachelor degree program? List the first name, middle name, last name.","SELECT DISTINCT T1.first_name ,  T1.middle_name ,  T1.last_name FROM Students AS T1 JOIN Student_Enrolment AS T2 ON T1.student_id  =  T2.student_id JOIN Degree_Programs AS T3 ON T2.degree_program_id  =  T3.degree_program_id WHERE T3.degree_summary_name  =  'Bachelor'","SELECT students.first_name, students.middle_name, students.last_name  
FROM students  
JOIN student_enrolment ON student_enrolment.student_id = students.student_id  
WHERE student_enrolment.degree_program_id = (SELECT degree_program_id FROM degree_programs WHERE degree_program_name = 'Bachelor Degree Program');"
student_transcripts_tracking,"What are the first, middle, and last names for everybody enrolled in a Bachelors program?","SELECT DISTINCT T1.first_name ,  T1.middle_name ,  T1.last_name FROM Students AS T1 JOIN Student_Enrolment AS T2 ON T1.student_id  =  T2.student_id JOIN Degree_Programs AS T3 ON T2.degree_program_id  =  T3.degree_program_id WHERE T3.degree_summary_name  =  'Bachelor'","SELECT s.first_name, s.middle_name, s.last_name  
FROM students s  
JOIN student_enrolment_courses ON s.student_id = student_enrolment_courses.student_enrolment_id  
JOIN courses ON student_enrolment_courses.course_id = courses.course_name  
WHERE courses.course_name = 'Bachelors Program';"
student_transcripts_tracking,Find the kind of program which most number of students are enrolled in?,SELECT T1.degree_summary_name FROM Degree_Programs AS T1 JOIN Student_Enrolment AS T2 ON T1.degree_program_id  =  T2.degree_program_id GROUP BY T1.degree_summary_name ORDER BY count(*) DESC LIMIT 1,"SELECT course_name 
FROM degree_programs
WHERE course_summary_name IN (
    SELECT course_name
    FROM student_enrolment_courses
    JOIN courses ON student_enrolment_courses.course_id = courses.course_id
    GROUP BY course_name
    HAVING COUNT(*) > (SELECT COUNT(*) FROM student_enrolment_courses GROUP BY course_name)
)"
student_transcripts_tracking,What is the degree summary name that has the most number of students enrolled?,SELECT T1.degree_summary_name FROM Degree_Programs AS T1 JOIN Student_Enrolment AS T2 ON T1.degree_program_id  =  T2.degree_program_id GROUP BY T1.degree_summary_name ORDER BY count(*) DESC LIMIT 1,"SELECT degree_programs.degree_summary_name 
FROM degree_programs
JOIN student_enrolment ON degree_programs.degree_program_id = student_enrolment.degree_program_id
GROUP BY degree_programs.degree_program_id
HAVING COUNT(*) = (SELECT COUNT(*) FROM student_enrolment)"
student_transcripts_tracking,Find the program which most number of students are enrolled in. List both the id and the summary.,"SELECT T1.degree_program_id ,  T1.degree_summary_name FROM Degree_Programs AS T1 JOIN Student_Enrolment AS T2 ON T1.degree_program_id  =  T2.degree_program_id GROUP BY T1.degree_program_id ORDER BY count(*) DESC LIMIT 1","SELECT c.degree_program_id, c.degree_summary_name
FROM courses c
JOIN student_enrolment_courses sc ON c.course_id = sc.course_id
JOIN student_enrolment s ON sc.student_enrolment_id = s.student_id
JOIN semesters st ON s.semester_id = st.semester_id
GROUP BY c.degree_program_id, c.degree_summary_name
ORDER BY COUNT(*) DESC
LIMIT 1;"
student_transcripts_tracking,What is the program id and the summary of the degree that has the most students enrolled?,"SELECT T1.degree_program_id ,  T1.degree_summary_name FROM Degree_Programs AS T1 JOIN Student_Enrolment AS T2 ON T1.degree_program_id  =  T2.degree_program_id GROUP BY T1.degree_program_id ORDER BY count(*) DESC LIMIT 1","SELECT d.degree_program_id, d.degree_summary_name
FROM degree_programs d
WHERE d.degree_program_id IN (
    SELECT s.degree_program_id
    FROM degree_programs s
    JOIN student_enrolment_courses c ON s.degree_program_id = c.course_id
    JOIN student_enrolment s ON c.student_enrolment_id = s.student_id
    GROUP BY s.degree_program_id
    HAVING SUM(s.student_enrolment_count) = (SELECT MAX(SUM) FROM student_enrolment_courses)
);"
student_transcripts_tracking,"Which student has enrolled for the most times in any program? List the id, first name, middle name, last name, the number of enrollments and student id.","SELECT T1.student_id ,  T1.first_name ,  T1.middle_name ,  T1.last_name ,  count(*) ,  T1.student_id FROM Students AS T1 JOIN Student_Enrolment AS T2 ON T1.student_id  =  T2.student_id GROUP BY T1.student_id ORDER BY count(*) DESC LIMIT 1","SELECT s.student_id, s.first_name, s.middle_name, s.last_name, COUNT(*) AS enrollments, s.student_id
FROM students s
JOIN student_enrolment en ON s.student_id = en.student_id
GROUP BY s.student_id
ORDER BY COUNT(*) DESC
LIMIT 1;"
student_transcripts_tracking,"What is the first, middle, and last name, along with the id and number of enrollments, for the student who enrolled the most in any program?","SELECT T1.student_id ,  T1.first_name ,  T1.middle_name ,  T1.last_name ,  count(*) ,  T1.student_id FROM Students AS T1 JOIN Student_Enrolment AS T2 ON T1.student_id  =  T2.student_id GROUP BY T1.student_id ORDER BY count(*) DESC LIMIT 1",
student_transcripts_tracking,Which semesters do not have any student enrolled? List the semester name.,SELECT semester_name FROM Semesters WHERE semester_id NOT IN( SELECT semester_id FROM Student_Enrolment ),"SELECT semester_name
FROM semesters
WHERE semester_id NOT IN (
    SELECT semester_id
    FROM student_enrolment
    WHERE student_id IS NULL
);"
student_transcripts_tracking,What is the name of the semester with no students enrolled?,SELECT semester_name FROM Semesters WHERE semester_id NOT IN( SELECT semester_id FROM Student_Enrolment ),"SELECT semesters.semester_name  
FROM semesters  
JOIN student_enrolment ON semesters.semester_id = student_enrolment.semester_id  
WHERE (SELECT COUNT(*) FROM student_enrolment) = 0;"
student_transcripts_tracking,What are all the course names of the courses which ever have students enrolled in?,SELECT DISTINCT T1.course_name FROM Courses AS T1 JOIN Student_Enrolment_Courses AS T2 ON T1.course_id  =  T2.course_id,"SELECT courses.course_name  
FROM courses  
JOIN student_enrolment ON courses.course_id = student_enrolment.course_id  
JOIN semesters ON student_enrolment.semester_id = semesters.semester_name;"
student_transcripts_tracking,What are the names of all courses that have some students enrolled?,SELECT DISTINCT T1.course_name FROM Courses AS T1 JOIN Student_Enrolment_Courses AS T2 ON T1.course_id  =  T2.course_id,"SELECT courses.course_name
FROM courses
JOIN student_enrolment ON courses.course_id = student_enrolment.course_id
WHERE student_enrolment.student_enrolment_id IS NOT NULL;"
student_transcripts_tracking,What's the name of the course with most number of enrollments?,SELECT  T1.course_name FROM Courses AS T1 JOIN Student_Enrolment_Courses AS T2 ON T1.course_id  =  T2.course_id GROUP BY T1.course_name ORDER BY count(*) DESC LIMIT 1,"SELECT course_name  
FROM courses  
JOIN student_enrolment ON courses.course_id = student_enrolment.course_id  
GROUP BY course_name  
HAVING COUNT(*) = (SELECT COUNT(*) FROM courses GROUP BY course_name)  
LIMIT 1;"
student_transcripts_tracking,What is the name of the course with the most students enrolled?,SELECT  T1.course_name FROM Courses AS T1 JOIN Student_Enrolment_Courses AS T2 ON T1.course_id  =  T2.course_id GROUP BY T1.course_name ORDER BY count(*) DESC LIMIT 1,"SELECT c.course_name  
FROM courses c  
JOIN student_enrolment_courses sc ON c.course_id = sc.course_id  
GROUP BY c.course_id  
HAVING COUNT(sc.student_enrolment_id) = (SELECT COUNT(*) FROM student_enrolment_courses GROUP BY course_id)  
ORDER BY COUNT(*) DESC LIMIT 1;"
student_transcripts_tracking,Find the last name of the students who currently live in the state of North Carolina but have not registered in any degree program.,SELECT T1.last_name FROM Students AS T1 JOIN Addresses AS T2 ON T1.current_address_id  =  T2.address_id WHERE T2.state_province_county  =  'NorthCarolina' EXCEPT SELECT DISTINCT T3.last_name FROM Students AS T3 JOIN Student_Enrolment AS T4 ON T3.student_id  =  T4.student_id,"SELECT s.last_name
FROM students s
JOIN addresses a ON s.current_address_id = a.address_id
WHERE a.state = 'North Carolina'
AND s.current_address_id IS NOT NULL
AND s.state NOT IN (
    SELECT s.state
    FROM student_enrolment_courses sc
    WHERE sc COURSE_ID IS NULL
);"
student_transcripts_tracking,What are the last name of the students who live in North Carolina but have not registered in any degree programs?,SELECT T1.last_name FROM Students AS T1 JOIN Addresses AS T2 ON T1.current_address_id  =  T2.address_id WHERE T2.state_province_county  =  'NorthCarolina' EXCEPT SELECT DISTINCT T3.last_name FROM Students AS T3 JOIN Student_Enrolment AS T4 ON T3.student_id  =  T4.student_id,"SELECT s.last_name  
FROM students s  
JOIN addresses a ON s.permanent_address_id = a.address_id  
WHERE a.state_province_county = 'North Carolina'  
AND s.student_id NOT IN  
  (SELECT s.student_id  
   FROM student_enrolment e  
   JOIN degree_programs d ON e.degree_program_id = d.degree_program_id  
   GROUP BY s.student_id  
   HAVING COUNT(*) > 0);"
student_transcripts_tracking,Show the date and id of the transcript with at least 2 course results.,"SELECT T2.transcript_date ,  T1.transcript_id FROM Transcript_Contents AS T1 JOIN Transcripts AS T2 ON T1.transcript_id  =  T2.transcript_id GROUP BY T1.transcript_id HAVING count(*)  >=  2","SELECT transcript_id, transcript_date  
FROM transcript_contents  
WHERE transcript_id IN  
   (SELECT transcript_id  
   FROM transcript_contents  
   GROUP BY transcript_id  
   HAVING COUNT(*) >= 2);"
student_transcripts_tracking,What is the date and id of the transcript with at least 2 courses listed?,"SELECT T2.transcript_date ,  T1.transcript_id FROM Transcript_Contents AS T1 JOIN Transcripts AS T2 ON T1.transcript_id  =  T2.transcript_id GROUP BY T1.transcript_id HAVING count(*)  >=  2","SELECT transcript.transcript_id, transcript.transcript_date  
FROM transcript  
JOIN transcript_contents ON transcript.transcript_id = transcript_contents.transcript_id  
WHERE transcript_contents.student_course_id IN (
    SELECT student_course_id  
    FROM transcript_contents  
    GROUP BY transcript_contents.transcript_id  
    HAVING COUNT(*) >= 2
);"
student_transcripts_tracking,What is the phone number of the man with the first name Timmothy and the last name Ward?,SELECT cell_mobile_number FROM Students WHERE first_name  =  'Timmothy' AND last_name  =  'Ward',SELECT cell_mobile_number FROM students WHERE first_name = 'Timmothy' AND last_name = 'Ward';
student_transcripts_tracking,What is the mobile phone number of the student named Timmothy Ward ?,select cell_mobile_number from students where first_name  =  'timmothy' and last_name  =  'ward',SELECT cell_mobile_number FROM students WHERE first_name = 'Timmothy';
student_transcripts_tracking,"Who is the first student to register? List the first name, middle name and last name.","SELECT first_name ,  middle_name ,  last_name FROM Students ORDER BY date_first_registered ASC LIMIT 1","SELECT students.first_name, students.middle_name, students.last_name FROM students;"
student_transcripts_tracking,"What is the first, middle, and last name of the first student to register?","SELECT first_name ,  middle_name ,  last_name FROM Students ORDER BY date_first_registered ASC LIMIT 1","SELECT first_name, middle_name, last_name FROM student ORDER BY date_first_registered ASC LIMIT 1;"
student_transcripts_tracking,"Who is the earliest graduate of the school? List the first name, middle name and last name.","SELECT first_name ,  middle_name ,  last_name FROM Students ORDER BY date_left ASC LIMIT 1","SELECT students.first_name, students.middle_name, students.last_name
FROM students
JOIN student_enrolment ON students.student_id = student_enrolment.student_id
JOIN semesters ON student_enrolment.semester_id = semesters.semester_id
WHERE semesters.semester_name = (
    SELECT semester_name
    FROM semesters
    ORDER BY semester_id ASC
    LIMIT 1
);"
student_transcripts_tracking,"What is the first, middle, and last name of the earliest school graduate?","SELECT first_name ,  middle_name ,  last_name FROM Students ORDER BY date_left ASC LIMIT 1","SELECT s.first_name, s.middle_name, s.last_name
FROM students s
WHERE s.date_first_registered < s.date_left;"
student_transcripts_tracking,Whose permanent address is different from his or her current address? List his or her first name.,SELECT first_name FROM Students WHERE current_address_id != permanent_address_id,"SELECT s.first_name  
FROM students s  
JOIN addresses a ON s.permanent_address_id = a.address_id  
WHERE s.permanent_address_id != s.current_address_id;"
student_transcripts_tracking,What is the first name of the student whose permanent address is different from his or her current one?,SELECT first_name FROM Students WHERE current_address_id != permanent_address_id,SELECT students.first_name FROM students WHERE permanent_address_id != current_address_id LIMIT 1;
student_transcripts_tracking,Which address holds the most number of students currently? List the address id and all lines.,"SELECT T1.address_id ,  T1.line_1 ,  T1.line_2 FROM Addresses AS T1 JOIN Students AS T2 ON T1.address_id  =  T2.current_address_id GROUP BY T1.address_id ORDER BY count(*) DESC LIMIT 1","SELECT a.address_id, a.line_1, a.line_2, a.line_3, a.city, a.zip_postcode  
FROM addresses a  
JOIN students s ON a.address_id = s.current_address_id  
GROUP BY a.address_id, a.line_1, a.line_2, a.line_3, a.city, a.zip_postcode  
ORDER BY COUNT(*) DESC LIMIT 1;"
student_transcripts_tracking,"What is the id, line 1, and line 2 of the address with the most students?","SELECT T1.address_id ,  T1.line_1 ,  T1.line_2 FROM Addresses AS T1 JOIN Students AS T2 ON T1.address_id  =  T2.current_address_id GROUP BY T1.address_id ORDER BY count(*) DESC LIMIT 1","SELECT a.address_id, a.line_1, a.line_2 
FROM addresses a 
JOIN students s ON a.address_id = s.address_id 
GROUP BY a.address_id, a.line_1, a.line_2 
ORDER BY COUNT(*) DESC 
LIMIT 1;"
student_transcripts_tracking,"On average, when were the transcripts printed?",SELECT avg(transcript_date) FROM Transcripts,"SELECT AVG(transcript_date) AS average_transcript_date  
FROM transcripts  
JOIN transcript_contents ON transcripts.transcript_id = transcript_contents.transcript_id  
GROUP BY transcript_id;"
student_transcripts_tracking,What is the average transcript date?,SELECT avg(transcript_date) FROM Transcripts,SELECT AVG(transcript_date) FROM transcripts;
student_transcripts_tracking,When is the first transcript released? List the date and details.,"SELECT transcript_date ,  other_details FROM Transcripts ORDER BY transcript_date ASC LIMIT 1","SELECT transcript_date, other_details
FROM transcript
WHERE transcript_date IS NOT NULL
ORDER BY transcript_date ASC
LIMIT 1;"
student_transcripts_tracking,"What is the earliest date of a transcript release, and what details can you tell me?","SELECT transcript_date ,  other_details FROM Transcripts ORDER BY transcript_date ASC LIMIT 1","SELECT MIN(transcript_date) AS earliest_date, transcript_contents.other_details AS transcript_details  
FROM transcripts  
JOIN transcript_contents ON transcripts.transcript_id = transcript_contents.transcript_id  
WHERE transcript_date = (SELECT MIN(transcript_date) FROM transcripts);"
student_transcripts_tracking,How many transcripts are released?,SELECT count(*) FROM Transcripts,SELECT COUNT(*) FROM transcripts;
student_transcripts_tracking,How many transcripts are listed?,SELECT count(*) FROM Transcripts,SELECT COUNT(*) FROM transcripts;
student_transcripts_tracking,What is the last transcript release date?,SELECT transcript_date FROM Transcripts ORDER BY transcript_date DESC LIMIT 1,SELECT MAX(transcript_date) FROM transcripts;
student_transcripts_tracking,When was the last transcript released?,SELECT transcript_date FROM Transcripts ORDER BY transcript_date DESC LIMIT 1,SELECT MAX(transcript_date) FROM transcripts;
student_transcripts_tracking,How many times at most can a course enrollment result show in different transcripts? Also show the course enrollment id.,"SELECT count(*) ,  student_course_id FROM Transcript_Contents GROUP BY student_course_id ORDER BY count(*) DESC LIMIT 1","SELECT transcript_id, course_enrollment_id  
FROM transcript_contents  
JOIN student_enrolment ON transcript_contents.transcript_id = student_enrolment.transcript_id  
JOIN student_enrolment_courses ON transcript_contents.transcript_id = student_enrolment_courses.transcript_id  
GROUP BY transcript_id, course_enrollment_id;"
student_transcripts_tracking,What is the maximum number of times that a course shows up in different transcripts and what is that course's enrollment id?,"SELECT count(*) ,  student_course_id FROM Transcript_Contents GROUP BY student_course_id ORDER BY count(*) DESC LIMIT 1","SELECT 
    c.course_id,
    COUNT(*) AS occurrence
FROM transcript_contents tc
JOIN courses c ON tc.student_course_id = c.course_id
GROUP BY c.course_id
ORDER BY occurrence DESC
LIMIT 1;

SELECT 
    st.enrolment_id
FROM student_enrolment_courses st
WHERE st.course_id = (
    SELECT c.course_id
    FROM transcript_contents tc
    JOIN courses c ON tc.student_course_id = c.course_id
    GROUP BY c.course_id
    ORDER BY COUNT(*) DESC
    LIMIT 1
);"
student_transcripts_tracking,"Show the date of the transcript which shows the least number of results, also list the id.","SELECT T2.transcript_date ,  T1.transcript_id FROM Transcript_Contents AS T1 JOIN Transcripts AS T2 ON T1.transcript_id  =  T2.transcript_id GROUP BY T1.transcript_id ORDER BY count(*) ASC LIMIT 1","SELECT transcript_date, transcript_id FROM transcript ORDER BY transcript_date LIMIT 1;"
student_transcripts_tracking,What is the date and id of the transcript with the least number of results?,"SELECT T2.transcript_date ,  T1.transcript_id FROM Transcript_Contents AS T1 JOIN Transcripts AS T2 ON T1.transcript_id  =  T2.transcript_id GROUP BY T1.transcript_id ORDER BY count(*) ASC LIMIT 1","SELECT transcript_id, transcript_date
FROM transcript
ORDER BY transcript_id, transcript_date
LIMIT 1;"
student_transcripts_tracking,Find the semester when both Master students and Bachelor students got enrolled in.,SELECT DISTINCT T2.semester_id FROM Degree_Programs AS T1 JOIN Student_Enrolment AS T2 ON T1.degree_program_id  =  T2.degree_program_id WHERE degree_summary_name  =  'Master' INTERSECT SELECT DISTINCT T2.semester_id FROM Degree_Programs AS T1 JOIN Student_Enrolment AS T2 ON T1.degree_program_id  =  T2.degree_program_id WHERE degree_summary_name  =  'Bachelor',"SELECT semesters.semester_id  
FROM semesters  
JOIN student_enrolment ON semesters.semester_id = student_enrolment.semester_id  
WHERE student_enrolment.student_id IN (
    SELECT student_id  
    FROM student_enrolment  
    WHERE degree_program_id IN (
        SELECT degree_program_id  
        FROM degree_programs  
        WHERE department_id IN (
            SELECT department_id  
            FROM degree_programs  
            WHERE degree_summary_name IN ('Master', 'Bachelor')
        )
    )
);"
student_transcripts_tracking,What is the id of the semester that had both Masters and Bachelors students enrolled?,SELECT DISTINCT T2.semester_id FROM Degree_Programs AS T1 JOIN Student_Enrolment AS T2 ON T1.degree_program_id  =  T2.degree_program_id WHERE degree_summary_name  =  'Master' INTERSECT SELECT DISTINCT T2.semester_id FROM Degree_Programs AS T1 JOIN Student_Enrolment AS T2 ON T1.degree_program_id  =  T2.degree_program_id WHERE degree_summary_name  =  'Bachelor',"SELECT semesters.semester_id  
FROM semesters  
JOIN student_enrolment ON semesters.semester_id = student_enrolment.semester_id  
WHERE student_enrolment.degree_program_id IN (
    SELECT degree_program_id  
    FROM degree_programs  
    WHERE degree_program_name IN ('Masters', 'Bachelors')
) AND semesters.semester_id IS NOT NULL;"
student_transcripts_tracking,How many different addresses do the students currently live?,SELECT count(DISTINCT current_address_id) FROM Students,SELECT COUNT(DISTINCT address_id) FROM addresses JOIN students ON addresses.address_id = students.current_address_id;
student_transcripts_tracking,What are the different addresses that have students living there?,SELECT count(DISTINCT current_address_id) FROM Students,"SELECT a.address_id, a.line_1, a.line_2, a.line_3, a.city, a.zip_postcode, a.state_province_county, a.country, a.other_address_details  
FROM addresses a  
JOIN students s ON a.address_id = s.current_address_id  
GROUP BY a.address_id;"
student_transcripts_tracking,List all the student details in reversed lexicographical order.,SELECT other_student_details FROM Students ORDER BY other_student_details DESC,"SELECT first_name, middle_name, last_name FROM students ORDER BY last_name DESC;"
student_transcripts_tracking,What other details can you tell me about students in reverse alphabetical order?,SELECT other_student_details FROM Students ORDER BY other_student_details DESC,SELECT * FROM student ORDER BY last_name DESC;
student_transcripts_tracking,Describe the section h.,SELECT section_description FROM Sections WHERE section_name  =  'h',The question is incomplete and cannot be addressed without additional information. Please provide a specific query or context to generate a valid SQL query.
student_transcripts_tracking,What is the description for the section named h?,SELECT section_description FROM Sections WHERE section_name  =  'h',SELECT sections.section_description FROM semesters JOIN sections ON semesters.semester_name = sections.section_name WHERE sections.section_name = 'h';
student_transcripts_tracking,Find the first name of the students who permanently live in the country Haiti or have the cell phone number 09700166582 .,select t1.first_name from students as t1 join addresses as t2 on t1.permanent_address_id  =  t2.address_id where t2.country  =  'haiti' or t1.cell_mobile_number  =  '09700166582',"SELECT s.first_name
FROM students s
WHERE s.cell_mobile_number = '09700166582' OR s.permanent_address_id IN (
    SELECT address_id
    FROM addresses
    WHERE country = 'Haiti'
);"
student_transcripts_tracking,What are the first names of the students who live in Haiti permanently or have the cell phone number 09700166582 ?,select t1.first_name from students as t1 join addresses as t2 on t1.permanent_address_id  =  t2.address_id where t2.country  =  'haiti' or t1.cell_mobile_number  =  '09700166582',"SELECT s.first_name  
FROM students s  
JOIN addresses a ON s.permanent_address_id = a.address_id  
WHERE a.country = 'Haiti' OR s.cell_mobile_number = '09700166582';"
tvshow,List the title of all cartoons in alphabetical order.,SELECT Title FROM Cartoon ORDER BY title,SELECT title FROM cartoon ORDER BY title ASC;
tvshow,What are the titles of the cartoons sorted alphabetically?,SELECT Title FROM Cartoon ORDER BY title,SELECT title FROM cartoon ORDER BY title ASC;
tvshow,"List all cartoon directed by ""Ben Jones"".","SELECT Title FROM Cartoon WHERE Directed_by = ""Ben Jones"";",SELECT * FROM cartoon WHERE directed_by = 'Ben Jones';
tvshow,What are the names of all cartoons directed by Ben Jones?,"SELECT Title FROM Cartoon WHERE Directed_by = ""Ben Jones"";","SELECT title 
FROM cartoon 
WHERE directed_by = 'Ben Jones';"
tvshow,"How many cartoons were written by ""Joseph Kuhr""?","SELECT count(*) FROM Cartoon WHERE Written_by = ""Joseph Kuhr"";",SELECT COUNT(*) FROM cartoon WHERE written_by = 'Joseph Kuhr';
tvshow,What is the number of cartoones written by Joseph Kuhr?,"SELECT count(*) FROM Cartoon WHERE Written_by = ""Joseph Kuhr"";",SELECT COUNT(*) FROM cartoon WHERE written_by = 'Joseph Kuhr';
tvshow,list all cartoon titles and their directors ordered by their air date,"SELECT title ,  Directed_by FROM Cartoon ORDER BY Original_air_date","SELECT title, directed_by FROM cartoon ORDER BY air_date;"
tvshow,What is the name and directors of all the cartoons that are ordered by air date?,"SELECT title ,  Directed_by FROM Cartoon ORDER BY Original_air_date","SELECT title, written_by FROM cartoon WHERE original_air_date IN (SELECT original_air_date FROM cartoon ORDER BY original_air_date);"
tvshow,"List the title of all cartoon directed by ""Ben Jones"" or ""Brandon Vietti"".","SELECT Title FROM Cartoon WHERE Directed_by = ""Ben Jones"" OR Directed_by = ""Brandon Vietti"";","SELECT title FROM cartoon WHERE directed_by IN ('Ben Jones', 'Brandon Vietti');"
tvshow,What are the titles of all cartoons directed by Ben Jones or Brandon Vietti?,"SELECT Title FROM Cartoon WHERE Directed_by = ""Ben Jones"" OR Directed_by = ""Brandon Vietti"";","SELECT title FROM cartoon JOIN tv_series ON cartoon.channel = tv_series.channel WHERE tv_series.channel IN (SELECT directed_by FROM cartoon WHERE directed_by IN ('Ben Jones', 'Brandon Vietti'));"
tvshow,Which country has the most of TV Channels? List the country and number of TV Channels it has.,"SELECT Country ,  count(*) FROM TV_Channel GROUP BY Country ORDER BY count(*) DESC LIMIT 1;","SELECT country, COUNT(*) AS count  
FROM tv_channel  
GROUP BY country  
ORDER BY count DESC;"
tvshow,What is the country with the most number of TV Channels and how many does it have?,"SELECT Country ,  count(*) FROM TV_Channel GROUP BY Country ORDER BY count(*) DESC LIMIT 1;","SELECT country, COUNT(*) AS channel_count
FROM tv_channel
GROUP BY country
ORDER BY COUNT(*) DESC
LIMIT 1;"
tvshow,List the number of different series names and contents in the TV Channel table.,"SELECT count(DISTINCT series_name) ,  count(DISTINCT content) FROM TV_Channel;","SELECT COUNT(DISTINCT series_name) AS num_series_names, COUNT(DISTINCT content) AS num_contents FROM tv_channel;"
tvshow,How many different series and contents are listed in the TV Channel table?,"SELECT count(DISTINCT series_name) ,  count(DISTINCT content) FROM TV_Channel;",SELECT COUNT(DISTINCT series_name) + COUNT(DISTINCT content) AS total FROM tv_channel;
tvshow,"What is the content of TV Channel with serial name ""Sky Radio""?","SELECT Content FROM TV_Channel WHERE series_name = ""Sky Radio"";",SELECT content FROM tv_channel WHERE series_name = 'Sky Radio';
tvshow,What is the content of the series Sky Radio?,"SELECT Content FROM TV_Channel WHERE series_name = ""Sky Radio"";",SELECT content FROM tv_channel JOIN tv_series ON tv_series.channel = 'Sky Radio' LIMIT 1;
tvshow,"What is the Package Option of TV Channel with serial name ""Sky Radio""?","SELECT Package_Option FROM TV_Channel WHERE series_name = ""Sky Radio"";",SELECT package_option FROM tv_channel WHERE series_name = 'Sky Radio';
tvshow,What are the Package Options of the TV Channels whose series names are Sky Radio?,"SELECT Package_Option FROM TV_Channel WHERE series_name = ""Sky Radio"";","SELECT tv_channel.package_option  
FROM tv_series  
JOIN tv_channel ON tv_series.channel = tv_channel.id  
WHERE tv_series.series_name = 'Sky Radio';"
tvshow,How many TV Channel using language English?,"SELECT count(*) FROM TV_Channel WHERE LANGUAGE = ""English"";",SELECT COUNT(*) FROM tv_channel WHERE language = 'English';
tvshow,How many TV Channels use the English language?,"SELECT count(*) FROM TV_Channel WHERE LANGUAGE = ""English"";",SELECT COUNT(*) FROM tv_channel WHERE language = 'English';
tvshow,List the language used least number of TV Channel. List language and number of TV Channel.,"SELECT LANGUAGE ,  count(*) FROM TV_Channel GROUP BY LANGUAGE ORDER BY count(*) ASC LIMIT 1;","SELECT language, COUNT(*) AS number_of_channels  
FROM tv_series  
JOIN tv_channel ON tv_series.channel = tv_channel.id  
GROUP BY language  
ORDER BY COUNT(*) ASC  
LIMIT 1;"
tvshow,What are the languages used by the least number of TV Channels and how many channels use it?,"SELECT LANGUAGE ,  count(*) FROM TV_Channel GROUP BY LANGUAGE ORDER BY count(*) ASC LIMIT 1;","SELECT 
    language, 
    COUNT(*) AS count 
FROM tv_channel 
GROUP BY language 
ORDER BY COUNT(*) DESC 
LIMIT 1;

SELECT 
    COUNT(*) 
FROM tv_channel 
WHERE language = (
    SELECT language 
    FROM tv_channel 
    GROUP BY language 
    ORDER BY COUNT(*) DESC 
    LIMIT 1
);"
tvshow,List each language and the number of TV Channels using it.,"SELECT LANGUAGE ,  count(*) FROM TV_Channel GROUP BY LANGUAGE","SELECT language, COUNT(*) as num_channels FROM tv_channel GROUP BY language ORDER BY language;"
tvshow,"For each language, list the number of TV Channels that use it.","SELECT LANGUAGE ,  count(*) FROM TV_Channel GROUP BY LANGUAGE",SELECT COUNT(*) FROM tv_channel GROUP BY country;
tvshow,"What is the TV Channel that shows the cartoon ""The Rise of the Blue Beetle!""? List the TV Channel's series name.","SELECT T1.series_name FROM TV_Channel AS T1 JOIN Cartoon AS T2 ON T1.id = T2.Channel WHERE T2.Title = ""The Rise of the Blue Beetle!"";",SELECT tv_series.series_name FROM tv_series INNER JOIN cartoon ON tv_series.channel = cartoon.channel WHERE cartoon.title = 'The Rise of the Blue Beetle!';
tvshow,"What is the series name of the TV Channel that shows the cartoon ""The Rise of the Blue Beetle""?","SELECT T1.series_name FROM TV_Channel AS T1 JOIN Cartoon AS T2 ON T1.id = T2.Channel WHERE T2.Title = ""The Rise of the Blue Beetle!"";",SELECT tv_channel.series_name FROM tv_channel JOIN cartoon ON tv_channel.id = cartoon.channel WHERE cartoon.title = 'The Rise of the Blue Beetle';
tvshow,"List the title of all  Cartoons showed on TV Channel with series name ""Sky Radio"".","SELECT T2.Title FROM TV_Channel AS T1 JOIN Cartoon AS T2 ON T1.id = T2.Channel WHERE T1.series_name = ""Sky Radio"";",SELECT title FROM cartoon JOIN tv_series ON cartoon.channel = tv_series.channel WHERE tv_series.series_name = 'Sky Radio';
tvshow,"What is the title of all the cartools that are on the TV Channel with the series name ""Sky Radio""?","SELECT T2.Title FROM TV_Channel AS T1 JOIN Cartoon AS T2 ON T1.id = T2.Channel WHERE T1.series_name = ""Sky Radio"";",SELECT title FROM cartoon JOIN tv_series ON cartoon.channel = tv_series.channel WHERE tv_series.series_name = 'Sky Radio';
tvshow,List the Episode of all TV series sorted by rating.,SELECT Episode FROM TV_series ORDER BY rating,SELECT episode FROM tv_series ORDER BY rating;
tvshow,What are all of the episodes ordered by ratings?,SELECT Episode FROM TV_series ORDER BY rating,SELECT episode FROM tv_series ORDER BY rating;
tvshow,List top 3 highest Rating  TV series. List the TV series's Episode and Rating.,"SELECT Episode ,  Rating FROM TV_series ORDER BY Rating DESC LIMIT 3;","SELECT episode, rating FROM tv_series ORDER BY rating DESC LIMIT 3;"
tvshow,What are 3 most highly rated episodes in the TV series table and what were those ratings?,"SELECT Episode ,  Rating FROM TV_series ORDER BY Rating DESC LIMIT 3;","SELECT episode, rating, share FROM tv_series ORDER BY rating DESC LIMIT 3;"
tvshow,What is minimum and maximum share of TV series?,"SELECT max(SHARE) , min(SHARE) FROM TV_series;","SELECT MIN(share), MAX(share) FROM tv_series;"
tvshow,What is the maximum and minimum share for the TV series?,"SELECT max(SHARE) , min(SHARE) FROM TV_series;","SELECT MAX(show) AS max_share, MIN(show) AS min_share FROM tv_series;"
tvshow,"What is the air date of TV series with Episode ""A Love of a Lifetime""?","SELECT Air_Date FROM TV_series WHERE Episode = ""A Love of a Lifetime"";",SELECT air_date FROM tv_series WHERE episode = 'A Love of a Lifetime';
tvshow,"When did the episode ""A Love of a Lifetime"" air?","SELECT Air_Date FROM TV_series WHERE Episode = ""A Love of a Lifetime"";",SELECT air_date FROM tv_series WHERE episode = 'A Love of a Lifetime';
tvshow,"What is Weekly Rank of TV series with Episode ""A Love of a Lifetime""?","SELECT Weekly_Rank FROM TV_series WHERE Episode = ""A Love of a Lifetime"";",SELECT weekly_rank FROM tv_series WHERE episode = 'A Love of a Lifetime';
tvshow,"What is the weekly rank for the episode ""A Love of a Lifetime""?","SELECT Weekly_Rank FROM TV_series WHERE Episode = ""A Love of a Lifetime"";","SELECT c.weekly_rank
FROM tv_series s
JOIN cartoon c ON s.episode = c.title
WHERE s.episode = 'A Love of a Lifetime';"
tvshow,"What is the TV Channel of TV series with Episode ""A Love of a Lifetime""? List the TV Channel's series name.","SELECT T1.series_name FROM TV_Channel AS T1 JOIN TV_series AS T2 ON T1.id = T2.Channel WHERE T2.Episode = ""A Love of a Lifetime"";",SELECT tv_series.series_name FROM tv_series INNER JOIN cartoon ON tv_series.channel = cartoon.channel WHERE tv_series.episode = 'A Love of a Lifetime';
tvshow,"What is the name of the series that has the episode ""A Love of a Lifetime""?","SELECT T1.series_name FROM TV_Channel AS T1 JOIN TV_series AS T2 ON T1.id = T2.Channel WHERE T2.Episode = ""A Love of a Lifetime"";",SELECT series_name FROM tv_series WHERE episode = 'A Love of a Lifetime';
tvshow,"List the Episode of all  TV series showed on TV Channel with series name ""Sky Radio"".","SELECT T2.Episode FROM TV_Channel AS T1 JOIN TV_series AS T2 ON T1.id = T2.Channel WHERE T1.series_name = ""Sky Radio"";","SELECT tv_series.episode  
FROM tv_series  
JOIN tv_channel ON tv_series.channel = tv_channel.id  
WHERE tv_series.series_name = 'Sky Radio';"
tvshow,"What is the episode for the TV series named ""Sky Radio""?","SELECT T2.Episode FROM TV_Channel AS T1 JOIN TV_series AS T2 ON T1.id = T2.Channel WHERE T1.series_name = ""Sky Radio"";",SELECT episode FROM tv_series WHERE series_name = 'Sky Radio';
tvshow,Find the number of cartoons directed by each of the listed directors.,"SELECT count(*) ,  Directed_by FROM cartoon GROUP BY Directed_by","SELECT COUNT(*) AS number_of_directors  
FROM cartoon  
WHERE ... (conditions based on directors)  
LIMIT 1;"
tvshow,How many cartoons did each director create?,"SELECT count(*) ,  Directed_by FROM cartoon GROUP BY Directed_by",SELECT COUNT(*) FROM cartoon GROUP BY directed_by;
tvshow,Find the production code and channel of the most recently aired cartoon .,"select production_code ,  channel from cartoon order by original_air_date desc limit 1","SELECT cartoon.production_code, cartoon.channel  
FROM cartoon  
JOIN tv_series ON cartoon.channel = tv_series.channel  
ORDER BY tv_series.air_date DESC  
LIMIT 1;"
tvshow,What is the produdction code and channel of the most recent cartoon ?,"select production_code ,  channel from cartoon order by original_air_date desc limit 1","SELECT production_code, channel FROM cartoon ORDER BY original_air_date DESC LIMIT 1;"
tvshow,Find the package choice and series name of the TV channel that has high definition TV.,"SELECT package_option ,  series_name FROM TV_Channel WHERE hight_definition_TV  =  ""yes""","SELECT tv_series.series_name, tv_channel.package_option  
FROM tv_series  
JOIN tv_channel ON tv_series.channel = tv_channel.id  
WHERE tv_channel.hight_definition_tv = 'HD';"
tvshow,What are the package options and the name of the series for the TV Channel that supports high definition TV?,"SELECT package_option ,  series_name FROM TV_Channel WHERE hight_definition_TV  =  ""yes""","SELECT tv_channel.package_option, tv_series.series_name
FROM tv_channel
JOIN tv_series ON tv_channel.id = tv_series.channel
WHERE tv_channel.pixel_aspect_ratio_par = 'HD';"
tvshow,which countries' tv channels are playing some cartoon written by Todd Casey?,SELECT T1.country FROM TV_Channel AS T1 JOIN cartoon AS T2 ON T1.id = T2.Channel WHERE T2.written_by  =  'Todd Casey',"SELECT c.country  
FROM tv_channel c  
JOIN cartoon ON c.id = cartoon.channel  
WHERE cartoon.directed_by = 'Todd Casey';"
tvshow,What are the countries that have cartoons on TV that were written by Todd Casey?,SELECT T1.country FROM TV_Channel AS T1 JOIN cartoon AS T2 ON T1.id = T2.Channel WHERE T2.written_by  =  'Todd Casey',"SELECT tv_channel.country  
FROM tv_channel  
JOIN cartoon ON tv_channel.id = cartoon.channel  
WHERE cartoon.directed_by = 'Todd Casey';"
tvshow,which countries' tv channels are not playing any cartoon written by Todd Casey?,SELECT country FROM TV_Channel EXCEPT SELECT T1.country FROM TV_Channel AS T1 JOIN cartoon AS T2 ON T1.id = T2.Channel WHERE T2.written_by  =  'Todd Casey',"SELECT c.country  
FROM cartoon c  
WHERE c.directed_by = 'Todd Casey'  
AND c.original_air_date IS NULL;"
tvshow,What are the countries that are not playing cartoons written by Todd Casey?,SELECT country FROM TV_Channel EXCEPT SELECT T1.country FROM TV_Channel AS T1 JOIN cartoon AS T2 ON T1.id = T2.Channel WHERE T2.written_by  =  'Todd Casey',"SELECT country  
FROM tv_channel  
WHERE id IN  
  (  
    SELECT cartoon.id  
    FROM cartoon  
    WHERE cartoon.directed_by = 'Todd Casey'  
  )  
LIMIT 1;"
tvshow,Find the series name and country of the tv channel that is playing some cartoons directed by Ben Jones and Michael Chang?,"SELECT T1.series_name ,  T1.country FROM TV_Channel AS T1 JOIN cartoon AS T2 ON T1.id = T2.Channel WHERE T2.directed_by  =  'Michael Chang' INTERSECT SELECT T1.series_name ,  T1.country FROM TV_Channel AS T1 JOIN cartoon AS T2 ON T1.id = T2.Channel WHERE T2.directed_by  =  'Ben Jones'","SELECT c.series_name, c.country  
FROM cartoon c  
JOIN tv_channel ch ON c.channel = ch.id  
WHERE c.directed_by IN ('Ben Jones', 'Michael Chang');"
tvshow,What is the series name and country of all TV channels that are playing cartoons directed by Ben Jones and cartoons directed by Michael Chang?,"SELECT T1.series_name ,  T1.country FROM TV_Channel AS T1 JOIN cartoon AS T2 ON T1.id = T2.Channel WHERE T2.directed_by  =  'Michael Chang' INTERSECT SELECT T1.series_name ,  T1.country FROM TV_Channel AS T1 JOIN cartoon AS T2 ON T1.id = T2.Channel WHERE T2.directed_by  =  'Ben Jones'","SELECT tv_channel.series_name, tv_channel.country  
FROM tv_channel  
JOIN cartoon ON cartoon.channel = tv_channel.id  
WHERE cartoon.directed_by IN ('Ben Jones', 'Michael Chang');"
tvshow,find the pixel aspect ratio and nation of the tv channels that do not use English.,"SELECT Pixel_aspect_ratio_PAR ,  country FROM tv_channel WHERE LANGUAGE != 'English'","SELECT pixel_aspect_ratio_par, country FROM tv_channel WHERE language != 'English';"
tvshow,What is the pixel aspect ratio and country of origin for all TV channels that do not use English?,"SELECT Pixel_aspect_ratio_PAR ,  country FROM tv_channel WHERE LANGUAGE != 'English'","SELECT pixel_aspect_ratio_par, country  
FROM tv_channel  
WHERE language != 'English';"
tvshow,find id of the tv channels that from the countries where have more than two tv channels.,SELECT id FROM tv_channel GROUP BY country HAVING count(*)  >  2,"SELECT id  
FROM tv_channel  
WHERE country IN  
(  
    SELECT COUNT(*) > 2  
    FROM tv_channel  
    GROUP BY country  
    HAVING COUNT(*) > 2  
);"
tvshow,What are the ids of all tv channels that have more than 2 TV channels?,SELECT id FROM tv_channel GROUP BY country HAVING count(*)  >  2,SELECT id FROM tv_channel WHERE id IN (SELECT id FROM tv_channel GROUP BY id HAVING COUNT(*) > 2);
tvshow,find the id of tv channels that do not play any cartoon directed by Ben Jones.,SELECT id FROM TV_Channel EXCEPT SELECT channel FROM cartoon WHERE directed_by  =  'Ben Jones',"SELECT id  
FROM tv_channel  
WHERE id NOT IN  
(SELECT id  
FROM cartoon  
WHERE directed_by = 'Ben Jones')  
LIMIT 1;"
tvshow,What are the ids of the TV channels that do not have any cartoons directed by Ben Jones?,SELECT id FROM TV_Channel EXCEPT SELECT channel FROM cartoon WHERE directed_by  =  'Ben Jones',"SELECT c.id  
FROM tv_channel c  
WHERE c.id NOT IN  
   (SELECT cartoon.channel  
    FROM cartoon  
    WHERE cartoon.directed_by = 'Ben Jones');"
tvshow,find the package option of the tv channel that do not have any cartoon directed by Ben Jones.,SELECT package_option FROM TV_Channel WHERE id NOT IN (SELECT channel FROM cartoon WHERE directed_by  =  'Ben Jones'),"SELECT tv_channel.package_option  
FROM tv_channel  
WHERE tv_channel.id IN  
  (SELECT id  
   FROM cartoon  
   WHERE cartoon.directed_by = 'Ben Jones'  
   AND cartoon.directed_by IS NULL);"
tvshow,What are the package options of all tv channels that are not playing any cartoons directed by Ben Jones?,SELECT package_option FROM TV_Channel WHERE id NOT IN (SELECT channel FROM cartoon WHERE directed_by  =  'Ben Jones'),"SELECT tv_channel.package_option  
FROM tv_channel  
WHERE channel NOT IN  
  (SELECT cartoon.channel  
   FROM cartoon  
   WHERE cartoon.directed_by = 'Ben Jones')  
  LIMIT 1;"
poker_player,How many poker players are there?,SELECT count(*) FROM poker_player,SELECT COUNT(*) FROM poker_player;
poker_player,Count the number of poker players.,SELECT count(*) FROM poker_player,SELECT COUNT(*) FROM poker_player;
poker_player,List the earnings of poker players in descending order.,SELECT Earnings FROM poker_player ORDER BY Earnings DESC,SELECT earnings FROM poker_player ORDER BY earnings DESC;
poker_player,"What are the earnings of poker players, ordered descending by value?",SELECT Earnings FROM poker_player ORDER BY Earnings DESC,SELECT earnings FROM poker_player ORDER BY earnings DESC;
poker_player,List the final tables made and the best finishes of poker players.,"SELECT Final_Table_Made ,  Best_Finish FROM poker_player","SELECT poker_player.final_table_made, poker_player.best_finish FROM poker_player;"
poker_player,What are the final tables made and best finishes for all poker players?,"SELECT Final_Table_Made ,  Best_Finish FROM poker_player","SELECT final_table_made, best_finish FROM poker_player;"
poker_player,What is the average earnings of poker players?,SELECT avg(Earnings) FROM poker_player,SELECT AVG(earnings) FROM poker_player;
poker_player,Return the average earnings across all poker players.,SELECT avg(Earnings) FROM poker_player,SELECT AVG(earnings) FROM poker_player;
poker_player,What is the money rank of the poker player with the highest earnings?,SELECT Money_Rank FROM poker_player ORDER BY Earnings DESC LIMIT 1,SELECT money_rank FROM poker_player ORDER BY earnings DESC LIMIT 1;
poker_player,Return the money rank of the player with the greatest earnings.,SELECT Money_Rank FROM poker_player ORDER BY Earnings DESC LIMIT 1,SELECT money_rank FROM poker_player WHERE earnings = (SELECT MAX(earnings) FROM poker_player);
poker_player,What is the maximum number of final tables made among poker players with earnings less than 200000?,SELECT max(Final_Table_Made) FROM poker_player WHERE Earnings  <  200000,SELECT MAX(final_table_made) AS max_final FROM poker_player WHERE earnings < 200000;
poker_player,Return the maximum final tables made across all poker players who have earnings below 200000.,SELECT max(Final_Table_Made) FROM poker_player WHERE Earnings  <  200000,"SELECT MAX(final_table_made) AS max_final
FROM poker_player
WHERE earnings < 200000;"
poker_player,What are the names of poker players?,SELECT T1.Name FROM people AS T1 JOIN poker_player AS T2 ON T1.People_ID  =  T2.People_ID,SELECT name FROM people;
poker_player,Return the names of all the poker players.,SELECT T1.Name FROM people AS T1 JOIN poker_player AS T2 ON T1.People_ID  =  T2.People_ID,SELECT people.name FROM people JOIN poker_player ON people.people_id = poker_player.people_id;
poker_player,What are the names of poker players whose earnings is higher than 300000?,SELECT T1.Name FROM people AS T1 JOIN poker_player AS T2 ON T1.People_ID  =  T2.People_ID WHERE T2.Earnings  >  300000,SELECT people.name FROM poker_player INNER JOIN people ON poker_player.people_id = people.people_id WHERE poker_player.earnings > 300000;
poker_player,Give the names of poker players who have earnings above 300000.,SELECT T1.Name FROM people AS T1 JOIN poker_player AS T2 ON T1.People_ID  =  T2.People_ID WHERE T2.Earnings  >  300000,SELECT people.name FROM people INNER JOIN poker_player ON people.people_id = poker_player.people_id WHERE poker_player.earnings > 300000;
poker_player,List the names of poker players ordered by the final tables made in ascending order.,SELECT T1.Name FROM people AS T1 JOIN poker_player AS T2 ON T1.People_ID  =  T2.People_ID ORDER BY T2.Final_Table_Made,SELECT name FROM poker_player ORDER BY final_table_made ASC LIMIT 10;
poker_player,"What are the names of poker players, ordered ascending by the number of final tables they have made?",SELECT T1.Name FROM people AS T1 JOIN poker_player AS T2 ON T1.People_ID  =  T2.People_ID ORDER BY T2.Final_Table_Made,SELECT people.name FROM poker_player JOIN people ON poker_player.people_id = people.people_id ORDER BY best_finish ASC;
poker_player,What is the birth date of the poker player with the lowest earnings?,SELECT T1.Birth_Date FROM people AS T1 JOIN poker_player AS T2 ON T1.People_ID  =  T2.People_ID ORDER BY T2.Earnings ASC LIMIT 1,"SELECT people.birth_date  
FROM poker_player  
WHERE poker_player.earnings = (SELECT MIN(earnings) FROM poker_player)  
LIMIT 1;"
poker_player,Return the birth date of the poker player with the lowest earnings.,SELECT T1.Birth_Date FROM people AS T1 JOIN poker_player AS T2 ON T1.People_ID  =  T2.People_ID ORDER BY T2.Earnings ASC LIMIT 1,"SELECT people.birth_date  
FROM people  
JOIN poker_player ON people.people_id = poker_player.people_id  
WHERE poker_player.earnings = (SELECT MIN(earnings) FROM poker_player)  
LIMIT 1;"
poker_player,What is the money rank of the tallest poker player?,SELECT T2.Money_Rank FROM people AS T1 JOIN poker_player AS T2 ON T1.People_ID  =  T2.People_ID ORDER BY T1.Height DESC LIMIT 1,"SELECT poker_player.money_rank
FROM poker_player
WHERE poker_player.people_id IN (
    SELECT people.people_id
    FROM people
    WHERE people.height = (
        SELECT MAX(people.height)
        FROM people
    )
);"
poker_player,Return the money rank of the poker player with the greatest height.,SELECT T2.Money_Rank FROM people AS T1 JOIN poker_player AS T2 ON T1.People_ID  =  T2.People_ID ORDER BY T1.Height DESC LIMIT 1,SELECT poker_player.money_rank FROM poker_player WHERE poker_player.people_id = (SELECT people.people_id FROM people ORDER BY people.height DESC LIMIT 1);
poker_player,What is the average earnings of poker players with height higher than 200?,SELECT avg(T2.Earnings) FROM people AS T1 JOIN poker_player AS T2 ON T1.People_ID  =  T2.People_ID WHERE T1.Height  >  200,"SELECT AVG(earnings) 
FROM poker_player 
WHERE people_id IN (
    SELECT people_id 
    FROM people 
    WHERE height > 200
)"
poker_player,Give average earnings of poker players who are taller than 200.,SELECT avg(T2.Earnings) FROM people AS T1 JOIN poker_player AS T2 ON T1.People_ID  =  T2.People_ID WHERE T1.Height  >  200,SELECT AVG(earnings) FROM poker_player WHERE people_id IN (SELECT people_id FROM people WHERE height > 200) ORDER BY earnings DESC LIMIT 1;
poker_player,What are the names of poker players in descending order of earnings?,SELECT T1.Name FROM people AS T1 JOIN poker_player AS T2 ON T1.People_ID  =  T2.People_ID ORDER BY T2.Earnings DESC,SELECT name FROM poker_player ORDER BY earnings DESC;
poker_player,Return the names of poker players sorted by their earnings descending.,SELECT T1.Name FROM people AS T1 JOIN poker_player AS T2 ON T1.People_ID  =  T2.People_ID ORDER BY T2.Earnings DESC,SELECT name FROM poker_player ORDER BY earnings DESC LIMIT 10;
poker_player,What are different nationalities of people and the corresponding number of people from each nation?,"SELECT Nationality ,  COUNT(*) FROM people GROUP BY Nationality","SELECT nationality, COUNT(*) AS count FROM people GROUP BY nationality;"
poker_player,How many people are there of each nationality?,"SELECT Nationality ,  COUNT(*) FROM people GROUP BY Nationality",SELECT COUNT(*) AS count FROM people GROUP BY nationality;
poker_player,What is the most common nationality of people?,SELECT Nationality FROM people GROUP BY Nationality ORDER BY COUNT(*) DESC LIMIT 1,"SELECT MAX(CASE WHEN nationality IN (SELECT nationality FROM people GROUP BY nationality) THEN COUNT(*) END) AS most_common_nationality
FROM people;"
poker_player,Give the nationality that is most common across all people.,SELECT Nationality FROM people GROUP BY Nationality ORDER BY COUNT(*) DESC LIMIT 1,"SELECT nationality, COUNT(*) as frequency  
FROM people  
GROUP BY nationality  
ORDER BY frequency DESC  
LIMIT 1;"
poker_player,What are the nationalities that are shared by at least two people?,SELECT Nationality FROM people GROUP BY Nationality HAVING COUNT(*)  >=  2,"SELECT INTERSECT (
    SELECT people.nationality
    FROM people
    WHERE people.nationality IN (
        SELECT people_id
        FROM poker_player
        GROUP BY people_id
        HAVING COUNT(*) >= 2
    )
) AS common_nationality
FROM people;"
poker_player,Return the nationalities for which there are two or more people.,SELECT Nationality FROM people GROUP BY Nationality HAVING COUNT(*)  >=  2,"SELECT nationality  
FROM people  
WHERE nationality IS NOT NULL  
AND (SELECT COUNT(*) FROM people) >= 2;"
poker_player,List the names and birth dates of people in ascending alphabetical order of name.,"SELECT Name ,  Birth_Date FROM people ORDER BY Name ASC","SELECT people.name, people.birth_date FROM people ORDER BY people.name;"
poker_player,"What are the names and birth dates of people, ordered by their names in alphabetical order?","SELECT Name ,  Birth_Date FROM people ORDER BY Name ASC","SELECT people.name, people.birth_date FROM people ORDER BY people.name ASC;"
poker_player,"Show names of people whose nationality is not ""Russia"".","SELECT Name FROM people WHERE Nationality != ""Russia""",SELECT people.name FROM people WHERE people.nationality != 'Russia';
poker_player,What are the names of people who are not from Russia?,"SELECT Name FROM people WHERE Nationality != ""Russia""",SELECT name FROM people WHERE nationality != 'Russia';
poker_player,List the names of people that are not poker players.,SELECT Name FROM people WHERE People_ID NOT IN (SELECT People_ID FROM poker_player),SELECT people.name FROM people WHERE people.people_id NOT IN (SELECT people_id FROM poker_player);
poker_player,What are the names of people who do not play poker?,SELECT Name FROM people WHERE People_ID NOT IN (SELECT People_ID FROM poker_player),SELECT people.name FROM people WHERE people.people_id NOT IN (SELECT people_id FROM poker_player);
poker_player,How many distinct nationalities are there?,SELECT count(DISTINCT Nationality) FROM people,SELECT COUNT(DISTINCT people.nationality) FROM people;
poker_player,Count the number of different nationalities.,SELECT count(DISTINCT Nationality) FROM people,SELECT COUNT(DISTINCT nationality) FROM people;
world_1,What are the names of all the countries that became independent after 1950?,SELECT Name FROM country WHERE IndepYear  >  1950,SELECT name FROM country WHERE indepyear > 1950; LIMIT 1000;
world_1,Give the names of the nations that were founded after 1950.,SELECT Name FROM country WHERE IndepYear  >  1950,SELECT name FROM country WHERE independentyear > 1950;
world_1,How many countries have a republic as their form of government?,"SELECT count(*) FROM country WHERE GovernmentForm  =  ""Republic""",SELECT COUNT(*) FROM country WHERE governmentform = 'republic';
world_1,How many countries have governments that are republics?,"SELECT count(*) FROM country WHERE GovernmentForm  =  ""Republic""",SELECT COUNT(*) FROM country WHERE governmentform = 'republic';
world_1,What is the total surface area of the countries in the Caribbean region?,"SELECT sum(SurfaceArea) FROM country WHERE Region  =  ""Caribbean""",SELECT SUM(surfacearea) FROM country WHERE continent = 'Caribbean' LIMIT 1;
world_1,How much surface area do the countires in the Carribean cover together?,"SELECT sum(SurfaceArea) FROM country WHERE Region  =  ""Caribbean""","SELECT SUM(surfacearea) FROM country WHERE countrycode IN (
    SELECT code FROM country WHERE continent IN ('Carribean')
);"
world_1,Which continent is Anguilla in?,"SELECT Continent FROM country WHERE Name  =  ""Anguilla""",SELECT continent FROM country WHERE name = 'Anguilla';
world_1,What is the continent name which Anguilla belongs to?,"SELECT Continent FROM country WHERE Name  =  ""Anguilla""",SELECT continent FROM country WHERE name = 'Anguilla';
world_1,Which region is the city Kabul located in?,"SELECT Region FROM country AS T1 JOIN city AS T2 ON T1.Code  =  T2.CountryCode WHERE T2.Name  =  ""Kabul""","SELECT country.region  
FROM country  
JOIN city ON country.code = city.countrycode  
WHERE city.name = 'Kabul';"
world_1,What region is Kabul in?,"SELECT Region FROM country AS T1 JOIN city AS T2 ON T1.Code  =  T2.CountryCode WHERE T2.Name  =  ""Kabul""",SELECT continent FROM country WHERE capital = 'Kabul';
world_1,Which language is the most popular in Aruba?,"SELECT T2.Language FROM country AS T1 JOIN countrylanguage AS T2 ON T1.Code  =  T2.CountryCode WHERE T1.Name  =  ""Aruba"" ORDER BY Percentage DESC LIMIT 1","SELECT language, percentage FROM country WHERE code = 'AR' LIMIT 1;"
world_1,What language is predominantly spoken in Aruba?,"SELECT T2.Language FROM country AS T1 JOIN countrylanguage AS T2 ON T1.Code  =  T2.CountryCode WHERE T1.Name  =  ""Aruba"" ORDER BY Percentage DESC LIMIT 1","SELECT countrylanguage.language  
FROM countrylanguage  
JOIN country ON countrycode = 'AR'  
WHERE countrylanguage.percentage > (SELECT MAX(percentage) FROM countrylanguage WHERE countrycode = 'AR');"
world_1,What are the population and life expectancies in Brazil?,"SELECT Population ,  LifeExpectancy FROM country WHERE Name  =  ""Brazil""","SELECT population, lifeexpectancy FROM country WHERE name = 'Brazil';"
world_1,Give me Brazil’s population and life expectancies.,"SELECT Population ,  LifeExpectancy FROM country WHERE Name  =  ""Brazil""","SELECT population, lifeexpectancy FROM country WHERE countrycode = (SELECT code FROM country WHERE name = 'Brazil') LIMIT 1;"
world_1,What are the region and population of Angola?,"SELECT Population ,  Region FROM country WHERE Name  =  ""Angola""","SELECT continent, population FROM country WHERE code = 'AFR';"
world_1,What region does Angola belong to and what is its population?,"SELECT Population ,  Region FROM country WHERE Name  =  ""Angola""","SELECT continent, population FROM country WHERE name = 'Angola';"
world_1,What is the average expected life expectancy for countries in the region of Central Africa?,"SELECT avg(LifeExpectancy) FROM country WHERE Region  =  ""Central Africa""","SELECT AVG(country.lifeexpectancy) AS average_life_expectancy
FROM country
WHERE country.continent = 'Central Africa';"
world_1,How long is the people’s average life expectancy in Central Africa?,"SELECT avg(LifeExpectancy) FROM country WHERE Region  =  ""Central Africa""",SELECT AVG(country.lifeexpectancy) FROM country WHERE country.continent = 'Central Africa';
world_1,What is the name of country that has the shortest life expectancy in Asia?,"SELECT Name FROM country WHERE Continent  =  ""Asia"" ORDER BY LifeExpectancy LIMIT 1",SELECT name FROM country WHERE continent = 'Asia' AND lifeexpectancy = (SELECT MIN(lifeexpectancy) FROM country WHERE continent = 'Asia');
world_1,Give the name of the country in Asia with the lowest life expectancy.,"SELECT Name FROM country WHERE Continent  =  ""Asia"" ORDER BY LifeExpectancy LIMIT 1","SELECT name 
FROM country 
WHERE continent = 'Asia' 
ORDER BY lifeexpectancy ASC 
LIMIT 1;"
world_1,What is the total population and maximum GNP in Asia?,"SELECT sum(Population) ,  max(GNP) FROM country WHERE Continent  =  ""Asia""","SELECT SUM(population) AS total_population, MAX(gnp) AS max_gnp
FROM country
WHERE continent = 'Asia';"
world_1,"How many people live in Asia, and what is the largest GNP among them?","SELECT sum(Population) ,  max(GNP) FROM country WHERE Continent  =  ""Asia""","SELECT COUNT(*) AS population, MAX(GNP) AS max_gnp FROM country WHERE continent = 'Asia';"
world_1,What is the average life expectancy in African countries that are republics?,"SELECT avg(LifeExpectancy) FROM country WHERE Continent  =  ""Africa"" AND GovernmentForm  =  ""Republic""","SELECT AVG(country.lifeexpectancy) AS average  
FROM country  
WHERE continent = 'Africa'  
AND region IN ('republic');"
world_1,Give the average life expectancy for countries in Africa which are republics?,"SELECT avg(LifeExpectancy) FROM country WHERE Continent  =  ""Africa"" AND GovernmentForm  =  ""Republic""","SELECT AVG(country.lifeexpectancy) AS avg_life_expectancy
FROM country
WHERE continent = 'Africa'
  AND governmentform = 'republic'  
GROUP BY countrycode;"
world_1,What is the total surface area of the continents Asia and Europe?,"SELECT sum(SurfaceArea) FROM country WHERE Continent  =  ""Asia"" OR Continent  =  ""Europe""","SELECT SUM(country.surfacearea) FROM country WHERE continent IN ('Asia', 'Europe');"
world_1,Give the total surface area covered by countries in Asia or Europe.,"SELECT sum(SurfaceArea) FROM country WHERE Continent  =  ""Asia"" OR Continent  =  ""Europe""","SELECT SUM(country.surfacearea) FROM country WHERE continent IN ('Asia', 'Europe');"
world_1,How many people live in Gelderland district?,"SELECT sum(Population) FROM city WHERE District  =  ""Gelderland""",SELECT COUNT(*) FROM city WHERE district = 'Gelderland' LIMIT 1;
world_1,What is the total population of Gelderland district?,"SELECT sum(Population) FROM city WHERE District  =  ""Gelderland""",SELECT SUM(population) FROM city WHERE district = 'Gelderland';
world_1,What is the average GNP and total population in all nations whose government is US territory?,"SELECT avg(GNP) ,  sum(population) FROM country WHERE GovernmentForm  =  ""US Territory""","SELECT AVG(country.gnp), SUM(country.population) 
FROM country
WHERE country.region = 'US';"
world_1,Give the mean GNP and total population of nations which are considered US territory.,"SELECT avg(GNP) ,  sum(population) FROM country WHERE GovernmentForm  =  ""US Territory""","SELECT AVG(gnp) AS mean_gnp, SUM(population) / COUNT(*) AS total_population  
FROM country  
WHERE country.code = 'US';"
world_1,How many unique languages are spoken in the world?,SELECT count(DISTINCT LANGUAGE) FROM countrylanguage,SELECT COUNT(DISTINCT language) FROM countrylanguage;
world_1,What is the number of distinct languages used around the world?,SELECT count(DISTINCT LANGUAGE) FROM countrylanguage,SELECT COUNT(DISTINCT language) FROM countrylanguage;
world_1,How many type of governments are in Africa?,"SELECT count(DISTINCT GovernmentForm) FROM country WHERE Continent  =  ""Africa""",SELECT COUNT(*) FROM country WHERE continent = 'Africa';
world_1,How many different forms of governments are there in Africa?,"SELECT count(DISTINCT GovernmentForm) FROM country WHERE Continent  =  ""Africa""",SELECT COUNT(DISTINCT country.language) FROM countrylanguage WHERE country.countrycode IN (SELECT code FROM country WHERE continent = 'Africa') AND countrylanguage.isofficial = 'yes';
world_1,What is the total number of languages used in Aruba?,"SELECT COUNT(T2.Language) FROM country AS T1 JOIN countrylanguage AS T2 ON T1.Code  =  T2.CountryCode WHERE T1.Name  =  ""Aruba""",SELECT SUM(countrylanguage.percentage) FROM countrylanguage JOIN country ON countrylanguage.countrycode = (SELECT code FROM country WHERE name = 'Aruba') LIMIT 1;
world_1,How many languages are spoken in Aruba?,"SELECT COUNT(T2.Language) FROM country AS T1 JOIN countrylanguage AS T2 ON T1.Code  =  T2.CountryCode WHERE T1.Name  =  ""Aruba""","SELECT COUNT(*) AS total_languages  
FROM countrylanguage  
WHERE countrycode = (SELECT code FROM country WHERE name = 'Aruba');"
world_1,How many official languages does Afghanistan have?,"SELECT COUNT(*) FROM country AS T1 JOIN countrylanguage AS T2 ON T1.Code  =  T2.CountryCode WHERE T1.Name  =  ""Afghanistan"" AND IsOfficial  =  ""T""",SELECT COUNT(*) FROM countrylanguage WHERE countrycode = (SELECT code FROM country WHERE name = 'Afghanistan');
world_1,How many official languages are spoken in Afghanistan?,"SELECT COUNT(*) FROM country AS T1 JOIN countrylanguage AS T2 ON T1.Code  =  T2.CountryCode WHERE T1.Name  =  ""Afghanistan"" AND IsOfficial  =  ""T""",SELECT COUNT(*) FROM countrylanguage WHERE isofficial = '1' AND countrycode = (SELECT code FROM country WHERE name = 'Afghanistan') LIMIT 1;
world_1,What is name of the country that speaks the largest number of languages?,SELECT T1.Name FROM country AS T1 JOIN countrylanguage AS T2 ON T1.Code  =  T2.CountryCode GROUP BY T1.Name ORDER BY COUNT(*) DESC LIMIT 1,"SELECT country.name  
FROM country  
JOIN countrylanguage ON country.code = countrylanguage.countrycode  
ORDER BY countrylanguage.percentage DESC  
LIMIT 1;"
world_1,Give the name of the nation that uses the greatest amount of languages.,SELECT T1.Name FROM country AS T1 JOIN countrylanguage AS T2 ON T1.Code  =  T2.CountryCode GROUP BY T1.Name ORDER BY COUNT(*) DESC LIMIT 1,"SELECT country.name 
FROM country 
JOIN countrylanguage ON country.code = countrylanguage.countrycode 
GROUP BY country.code 
HAVING SUM(countrylanguage.percentage) = (SELECT SUM(countrylanguage.percentage) FROM countrylanguage) 
LIMIT 1;"
world_1,Which continent has the most diverse languages?,SELECT T1.Continent FROM country AS T1 JOIN countrylanguage AS T2 ON T1.Code  =  T2.CountryCode GROUP BY T1.Continent ORDER BY COUNT(*) DESC LIMIT 1,"SELECT continent, SUM(percent) AS total_languages  
FROM countrylanguage  
JOIN country ON countrylanguage.countrycode = country.code  
GROUP BY continent  
ORDER BY total_languages DESC  
LIMIT 1;"
world_1,Which continent speaks the most languages?,SELECT T1.Continent FROM country AS T1 JOIN countrylanguage AS T2 ON T1.Code  =  T2.CountryCode GROUP BY T1.Continent ORDER BY COUNT(*) DESC LIMIT 1,SELECT continent FROM country WHERE country.code IN (SELECT code FROM countrylanguage ORDER BY percentage DESC LIMIT 1);
world_1,How many countries speak both English and Dutch?,"SELECT COUNT(*) FROM (SELECT T1.Name FROM country AS T1 JOIN countrylanguage AS T2 ON T1.Code  =  T2.CountryCode WHERE T2.Language  =  ""English"" INTERSECT SELECT T1.Name FROM country AS T1 JOIN countrylanguage AS T2 ON T1.Code  =  T2.CountryCode WHERE T2.Language  =  ""Dutch"")","SELECT COUNT(*) 
FROM country 
JOIN countrylanguage ON country.code = countrylanguage.countrycode 
WHERE countrylanguage.language IN ('English', 'Dutch') AND countrylanguage.isofficial = 'Yes';"
world_1,What is the number of nations that use English and Dutch?,"SELECT COUNT(*) FROM (SELECT T1.Name FROM country AS T1 JOIN countrylanguage AS T2 ON T1.Code  =  T2.CountryCode WHERE T2.Language  =  ""English"" INTERSECT SELECT T1.Name FROM country AS T1 JOIN countrylanguage AS T2 ON T1.Code  =  T2.CountryCode WHERE T2.Language  =  ""Dutch"")","SELECT COUNT(*) FROM countrylanguage WHERE language IN ('English', 'Dutch');"
world_1,What are the names of nations speak both English and French?,"SELECT T1.Name FROM country AS T1 JOIN countrylanguage AS T2 ON T1.Code  =  T2.CountryCode WHERE T2.Language  =  ""English"" INTERSECT SELECT T1.Name FROM country AS T1 JOIN countrylanguage AS T2 ON T1.Code  =  T2.CountryCode WHERE T2.Language  =  ""French""","SELECT name  
FROM country  
JOIN countrylanguage ON country.code = countrylanguage.countrycode  
WHERE countrylanguage.language IN ('English', 'French');"
world_1,Give the names of nations that speak both English and French.,"SELECT T1.Name FROM country AS T1 JOIN countrylanguage AS T2 ON T1.Code  =  T2.CountryCode WHERE T2.Language  =  ""English"" INTERSECT SELECT T1.Name FROM country AS T1 JOIN countrylanguage AS T2 ON T1.Code  =  T2.CountryCode WHERE T2.Language  =  ""French""","SELECT name  
FROM country  
WHERE language IN ('en', 'fr');"
world_1,What are the names of nations where both English and French are official languages?,"SELECT T1.Name FROM country AS T1 JOIN countrylanguage AS T2 ON T1.Code  =  T2.CountryCode WHERE T2.Language  =  ""English"" AND T2.IsOfficial  =  ""T"" INTERSECT SELECT T1.Name FROM country AS T1 JOIN countrylanguage AS T2 ON T1.Code  =  T2.CountryCode WHERE T2.Language  =  ""French"" AND T2.IsOfficial  =  ""T""","SELECT name  
FROM country  
WHERE country.code IN  
  (  
    SELECT countrycode  
    FROM countrylanguage  
    WHERE language IN ('en', 'fr')  
  )  
LIMIT 1;"
world_1,Give the names of countries with English and French as official languages.,"SELECT T1.Name FROM country AS T1 JOIN countrylanguage AS T2 ON T1.Code  =  T2.CountryCode WHERE T2.Language  =  ""English"" AND T2.IsOfficial  =  ""T"" INTERSECT SELECT T1.Name FROM country AS T1 JOIN countrylanguage AS T2 ON T1.Code  =  T2.CountryCode WHERE T2.Language  =  ""French"" AND T2.IsOfficial  =  ""T""","SELECT c.name  
FROM country c  
JOIN countrylanguage cl ON c.code = cl.countrycode  
WHERE cl.language IN ('English', 'French');"
world_1,What is the number of distinct continents where Chinese is spoken?,"SELECT COUNT( DISTINCT Continent) FROM country AS T1 JOIN countrylanguage AS T2 ON T1.Code  =  T2.CountryCode WHERE T2.Language  =  ""Chinese""","SELECT COUNT(DISTINCT continent)
FROM countrylanguage
WHERE language = 'Chinese'
GROUP BY continent;"
world_1,How many continents speak Chinese?,"SELECT COUNT( DISTINCT Continent) FROM country AS T1 JOIN countrylanguage AS T2 ON T1.Code  =  T2.CountryCode WHERE T2.Language  =  ""Chinese""","SELECT COUNT(DISTINCT country.continent) AS total_continents  
FROM countrylanguage cl  
JOIN country c ON cl.countrycode = c.code  
WHERE cl.language = 'Chinese';"
world_1,What are the regions that use English or Dutch?,"SELECT DISTINCT T1.Region FROM country AS T1 JOIN countrylanguage AS T2 ON T1.Code  =  T2.CountryCode WHERE T2.Language  =  ""English"" OR T2.Language  =  ""Dutch""","SELECT c.continent  
FROM country c  
JOIN countrylanguage cl ON c.code = cl.countrycode  
WHERE cl.language IN ('English', 'Dutch');"
world_1,Which regions speak Dutch or English?,"SELECT DISTINCT T1.Region FROM country AS T1 JOIN countrylanguage AS T2 ON T1.Code  =  T2.CountryCode WHERE T2.Language  =  ""English"" OR T2.Language  =  ""Dutch""","SELECT DISTINCT region  
FROM country  
INNER JOIN countrylanguage  
ON country.code = countrylanguage.countrycode  
WHERE language IN ('Dutch', 'English');"
world_1,What are the countries where either English or Dutch is the official language ?,"select t1.name from country as t1 join countrylanguage as t2 on t1.code  =  t2.countrycode where t2.language  =  ""english"" and isofficial  =  ""t"" union select t1.name from country as t1 join countrylanguage as t2 on t1.code  =  t2.countrycode where t2.language  =  ""dutch"" and isofficial  =  ""t""","SELECT countrycode FROM countrylanguage WHERE language IN ('English', 'Dutch') LIMIT 1;"
world_1,Which countries have either English or Dutch as an official language?,"SELECT * FROM country AS T1 JOIN countrylanguage AS T2 ON T1.Code  =  T2.CountryCode WHERE T2.Language  =  ""English"" AND IsOfficial  =  ""T"" UNION SELECT * FROM country AS T1 JOIN countrylanguage AS T2 ON T1.Code  =  T2.CountryCode WHERE T2.Language  =  ""Dutch"" AND IsOfficial  =  ""T""","SELECT name  
FROM country  
WHERE code IN  
  (  
    SELECT code  
    FROM countrylanguage  
    WHERE language IN ('English', 'Dutch')  
  )  
LIMIT 1;"
world_1,Which language is the most popular on the Asian continent?,"SELECT T2.Language FROM country AS T1 JOIN countrylanguage AS T2 ON T1.Code  =  T2.CountryCode WHERE T1.Continent  =  ""Asia"" GROUP BY T2.Language ORDER BY COUNT (*) DESC LIMIT 1","SELECT language, percentage  
FROM countrylanguage  
WHERE countrycode = (  
    SELECT code  
    FROM country  
    WHERE continent = 'Asia'  
)  
ORDER BY percentage DESC  
LIMIT 1;"
world_1,What is the language that is used by the largest number of Asian nations?,"SELECT T2.Language FROM country AS T1 JOIN countrylanguage AS T2 ON T1.Code  =  T2.CountryCode WHERE T1.Continent  =  ""Asia"" GROUP BY T2.Language ORDER BY COUNT (*) DESC LIMIT 1","SELECT countrylanguage.language, COUNT(*) AS count  
FROM countrylanguage  
JOIN country ON country.code = countrylanguage.countrycode  
WHERE country.continent = 'Asia'  
GROUP BY countrylanguage.language  
ORDER BY COUNT(*) DESC  
LIMIT 1;"
world_1,Which languages are spoken by only one country in republic governments?,"SELECT T2.Language FROM country AS T1 JOIN countrylanguage AS T2 ON T1.Code  =  T2.CountryCode WHERE T1.GovernmentForm  =  ""Republic"" GROUP BY T2.Language HAVING COUNT(*)  =  1","SELECT c.language, COUNT(DISTINCT c.language) AS unique_languages  
FROM country c  
JOIN countrylanguage cl ON c.code = cl.countrycode  
WHERE c.governmentform = 'Republic'  
GROUP BY c.language  
HAVING COUNT(DISTINCT c.language) = 1;"
world_1,What languages are only used by a single country with a republic government?,"SELECT T2.Language FROM country AS T1 JOIN countrylanguage AS T2 ON T1.Code  =  T2.CountryCode WHERE T1.GovernmentForm  =  ""Republic"" GROUP BY T2.Language HAVING COUNT(*)  =  1","SELECT cl.language  
FROM country c  
JOIN countrylanguage cl ON c.code = cl.countrycode  
WHERE c.governmentform = 'republic'  
AND cl.% = (SELECT COUNT(*) FROM countrylanguage WHERE countrycode = c.code);"
world_1,Find the city with the largest population that uses English.,"SELECT T1.Name ,  T1.Population FROM city AS T1 JOIN countrylanguage AS T2 ON T1.CountryCode  =  T2.CountryCode WHERE T2.Language  =  ""English"" ORDER BY T1.Population DESC LIMIT 1","SELECT MAX(population) AS largest_pop  
FROM city  
WHERE countrylanguage.countrycode IN (  
    SELECT countrylanguage.countrycode  
    FROM countrylanguage  
    WHERE language = 'English'  
    GROUP BY countrylanguage.countrycode  
    HAVING population > ?  
)  
LIMIT 1;"
world_1,What is the most populace city that speaks English?,"SELECT T1.Name ,  T1.Population FROM city AS T1 JOIN countrylanguage AS T2 ON T1.CountryCode  =  T2.CountryCode WHERE T2.Language  =  ""English"" ORDER BY T1.Population DESC LIMIT 1","SELECT city.population  
FROM city  
JOIN countrylanguage ON city.countrycode = countrylanguage.countrycode  
WHERE countrylanguage.language = 'English'  
ORDER BY city.population DESC  
LIMIT 1;"
world_1,"Find the name, population and expected life length of asian country with the largest area?","SELECT Name ,  Population ,  LifeExpectancy FROM country WHERE Continent  =  ""Asia"" ORDER BY SurfaceArea DESC LIMIT 1","SELECT name, population, lifeexpectancy  
FROM country  
WHERE continent = 'Asia'  
ORDER BY surfacearea DESC  
LIMIT 1;"
world_1,"What are the name, population, and life expectancy of the largest Asian country by land?","SELECT Name ,  Population ,  LifeExpectancy FROM country WHERE Continent  =  ""Asia"" ORDER BY SurfaceArea DESC LIMIT 1","SELECT name, population, lifeexpectancy  
FROM country  
ORDER BY surfacearea DESC  
LIMIT 1;"
world_1,What is average life expectancy in the countries where English is not the official language?,"SELECT avg(LifeExpectancy) FROM country WHERE Name NOT IN (SELECT T1.Name FROM country AS T1 JOIN countrylanguage AS T2 ON T1.Code  =  T2.CountryCode WHERE T2.Language  =  ""English"" AND T2.IsOfficial  =  ""T"")",SELECT AVG(country.lifeexpectancy) FROM country JOIN countrylanguage ON country.code = countrylanguage.countrycode WHERE countrylanguage.isofficial = 'no' AND countrylanguage.percentage != 0;
world_1,Give the mean life expectancy of countries in which English is not the official language.,"SELECT avg(LifeExpectancy) FROM country WHERE Name NOT IN (SELECT T1.Name FROM country AS T1 JOIN countrylanguage AS T2 ON T1.Code  =  T2.CountryCode WHERE T2.Language  =  ""English"" AND T2.IsOfficial  =  ""T"")","SELECT AVG(country.lifeexpectancy) AS mean_life_expectancy
FROM country
JOIN countrylanguage ON country.code = countrylanguage.countrycode
WHERE countrylanguage.isofficial = 'No';"
world_1,What is the total number of people living in the nations that do not use English?,"SELECT sum(Population) FROM country WHERE Name NOT IN (SELECT T1.Name FROM country AS T1 JOIN countrylanguage AS T2 ON T1.Code  =  T2.CountryCode WHERE T2.Language  =  ""English"")",SELECT SUM(country.population) FROM country JOIN countrylanguage ON country.code = countrylanguage.countrycode WHERE countrylanguage.language != 'English';
world_1,How many people live in countries that do not speak English?,"SELECT sum(Population) FROM country WHERE Name NOT IN (SELECT T1.Name FROM country AS T1 JOIN countrylanguage AS T2 ON T1.Code  =  T2.CountryCode WHERE T2.Language  =  ""English"")","SELECT COUNT(*) 
FROM country 
JOIN countrylanguage ON country.code = countrylanguage.countrycode 
WHERE countrylanguage.language != 'English';"
world_1,What is the official language spoken in the country whose head of state is Beatrix?,"SELECT T2.Language FROM country AS T1 JOIN countrylanguage AS T2 ON T1.Code  =  T2.CountryCode WHERE T1.HeadOfState  =  ""Beatrix"" AND T2.IsOfficial  =  ""T""",SELECT percentage FROM countrylanguage WHERE countrycode = (SELECT code FROM country WHERE headofstate = 'Beatrix') LIMIT 1;
world_1,What is the official language used in the country the name of whose head of state is Beatrix.,"SELECT T2.Language FROM country AS T1 JOIN countrylanguage AS T2 ON T1.Code  =  T2.CountryCode WHERE T1.HeadOfState  =  ""Beatrix"" AND T2.IsOfficial  =  ""T""",SELECT countrylanguage.language FROM country JOIN countrylanguage ON country.code = countrylanguage.countrycode WHERE country.headofstate = 'Beatrix';
world_1,What is the total number of unique official languages spoken in the countries that are founded before 1930?,"SELECT count(DISTINCT T2.Language) FROM country AS T1 JOIN countrylanguage AS T2 ON T1.Code  =  T2.CountryCode WHERE  IndepYear  <  1930 AND T2.IsOfficial  =  ""T""","SELECT COUNT(DISTINCT language) AS total_languages
FROM country
JOIN countrylanguage ON country.code = countrylanguage.countrycode
WHERE country.founded < 1930
GROUP BY countrycode;"
world_1,"For the countries founded before 1930, what is the total number of distinct official languages?","SELECT count(DISTINCT T2.Language) FROM country AS T1 JOIN countrylanguage AS T2 ON T1.Code  =  T2.CountryCode WHERE  IndepYear  <  1930 AND T2.IsOfficial  =  ""T""",SELECT COUNT(DISTINCT language) FROM countrylanguage WHERE countrycode IN (SELECT code FROM country WHERE founded < 1930) LIMIT 1;
world_1,What are the countries that have greater surface area than any country in Europe?,"SELECT Name FROM country WHERE SurfaceArea  >  (SELECT min(SurfaceArea) FROM country WHERE Continent  =  ""Europe"")",SELECT country.code FROM country WHERE country.continent = 'Europe' AND country.surfacearea = (SELECT MAX(surfacearea) FROM country WHERE country.continent = 'Europe');
world_1,Which countries have greater area than that of any country in Europe?,"SELECT Name FROM country WHERE SurfaceArea  >  (SELECT min(SurfaceArea) FROM country WHERE Continent  =  ""Europe"")",SELECT * FROM country WHERE continent IN ('Europe') AND surfacearea > (SELECT MAX(surfacearea) FROM country WHERE continent IN ('Europe')) LIMIT 1;
world_1,What are the African countries that have a  population less than any country in Asia?,"SELECT Name FROM country WHERE Continent  =  ""Africa""  AND population  <  (SELECT max(population) FROM country WHERE Continent  =  ""Asia"")","SELECT country.name  
FROM country  
WHERE continent = 'Africa'  
AND population < (  
    SELECT MAX(population)  
    FROM country  
    WHERE continent = 'Asia'  
)  
LIMIT 1;"
world_1,Which African countries have a smaller population than that of any country in Asia?,"SELECT Name FROM country WHERE Continent  =  ""Africa""  AND population  <  (SELECT min(population) FROM country WHERE Continent  =  ""Asia"")","SELECT c.code  
FROM country c  
WHERE c.code IN  
(  
  SELECT countrycode  
  FROM country  
  WHERE continent IN ('Africa')  
  ORDER BY population ASC  
  LIMIT 1  
)  
AND c.code IN  
(  
  SELECT countrycode  
  FROM country  
  WHERE continent IN ('Asia')  
  ORDER BY population ASC  
  LIMIT 1  
);"
world_1,Which Asian countries have a population that is larger than any country in Africa?,"SELECT Name FROM country WHERE Continent  =  ""Asia""  AND population  >  (SELECT max(population) FROM country WHERE Continent  =  ""Africa"")","SELECT country.name  
FROM country  
WHERE continent = 'Asia'  
AND country.population >  
   (SELECT MAX(population)  
   FROM country  
   WHERE continent = 'Africa');"
world_1,What are the Asian countries which have a population larger than that of any country in Africa?,"SELECT Name FROM country WHERE Continent  =  ""Asia""  AND population  >  (SELECT min(population) FROM country WHERE Continent  =  ""Africa"")","SELECT c.name  
FROM country c  
WHERE c.continent = 'Asia'  
AND c.population >  
   (SELECT MAX(population)  
   FROM country  
   WHERE continent = 'Africa');"
world_1,What are the country codes for countries that do not speak English?,"SELECT CountryCode FROM countrylanguage EXCEPT SELECT CountryCode FROM countrylanguage WHERE LANGUAGE  =  ""English""","SELECT c.code  
FROM country c  
WHERE c.code NOT IN  
  (SELECT l.countrycode  
   FROM countrylanguage l  
   WHERE l.language = 'English');"
world_1,Return the country codes for countries that do not speak English.,"SELECT CountryCode FROM countrylanguage EXCEPT SELECT CountryCode FROM countrylanguage WHERE LANGUAGE  =  ""English""",SELECT countrycode FROM country WHERE language != 'English';
world_1,What are the country codes of countries where people use languages other than English?,"SELECT DISTINCT CountryCode FROM countrylanguage WHERE LANGUAGE != ""English""","SELECT country.code  
FROM country  
JOIN countrylanguage ON country.code = countrylanguage.countrycode  
WHERE countrylanguage.language != 'English';"
world_1,Give the country codes for countries in which people speak langauges that are not English.,"SELECT DISTINCT CountryCode FROM countrylanguage WHERE LANGUAGE != ""English""","SELECT countrycode
FROM countrylanguage
WHERE language NOT LIKE '%English%';"
world_1,What are the codes of the countries that do not speak English and whose government forms are not Republic?,"SELECT Code FROM country WHERE GovernmentForm != ""Republic"" EXCEPT SELECT CountryCode FROM countrylanguage WHERE LANGUAGE  =  ""English""","SELECT country.code  
FROM country  
JOIN countrylanguage ON country.code = countrylanguage.countrycode  
WHERE countrylanguage.percentage != 0  
  AND countrylanguage.isofficial = 'no'  
  AND countrylanguage.language = 'English'  
  AND country.governmentform != 'Republic';"
world_1,Return the codes of countries that do not speak English and do not have Republics for governments.,"SELECT Code FROM country WHERE GovernmentForm != ""Republic"" EXCEPT SELECT CountryCode FROM countrylanguage WHERE LANGUAGE  =  ""English""","SELECT country.code  
FROM country  
WHERE country.countrylanguage.language != 'English'  
AND countrygovernmentform != 'Republic'  
ORDER BY country.code;"
world_1,Which cities are in European countries where English is not the official language?,SELECT DISTINCT T2.Name FROM country AS T1 JOIN city AS T2 ON T2.CountryCode  =  T1.Code WHERE T1.Continent  =  'Europe' AND T1.Name NOT IN (SELECT T3.Name FROM country AS T3 JOIN countrylanguage AS T4 ON T3.Code  =  T4.CountryCode WHERE T4.IsOfficial  =  'T' AND T4.Language  =  'English'),"SELECT c.name  
FROM city c  
JOIN country ON c.countrycode = country.code  
WHERE country.continent = 'Europe' AND countrylanguage.language NOT IN ('English');"
world_1,What are the names of cities in Europe for which English is not the official language?,SELECT DISTINCT T2.Name FROM country AS T1 JOIN city AS T2 ON T2.CountryCode  =  T1.Code WHERE T1.Continent  =  'Europe' AND T1.Name NOT IN (SELECT T3.Name FROM country AS T3 JOIN countrylanguage AS T4 ON T3.Code  =  T4.CountryCode WHERE T4.IsOfficial  =  'T' AND T4.Language  =  'English'),"SELECT c.name  
FROM city c  
JOIN country l ON c.countrycode = l.code  
WHERE l.continent = 'Europe' AND l.language NOT IN (SELECT language FROM countrylanguage WHERE isofficial = 'no');"
world_1,Which unique cities are in Asian countries where Chinese is the official language ?,"select distinct t3.name from country as t1 join countrylanguage as t2 on t1.code  =  t2.countrycode join city as t3 on t1.code  =  t3.countrycode where t2.isofficial  =  't' and t2.language  =  'chinese' and t1.continent  =  ""asia""",SELECT DISTINCT city.id FROM city JOIN country ON city.countrycode = country.code WHERE country.continent IN ('Asia') AND countrylanguage.language = 'Chinese';
world_1,Return the different names of cities that are in Asia and for which Chinese is the official language.,"SELECT DISTINCT T3.Name FROM country AS T1 JOIN countrylanguage AS T2 ON T1.Code  =  T2.CountryCode JOIN city AS T3 ON T1.Code  =  T3.CountryCode WHERE T2.IsOfficial  =  'T' AND T2.Language  =  'Chinese' AND T1.Continent  =  ""Asia""","SELECT city.name, country.name, country.continent  
FROM city  
JOIN country ON city.countrycode = country.code  
WHERE country.continent = 'Asia' AND countrylanguage.language = 'Chinese'  
LIMIT 10;"
world_1,"What are the name, independence year, and surface area of the country with the smallest population?","SELECT Name ,  SurfaceArea ,  IndepYear FROM country ORDER BY Population LIMIT 1","SELECT name, independence_year, surface_area FROM country ORDER BY population ASC LIMIT 1;"
world_1,"Give the name, year of independence, and surface area of the country that has the lowest population.","SELECT Name ,  SurfaceArea ,  IndepYear FROM country ORDER BY Population LIMIT 1","SELECT name, independence_year, population FROM country ORDER BY population DESC LIMIT 1;"
world_1,"What are the population, name and leader of the country with the largest area?","SELECT Name ,  population ,  HeadOfState FROM country ORDER BY SurfaceArea DESC LIMIT 1","SELECT name, leader  
FROM country  
WHERE surfacearea = (  
    SELECT MAX(surfacearea)  
    FROM country  
)  
LIMIT 1;"
world_1,"Give the name, population, and head of state for the country that has the largest area.","SELECT Name ,  population ,  HeadOfState FROM country ORDER BY SurfaceArea DESC LIMIT 1","SELECT name, population, headofstate FROM country WHERE surfacearea = (SELECT MAX(surfacearea) FROM country) LIMIT 1;"
world_1,Return the country name and the numbers of languages spoken for each country that speaks at least 3 languages.,"SELECT COUNT(T2.Language) ,  T1.Name FROM country AS T1 JOIN countrylanguage AS T2 ON T1.Code  =  T2.CountryCode GROUP BY T1.Name HAVING COUNT(*)  >  2","SELECT c.name, cl.percentage
FROM country c
JOIN countrylanguage cl ON c.code = cl.countrycode
WHERE cl.percentage >= 3
GROUP BY c.code;"
world_1,"What are the names of countries that speak more than 2 languages, as well as how many languages they speak?","SELECT COUNT(T2.Language) ,  T1.Name FROM country AS T1 JOIN countrylanguage AS T2 ON T1.Code  =  T2.CountryCode GROUP BY T1.Name HAVING COUNT(*)  >  2","SELECT c.name, cl.percentage  
FROM country c  
JOIN countrylanguage cl ON c.code = cl.countrycode  
WHERE cl.percentage > 2;"
world_1,Find the number of cities in each district whose population is greater than the average population of cities?,"SELECT count(*) ,  District FROM city WHERE Population  >  (SELECT avg(Population) FROM city) GROUP BY District","SELECT district, COUNT(*) AS count  
FROM city  
WHERE population > (SELECT AVG(population) FROM city  
GROUP BY district)  
GROUP BY district;"
world_1,How many cities in each district have a population that is above the average population across all cities?,"SELECT count(*) ,  District FROM city WHERE Population  >  (SELECT avg(Population) FROM city) GROUP BY District","SELECT district, COUNT(*) AS count  
FROM city  
GROUP BY district  
HAVING population > (SELECT AVG(population) FROM city)  
LIMIT 1;"
world_1,Find the government form name and total population for each government form whose average life expectancy is longer than 72.,"SELECT sum(Population) ,  GovernmentForm FROM country GROUP BY GovernmentForm HAVING avg(LifeExpectancy)  >  72","SELECT c.governmentform, c.population  
FROM country c  
WHERE c.governmentform IN (
    SELECT g.governmentform  
    FROM country g  
    GROUP BY g.governmentform  
    HAVING AVG(c.lifeexpectancy) > 72  
)  
LIMIT 1;"
world_1,What are the different government forms and what is the total population of each for government forms that have an average life expectancy greater than 72?,"SELECT sum(Population) ,  GovernmentForm FROM country GROUP BY GovernmentForm HAVING avg(LifeExpectancy)  >  72","SELECT g.governmentform, SUM(c.population) AS total_population FROM country c JOIN (
    SELECT g.governmentform, SUM(g.population) AS population
    FROM country g
    WHERE g.lifeexpectancy > 72
    GROUP BY g.governmentform
) g ON g.governmentform = c.governmentform
GROUP BY g.governmentform;"
world_1,Find the average life expectancy and total population for each continent where the average life expectancy is shorter than 72?,"SELECT sum(Population) ,  avg(LifeExpectancy) ,  Continent FROM country GROUP BY Continent HAVING avg(LifeExpectancy)  <  72","SELECT continent, AVG(lifeexpectancy) AS average_life, SUM(population) AS total_pop  
FROM country  
GROUP BY continent  
HAVING AVG(lifeexpectancy) < 72;"
world_1,"What are the different continents and the total popuation and average life expectancy corresponding to each, for continents that have an average life expectancy less than 72?","SELECT sum(Population) ,  avg(LifeExpectancy) ,  Continent FROM country GROUP BY Continent HAVING avg(LifeExpectancy)  <  72","SELECT continent, total_population, average_lifeexpectancy  
FROM country  
WHERE lifeexpectancy < 72  
GROUP BY continent;"
world_1,What are the names and areas of countries with the top 5 largest area?,"SELECT Name ,  SurfaceArea FROM country ORDER BY SurfaceArea DESC LIMIT 5","SELECT name, surfacearea FROM country ORDER BY surfacearea DESC LIMIT 5;"
world_1,Return the names and surface areas of the 5 largest countries.,"SELECT Name ,  SurfaceArea FROM country ORDER BY SurfaceArea DESC LIMIT 5","SELECT name, surfacearea FROM country ORDER BY surfacearea DESC LIMIT 5;"
world_1,What are names of countries with the top 3 largest population?,SELECT Name FROM country ORDER BY Population DESC LIMIT 3,SELECT name FROM country ORDER BY population DESC LIMIT 3;
world_1,Return the names of the 3 most populated countries.,SELECT Name FROM country ORDER BY Population DESC LIMIT 3,SELECT name FROM country ORDER BY population DESC LIMIT 3;
world_1,What are the names of the nations with the 3 lowest populations?,SELECT Name FROM country ORDER BY Population ASC LIMIT 3,SELECT name FROM country ORDER BY population LIMIT 3;
world_1,Return the names of the 3 countries with the fewest people.,SELECT Name FROM country ORDER BY Population ASC LIMIT 3,"SELECT name  
FROM country  
ORDER BY population DESC  
LIMIT 3;"
world_1,how many countries are in Asia?,"SELECT count(*) FROM country WHERE continent  =  ""Asia""",SELECT COUNT(*) FROM country WHERE continent = 'Asia';
world_1,Count the number of countries in Asia.,"SELECT count(*) FROM country WHERE continent  =  ""Asia""",SELECT COUNT(*) FROM country WHERE continent = 'Asia';
world_1,What are the names of the countries that are in the continent of Europe and have a population of 80000?,"SELECT Name FROM country WHERE continent  =  ""Europe"" AND Population  =  ""80000""","SELECT name  
FROM country  
WHERE continent = 'Europe'  
  AND population = 80000  
LIMIT 1;"
world_1,Give the names of countries that are in Europe and have a population equal to 80000.,"SELECT Name FROM country WHERE continent  =  ""Europe"" AND Population  =  ""80000""",SELECT name FROM country WHERE continent = 'Europe' AND population = 80000;
world_1,What is the total population and average area of countries in the continent of North America whose area is bigger than 3000 ?,"select sum(population) ,  avg(surfacearea) from country where continent  =  ""north america"" and surfacearea  >  3000","SELECT SUM(population) AS total_population, AVG(surfacearea) AS average_area
FROM country
WHERE continent = 'North America' AND surfacearea > 3000;"
world_1,Give the total population and average surface area corresponding to countries in North America that have a surface area greater than 3000 .,"select sum(population) ,  avg(surfacearea) from country where continent  =  ""north america"" and surfacearea  >  3000","SELECT 
    SUM(population) AS total_population,
    AVG(surfacearea) AS average_surface_area
FROM country
WHERE continent = 'North America' AND surfacearea > 3000;"
world_1,What are the cities whose population is between 160000 and 900000?,SELECT name FROM city WHERE Population BETWEEN 160000 AND 900000,SELECT * FROM city WHERE population BETWEEN 160000 AND 900000;
world_1,Return the names of cities that have a population between 160000 and 900000 .,select name from city where population between 160000 and 900000,SELECT name FROM city WHERE population BETWEEN 160000 AND 900000;
world_1,Which language is spoken by the largest number of countries?,SELECT LANGUAGE FROM countrylanguage GROUP BY LANGUAGE ORDER BY count(*) DESC LIMIT 1,"SELECT language, COUNT(*) AS count  
FROM countrylanguage  
GROUP BY language  
ORDER BY COUNT(*) DESC  
LIMIT 1;"
world_1,Give the language that is spoken in the most countries.,SELECT LANGUAGE FROM countrylanguage GROUP BY LANGUAGE ORDER BY count(*) DESC LIMIT 1,"SELECT language  
FROM countrylanguage  
WHERE percentage = (SELECT MAX(percentage) FROM countrylanguage)  
ORDER BY percentage DESC LIMIT 1;"
world_1,What is the language spoken by the largest percentage of people in each country?,"SELECT LANGUAGE ,  CountryCode ,  max(Percentage) FROM countrylanguage GROUP BY CountryCode","SELECT countrylanguage.language  
FROM countrylanguage  
INNER JOIN country ON countrylanguage.countrycode = country.code  
WHERE country.population = (SELECT MAX(country.population) FROM country) LIMIT 1;"
world_1,"What are the country codes of the different countries, and what are the languages spoken by the greatest percentage of people for each?","SELECT LANGUAGE ,  CountryCode ,  max(Percentage) FROM countrylanguage GROUP BY CountryCode","SELECT c.code, l.language, l.percentage  
FROM country c  
JOIN countrylanguage l ON c.code = l.countrycode  
WHERE l.percentage = (SELECT MAX(l.percentage) FROM countrylanguage l2 WHERE l2.countrycode = c.code);"
world_1,What is the total number of countries where Spanish is spoken by the largest percentage of people?,"SELECT count(*) ,   max(Percentage) FROM countrylanguage WHERE LANGUAGE  =  ""Spanish"" GROUP BY CountryCode",SELECT COUNT(*) FROM countrylanguage WHERE percentage = (SELECT MAX(percent) FROM countrylanguage);
world_1,Count the number of countries for which Spanish is the predominantly spoken language.,"SELECT count(*) ,   max(Percentage) FROM countrylanguage WHERE LANGUAGE  =  ""Spanish"" GROUP BY CountryCode",SELECT COUNT(*) FROM country JOIN countrylanguage ON country.code = countrylanguage.countrycode WHERE language = 'Spanish';
world_1,What are the codes of countries where Spanish is spoken by the largest percentage of people?,"SELECT CountryCode ,  max(Percentage) FROM countrylanguage WHERE LANGUAGE  =  ""Spanish"" GROUP BY CountryCode","SELECT country.code  
FROM country  
JOIN countrylanguage ON country.code = countrylanguage.countrycode  
WHERE countrylanguage.percentage = (
    SELECT MAX(percentage)  
    FROM countrylanguage
);"
world_1,Return the codes of countries for which Spanish is the predominantly spoken language.,"SELECT CountryCode ,  max(Percentage) FROM countrylanguage WHERE LANGUAGE  =  ""Spanish"" GROUP BY CountryCode","SELECT country.code  
FROM country  
JOIN countrylanguage ON country.code = countrylanguage.countrycode  
WHERE countrylanguage.language = 'Spanish';"
orchestra,How many conductors are there?,SELECT count(*) FROM conductor,SELECT COUNT(*) FROM conductor;
orchestra,Count the number of conductors.,SELECT count(*) FROM conductor,SELECT COUNT(*) FROM conductor;
orchestra,List the names of conductors in ascending order of age.,SELECT Name FROM conductor ORDER BY Age ASC,SELECT name FROM conductor ORDER BY age ASC;
orchestra,"What are the names of conductors, ordered by age?",SELECT Name FROM conductor ORDER BY Age ASC,SELECT name FROM conductor ORDER BY age ASC;
orchestra,"What are the names of conductors whose nationalities are not ""USA""?",SELECT Name FROM conductor WHERE Nationality != 'USA',SELECT name FROM conductor WHERE nationality != 'USA';
orchestra,"Return the names of conductors that do not have the nationality ""USA"".",SELECT Name FROM conductor WHERE Nationality != 'USA',SELECT name FROM conductor WHERE nationality != 'USA';
orchestra,What are the record companies of orchestras in descending order of years in which they were founded?,SELECT Record_Company FROM orchestra ORDER BY Year_of_Founded DESC,"SELECT record_company, year_of_founded FROM orchestra ORDER BY year_of_founded DESC;"
orchestra,"Return the record companies of orchestras, sorted descending by the years in which they were founded.",SELECT Record_Company FROM orchestra ORDER BY Year_of_Founded DESC,SELECT record_company FROM orchestra ORDER BY year_of_founded DESC;
orchestra,What is the average attendance of shows?,SELECT avg(Attendance) FROM SHOW,SELECT SUM(attendance) / COUNT(*) AS average_attendance FROM show;
orchestra,Return the average attendance across all shows.,SELECT avg(Attendance) FROM SHOW,SELECT SUM(show.attendance) / COUNT(*) AS average_attendance FROM show;
orchestra,"What are the maximum and minimum share of performances whose type is not ""Live final"".","SELECT max(SHARE) ,  min(SHARE) FROM performance WHERE TYPE != ""Live final""","SELECT MAX(share) AS max_share, MIN(share) AS min_share  
FROM performance  
WHERE type != 'Live final';"
orchestra,"Return the maximum and minimum shares for performances that do not have the type ""Live final"".","SELECT max(SHARE) ,  min(SHARE) FROM performance WHERE TYPE != ""Live final""","SELECT MAX(share) AS max_share, MIN(share) AS min_share FROM performance WHERE type != 'Live final';"
orchestra,How many different nationalities do conductors have?,SELECT count(DISTINCT Nationality) FROM conductor,SELECT COUNT(DISTINCT conductor.nationality) FROM conductor;
orchestra,Count the number of different nationalities of conductors.,SELECT count(DISTINCT Nationality) FROM conductor,SELECT COUNT(DISTINCT conductor.nationality) FROM conductor;
orchestra,List names of conductors in descending order of years of work.,SELECT Name FROM conductor ORDER BY Year_of_Work DESC,"SELECT name, year_of_work FROM conductor ORDER BY year_of_work DESC;"
orchestra,"What are the names of conductors, sorted descending by the number of years they have worked?",SELECT Name FROM conductor ORDER BY Year_of_Work DESC,SELECT name FROM conductor ORDER BY year_of_work DESC;
orchestra,List the name of the conductor with the most years of work.,SELECT Name FROM conductor ORDER BY Year_of_Work DESC LIMIT 1,SELECT name FROM conductor WHERE age = (SELECT MAX(age) FROM conductor);
orchestra,What is the name of the conductor who has worked the greatest number of years?,SELECT Name FROM conductor ORDER BY Year_of_Work DESC LIMIT 1,SELECT name FROM conductor ORDER BY year_of_work DESC LIMIT 1;
orchestra,Show the names of conductors and the orchestras they have conducted.,"SELECT T1.Name ,  T2.Orchestra FROM conductor AS T1 JOIN orchestra AS T2 ON T1.Conductor_ID  =  T2.Conductor_ID","SELECT conductor.name, orchestra.orchestra  
FROM conductor  
JOIN orchestra ON conductor.conductor_id = orchestra.conductor_id;"
orchestra,What are the names of conductors as well as the corresonding orchestras that they have conducted?,"SELECT T1.Name ,  T2.Orchestra FROM conductor AS T1 JOIN orchestra AS T2 ON T1.Conductor_ID  =  T2.Conductor_ID","SELECT conductor.name, orchestra.orchestra AS corresponding_orchestra
FROM conductor
JOIN orchestra ON conductor.conductor_id = orchestra.orchestra_id;"
orchestra,Show the names of conductors that have conducted more than one orchestras.,SELECT T1.Name FROM conductor AS T1 JOIN orchestra AS T2 ON T1.Conductor_ID  =  T2.Conductor_ID GROUP BY T2.Conductor_ID HAVING COUNT(*)  >  1,"SELECT c.name  
FROM conductor c  
JOIN orchestra o ON c.conductor_id = o.conductor_id  
GROUP BY c.conductor_id  
HAVING COUNT(DISTINCT o.orchestra) >= 2;"
orchestra,What are the names of conductors who have conducted at more than one orchestra?,SELECT T1.Name FROM conductor AS T1 JOIN orchestra AS T2 ON T1.Conductor_ID  =  T2.Conductor_ID GROUP BY T2.Conductor_ID HAVING COUNT(*)  >  1,"SELECT name  
FROM conductor  
JOIN orchestra ON conductor.conductor_id = orchestra.conductor_id  
GROUP BY name  
HAVING COUNT(DISTINCT orchestra_id) > 1;"
orchestra,Show the name of the conductor that has conducted the most number of orchestras.,SELECT T1.Name FROM conductor AS T1 JOIN orchestra AS T2 ON T1.Conductor_ID  =  T2.Conductor_ID GROUP BY T2.Conductor_ID ORDER BY COUNT(*) DESC LIMIT 1,"SELECT conductor.name  
FROM conductor  
JOIN orchestra ON conductor.conductor_id = orchestra.conductor_id  
GROUP BY conductor_id  
ORDER BY COUNT(orchestra.orchestra_id) DESC  
LIMIT 1;"
orchestra,What is the name of the conductor who has conducted the most orchestras?,SELECT T1.Name FROM conductor AS T1 JOIN orchestra AS T2 ON T1.Conductor_ID  =  T2.Conductor_ID GROUP BY T2.Conductor_ID ORDER BY COUNT(*) DESC LIMIT 1,"SELECT c.name
FROM conductor c
JOIN orchestra o ON c.conductor_id = o.conductor_id
GROUP BY c.conductor_id
HAVING COUNT(*) = (SELECT MAX(COUNT(*) FROM orchestra o2 WHERE o2.conductor_id = c.conductor_id) AS max_count);"
orchestra,Please show the name of the conductor that has conducted orchestras founded after 2008.,SELECT T1.Name FROM conductor AS T1 JOIN orchestra AS T2 ON T1.Conductor_ID  =  T2.Conductor_ID WHERE Year_of_Founded  >  2008,"SELECT conductor.name  
FROM conductor  
JOIN orchestra ON conductor.conductor_id = orchestra.conductor_id  
WHERE orchestra.year_of_founded > 2008;"
orchestra,What are the names of conductors who have conducted orchestras founded after the year 2008?,SELECT T1.Name FROM conductor AS T1 JOIN orchestra AS T2 ON T1.Conductor_ID  =  T2.Conductor_ID WHERE Year_of_Founded  >  2008,"SELECT conductor.name  
FROM conductor  
JOIN orchestra ON conductor.conductor_id = orchestra.conductor_id  
WHERE orchestra.year_of_founded > 2008;"
orchestra,Please show the different record companies and the corresponding number of orchestras.,"SELECT Record_Company ,  COUNT(*) FROM orchestra GROUP BY Record_Company","SELECT record_company, COUNT(orchestra_id) AS number_of_orchestras
FROM orchestra
GROUP BY record_company;"
orchestra,How many orchestras does each record company manage?,"SELECT Record_Company ,  COUNT(*) FROM orchestra GROUP BY Record_Company","SELECT record_company, COUNT(orchestra_id) AS orchestras_managed FROM orchestra GROUP BY record_company;"
orchestra,Please show the record formats of orchestras in ascending order of count.,SELECT Major_Record_Format FROM orchestra GROUP BY Major_Record_Format ORDER BY COUNT(*) ASC,"SELECT major_record_format, COUNT(*) AS count  
FROM orchestra  
GROUP BY major_record_format  
ORDER BY COUNT(*) ASC;"
orchestra,"What are the major record formats of orchestras, sorted by their frequency?",SELECT Major_Record_Format FROM orchestra GROUP BY Major_Record_Format ORDER BY COUNT(*) ASC,"SELECT orchestra.major_record_format, COUNT(orchestra.orchestra_id) AS frequency  
FROM orchestra  
GROUP BY orchestra.orchestra_id  
ORDER BY COUNT(orchestra.orchestra_id) ASC;"
orchestra,List the record company shared by the most number of orchestras.,SELECT Record_Company FROM orchestra GROUP BY Record_Company ORDER BY COUNT(*) DESC LIMIT 1,"SELECT record_company, COUNT(*) AS count  
FROM orchestra  
GROUP BY record_company  
ORDER BY COUNT(*) DESC;"
orchestra,What is the record company used by the greatest number of orchestras?,SELECT Record_Company FROM orchestra GROUP BY Record_Company ORDER BY COUNT(*) DESC LIMIT 1,"SELECT record_company, COUNT(*) AS count  
FROM orchestra  
GROUP BY record_company  
ORDER BY COUNT(*) DESC  
LIMIT 1;"
orchestra,List the names of orchestras that have no performance.,SELECT Orchestra FROM orchestra WHERE Orchestra_ID NOT IN (SELECT Orchestra_ID FROM performance),"SELECT name  
FROM orchestra  
WHERE orchestra_id IS NULL OR  
      (SELECT COUNT(*)  
       FROM performance  
       WHERE orchestra_id = orchestra_id  
       ) = 0;"
orchestra,What are the orchestras that do not have any performances?,SELECT Orchestra FROM orchestra WHERE Orchestra_ID NOT IN (SELECT Orchestra_ID FROM performance),"SELECT orchestra.orchestra  
FROM orchestra  
WHERE orchestra.orchestra_id NOT IN  
   (SELECT orchestra_id  
    FROM performance  
    WHERE orchestra_id IS NULL);"
orchestra,Show the record companies shared by orchestras founded before 2003 and after 2003.,SELECT Record_Company FROM orchestra WHERE Year_of_Founded  <  2003 INTERSECT SELECT Record_Company FROM orchestra WHERE Year_of_Founded  >  2003,"SELECT orchestra.record_company
FROM orchestra
WHERE orchestra.year_of_founded < 2003
UNION
SELECT orchestra.record_company
FROM orchestra
WHERE orchestra.year_of_founded > 2003;"
orchestra,What are the record companies that are used by both orchestras founded before 2003 and those founded after 2003?,SELECT Record_Company FROM orchestra WHERE Year_of_Founded  <  2003 INTERSECT SELECT Record_Company FROM orchestra WHERE Year_of_Founded  >  2003,"SELECT distinct record_company
FROM orchestra
WHERE year_of_founded < 2003
UNION
SELECT distinct record_company
FROM orchestra
WHERE year_of_founded > 2003;"
orchestra,"Find the number of orchestras whose record format is ""CD"" or ""DVD"".","SELECT COUNT(*) FROM orchestra WHERE Major_Record_Format  =  ""CD"" OR Major_Record_Format  =  ""DVD""","SELECT COUNT(*) FROM orchestra WHERE major_record_format IN ('CD', 'DVD');"
orchestra,Count the number of orchestras that have CD or DVD as their record format.,"SELECT COUNT(*) FROM orchestra WHERE Major_Record_Format  =  ""CD"" OR Major_Record_Format  =  ""DVD""","SELECT COUNT(*) FROM orchestra WHERE record_company IN ('CD', 'DVD');"
orchestra,Show the years in which orchestras that have given more than one performance are founded.,SELECT Year_of_Founded FROM orchestra AS T1 JOIN performance AS T2 ON T1.Orchestra_ID  =  T2.Orchestra_ID GROUP BY T2.Orchestra_ID HAVING COUNT(*)  >  1,"SELECT year_of_founded  
FROM orchestra  
WHERE orchestra_id IN  
   (SELECT orchestra_id  
    FROM orchestra  
    GROUP BY orchestra_id  
    HAVING COUNT(*) > 1)  
ORDER BY year_of_founded;"
orchestra,What are years of founding for orchestras that have had more than a single performance?,SELECT Year_of_Founded FROM orchestra AS T1 JOIN performance AS T2 ON T1.Orchestra_ID  =  T2.Orchestra_ID GROUP BY T2.Orchestra_ID HAVING COUNT(*)  >  1,"SELECT orchestra.founding_year  
FROM orchestra  
WHERE orchestra_id IN  
  (  
    SELECT orchestra_id  
    FROM orchestra  
    GROUP BY orchestra_id  
    HAVING COUNT(*) > 1  
  )  
LIMIT 1;"
network_1,How many high schoolers are there?,SELECT count(*) FROM Highschooler,SELECT COUNT(*) FROM highschooler;
network_1,Count the number of high schoolers.,SELECT count(*) FROM Highschooler,SELECT COUNT(*) FROM highschooler;
network_1,Show the names and grades of each high schooler.,"SELECT name ,  grade FROM Highschooler","SELECT name, grade FROM highschooler;"
network_1,What are the names and grades for each high schooler?,"SELECT name ,  grade FROM Highschooler","SELECT name, grade FROM highschooler;"
network_1,Show all the grades of the high schoolers.,SELECT grade FROM Highschooler,SELECT grade FROM highschooler;
network_1,What is the grade of each high schooler?,SELECT grade FROM Highschooler,SELECT grade FROM highschooler;
network_1,What grade is Kyle in?,"SELECT grade FROM Highschooler WHERE name  =  ""Kyle""",SELECT grade FROM highschooler WHERE name = 'Kyle';
network_1,Return the grade for the high schooler named Kyle.,"SELECT grade FROM Highschooler WHERE name  =  ""Kyle""",SELECT grade FROM highschooler WHERE name = 'Kyle';
network_1,Show the names of all high schoolers in grade 10.,SELECT name FROM Highschooler WHERE grade  =  10,SELECT name FROM highschooler WHERE grade = 10;
network_1,What are the names of all high schoolers in grade 10?,SELECT name FROM Highschooler WHERE grade  =  10,SELECT name FROM highschooler WHERE grade = 10;
network_1,Show the ID of the high schooler named Kyle.,"SELECT ID FROM Highschooler WHERE name  =  ""Kyle""",SELECT id FROM highschooler WHERE name = 'Kyle';
network_1,What is Kyle's id?,"SELECT ID FROM Highschooler WHERE name  =  ""Kyle""",SELECT id FROM highschooler WHERE name = 'Kyle';
network_1,How many high schoolers are there in grade 9 or 10?,SELECT count(*) FROM Highschooler WHERE grade  =  9 OR grade  =  10,"SELECT COUNT(*) FROM highschooler WHERE grade IN (9, 10);"
network_1,Count the number of high schoolers in grades 9 or 10.,SELECT count(*) FROM Highschooler WHERE grade  =  9 OR grade  =  10,"SELECT COUNT(*) FROM highschooler WHERE grade IN (9, 10);"
network_1,Show the number of high schoolers for each grade.,"SELECT grade ,  count(*) FROM Highschooler GROUP BY grade",SELECT COUNT(*) AS count FROM highschooler GROUP BY grade;
network_1,How many high schoolers are in each grade?,"SELECT grade ,  count(*) FROM Highschooler GROUP BY grade",SELECT COUNT(*) AS count FROM highschooler GROUP BY grade;
network_1,Which grade has the most high schoolers?,SELECT grade FROM Highschooler GROUP BY grade ORDER BY count(*) DESC LIMIT 1,"SELECT COUNT(*) AS most_students  
FROM highschooler  
GROUP BY grade  
ORDER BY COUNT(*) DESC  
LIMIT 1;"
network_1,Return the grade that has the greatest number of high schoolers.,SELECT grade FROM Highschooler GROUP BY grade ORDER BY count(*) DESC LIMIT 1,"SELECT grade  
FROM highschooler  
GROUP BY grade  
ORDER BY COUNT(*) DESC  
LIMIT 1;"
network_1,Show me all grades that have at least 4 students.,SELECT grade FROM Highschooler GROUP BY grade HAVING count(*)  >=  4,"SELECT grade  
FROM highschooler  
GROUP BY grade  
HAVING COUNT(*) >= 4;"
network_1,Which grades have 4 or more high schoolers?,SELECT grade FROM Highschooler GROUP BY grade HAVING count(*)  >=  4,"SELECT grade  
FROM highschooler  
GROUP BY grade  
HAVING COUNT(*) >= 4;"
network_1,Show the student IDs and numbers of friends corresponding to each.,"SELECT student_id ,  count(*) FROM Friend GROUP BY student_id","SELECT h.id, COUNT(f.friend_id) AS friend_count  
FROM highschooler h  
JOIN friend f ON h.id = f.student_id  
GROUP BY h.id;"
network_1,How many friends does each student have?,"SELECT student_id ,  count(*) FROM Friend GROUP BY student_id",SELECT COUNT(*) FROM friend GROUP BY student_id;
network_1,Show the names of high school students and their corresponding number of friends.,"SELECT T2.name ,  count(*) FROM Friend AS T1 JOIN Highschooler AS T2 ON T1.student_id  =  T2.id GROUP BY T1.student_id","SELECT name, COUNT(*) AS friends FROM highschooler GROUP BY name;"
network_1,What are the names of the high schoolers and how many friends does each have?,"SELECT T2.name ,  count(*) FROM Friend AS T1 JOIN Highschooler AS T2 ON T1.student_id  =  T2.id GROUP BY T1.student_id","SELECT name, COUNT(*) AS friends  
FROM highschooler  
GROUP BY name  
ORDER BY name;"
network_1,What is the name of the high schooler who has the greatest number of friends?,SELECT T2.name FROM Friend AS T1 JOIN Highschooler AS T2 ON T1.student_id  =  T2.id GROUP BY T1.student_id ORDER BY count(*) DESC LIMIT 1,"SELECT h.name  
FROM highschooler h  
JOIN friend f ON h.id = f.student_id  
GROUP BY h.id  
HAVING COUNT(*) = (SELECT COUNT(*) FROM friend GROUP BY h.id)  
ORDER BY COUNT(*) DESC LIMIT 1;"
network_1,Return the name of the high school student with the most friends.,SELECT T2.name FROM Friend AS T1 JOIN Highschooler AS T2 ON T1.student_id  =  T2.id GROUP BY T1.student_id ORDER BY count(*) DESC LIMIT 1,"SELECT name  
FROM highschooler  
JOIN friends ON highschooler.id = friends.student_id  
GROUP BY name  
ORDER BY COUNT(*) DESC  
LIMIT 1;"
network_1,Show the names of high schoolers who have at least 3 friends.,SELECT T2.name FROM Friend AS T1 JOIN Highschooler AS T2 ON T1.student_id  =  T2.id GROUP BY T1.student_id HAVING count(*)  >=  3,"SELECT h.name  
FROM highschooler h  
JOIN friend f ON h.id = f.student_id  
WHERE COUNT(*) >= 3;"
network_1,What are the names of high schoolers who have 3 or more friends?,SELECT T2.name FROM Friend AS T1 JOIN Highschooler AS T2 ON T1.student_id  =  T2.id GROUP BY T1.student_id HAVING count(*)  >=  3,"SELECT name  
FROM highschooler  
WHERE id IN (
    SELECT id  
    FROM friend  
    GROUP BY id  
    HAVING COUNT(*) >= 3
);"
network_1,Show the names of all of the high schooler Kyle's friends.,"SELECT T3.name FROM Friend AS T1 JOIN Highschooler AS T2 ON T1.student_id  =  T2.id JOIN Highschooler AS T3 ON T1.friend_id  =  T3.id WHERE T2.name  =  ""Kyle""","SELECT h.name  
FROM highschooler h  
JOIN friend f ON h.id = f.student_id  
WHERE h.id = (SELECT id FROM highschooler WHERE name = 'Kyle');"
network_1,Return the names of friends of the high school student Kyle.,"SELECT T3.name FROM Friend AS T1 JOIN Highschooler AS T2 ON T1.student_id  =  T2.id JOIN Highschooler AS T3 ON T1.friend_id  =  T3.id WHERE T2.name  =  ""Kyle""",SELECT name FROM friend WHERE student_id = (SELECT id FROM highschooler WHERE name = 'Kyle');
network_1,How many friends does the high school student Kyle have?,"SELECT count(*) FROM Friend AS T1 JOIN Highschooler AS T2 ON T1.student_id  =  T2.id WHERE T2.name  =  ""Kyle""",SELECT COUNT(*) FROM friend WHERE student_id = (SELECT id FROM highschooler WHERE name = 'Kyle');
network_1,Count the number of friends Kyle has.,"SELECT count(*) FROM Friend AS T1 JOIN Highschooler AS T2 ON T1.student_id  =  T2.id WHERE T2.name  =  ""Kyle""",SELECT COUNT(*) FROM friend WHERE student_id IN (SELECT id FROM highschooler WHERE name = 'Kyle') LIMIT 1;
network_1,Show ids of all students who do not have any friends.,SELECT id FROM Highschooler EXCEPT SELECT student_id FROM Friend,SELECT id FROM highschooler WHERE id NOT IN (SELECT student_id FROM friends UNION SELECT student_id FROM likes);
network_1,What are the ids of high school students who do not have friends?,SELECT id FROM Highschooler EXCEPT SELECT student_id FROM Friend,SELECT id FROM highschooler WHERE id NOT IN (SELECT student_id FROM friend);
network_1,Show names of all high school students who do not have any friends.,SELECT name FROM Highschooler EXCEPT SELECT T2.name FROM Friend AS T1 JOIN Highschooler AS T2 ON T1.student_id  =  T2.id,"SELECT name 
FROM highschooler 
WHERE id IN (
    SELECT student_id 
    FROM friends 
    GROUP BY student_id 
    HAVING COUNT(*) = 0
);"
network_1,What are the names of students who have no friends?,SELECT name FROM Highschooler EXCEPT SELECT T2.name FROM Friend AS T1 JOIN Highschooler AS T2 ON T1.student_id  =  T2.id,"SELECT name  
FROM highschooler  
WHERE id NOT IN  
  (SELECT friend_id  
   FROM friend  
   WHERE student_id = ?)  
LIMIT 1;"
network_1,Show the ids of high schoolers who have friends and are also liked by someone else.,SELECT student_id FROM Friend INTERSECT SELECT liked_id FROM Likes,"SELECT h.id  
FROM highschooler h  
JOIN friend f ON h.id = f.student_id  
JOIN likes l ON h.id = l.liked_id;"
network_1,What are the ids of students who both have friends and are liked?,SELECT student_id FROM Friend INTERSECT SELECT liked_id FROM Likes,"SELECT friend.student_id
FROM friend
JOIN likes ON friend.student_id = likes.student_id;"
network_1,Show name of all students who have some friends and also are liked by someone else.,SELECT T2.name FROM Friend AS T1 JOIN Highschooler AS T2 ON T1.student_id  =  T2.id INTERSECT SELECT T2.name FROM Likes AS T1 JOIN Highschooler AS T2 ON T1.liked_id  =  T2.id,
network_1,What are the names of high schoolers who both have friends and are liked?,SELECT T2.name FROM Friend AS T1 JOIN Highschooler AS T2 ON T1.student_id  =  T2.id INTERSECT SELECT T2.name FROM Likes AS T1 JOIN Highschooler AS T2 ON T1.liked_id  =  T2.id,SELECT name FROM highschooler JOIN friend ON highschooler.id = friend.id JOIN likes ON highschooler.id = likes.id WHERE friend.id IS NOT NULL AND likes.id IS NOT NULL;
network_1,Count the number of likes for each student id.,"SELECT student_id ,  count(*) FROM Likes GROUP BY student_id",SELECT COUNT(*) AS likes_count FROM likes JOIN highschooler ON likes.student_id = highschooler.id GROUP BY highschooler.id;
network_1,How many likes correspond to each student id?,"SELECT student_id ,  count(*) FROM Likes GROUP BY student_id",SELECT COUNT(*) AS likes_per_student FROM likes GROUP BY student_id;
network_1,"Show the names of high schoolers who have likes, and numbers of likes for each.","SELECT T2.name ,  count(*) FROM Likes AS T1 JOIN Highschooler AS T2 ON T1.student_id  =  T2.id GROUP BY T1.student_id","SELECT f.name, COUNT(*) AS likes_count  
FROM friend f  
JOIN likes l ON f.student_id = l.liked_id  
GROUP BY f.name;"
network_1,"What are the names of high schoolers who have likes, and how many likes does each have?","SELECT T2.name ,  count(*) FROM Likes AS T1 JOIN Highschooler AS T2 ON T1.student_id  =  T2.id GROUP BY T1.student_id","SELECT name, COUNT(*) AS likes_count  
FROM highschooler  
JOIN likes ON highschooler.id = likes.student_id  
GROUP BY name;"
network_1,What is the name of the high schooler who has the greatest number of likes?,SELECT T2.name FROM Likes AS T1 JOIN Highschooler AS T2 ON T1.student_id  =  T2.id GROUP BY T1.student_id ORDER BY count(*) DESC LIMIT 1,
network_1,Give the name of the student with the most likes.,SELECT T2.name FROM Likes AS T1 JOIN Highschooler AS T2 ON T1.student_id  =  T2.id GROUP BY T1.student_id ORDER BY count(*) DESC LIMIT 1,"SELECT h.name  
FROM highschooler h  
JOIN likes l ON h.id = l.liked_id  
GROUP BY h.id  
HAVING COUNT(l.liked_id) = (SELECT MAX(liked_id) FROM likes);"
network_1,Show the names of students who have at least 2 likes.,SELECT T2.name FROM Likes AS T1 JOIN Highschooler AS T2 ON T1.student_id  =  T2.id GROUP BY T1.student_id HAVING count(*)  >=  2,SELECT name FROM highschooler WHERE id IN (SELECT COUNT(*) FROM likes GROUP BY id HAVING COUNT(*) >= 2);
network_1,What are the names of students who have 2 or more likes?,SELECT T2.name FROM Likes AS T1 JOIN Highschooler AS T2 ON T1.student_id  =  T2.id GROUP BY T1.student_id HAVING count(*)  >=  2,"SELECT name
FROM highschooler
JOIN likes ON highschooler.id = likes.student_id
GROUP BY name
HAVING COUNT(likes.liked_id) >= 2;"
network_1,Show the names of students who have a grade higher than 5 and have at least 2 friends.,SELECT T2.name FROM Friend AS T1 JOIN Highschooler AS T2 ON T1.student_id  =  T2.id WHERE T2.grade  >  5 GROUP BY T1.student_id HAVING count(*)  >=  2,"SELECT h.name  
FROM highschooler h  
JOIN friend f ON h.id = f.student_id  
WHERE h.grade > 5  
AND COUNT(f.friend_id) >= 2;"
network_1,What are the names of high schoolers who have a grade of over 5 and have 2 or more friends?,SELECT T2.name FROM Friend AS T1 JOIN Highschooler AS T2 ON T1.student_id  =  T2.id WHERE T2.grade  >  5 GROUP BY T1.student_id HAVING count(*)  >=  2,"SELECT name  
FROM highschooler  
WHERE grade > 5  
AND (SELECT COUNT(*) FROM friend WHERE student_id = highschooler.id) >= 2;"
network_1,How many likes does Kyle have?,"SELECT count(*) FROM Likes AS T1 JOIN Highschooler AS T2 ON T1.student_id  =  T2.id WHERE T2.name  =  ""Kyle""",SELECT COUNT(*) FROM likes WHERE liked_id IN (SELECT id FROM friend WHERE student_id = (SELECT id FROM highschooler WHERE name = 'Kyle'));
network_1,Return the number of likes that the high schooler named Kyle has.,"SELECT count(*) FROM Likes AS T1 JOIN Highschooler AS T2 ON T1.student_id  =  T2.id WHERE T2.name  =  ""Kyle""",SELECT COUNT(*) FROM likes JOIN friend ON likes.student_id = friend.student_id WHERE friend.student_id = (SELECT id FROM highschooler WHERE name = 'Kyle');
network_1,Find the average grade of all students who have some friends.,SELECT avg(grade) FROM Highschooler WHERE id IN (SELECT T1.student_id FROM Friend AS T1 JOIN Highschooler AS T2 ON T1.student_id  =  T2.id),SELECT AVG(grade) FROM highschooler JOIN friend ON highschooler.id = friend.student_id;
network_1,What is the average grade of students who have friends?,SELECT avg(grade) FROM Highschooler WHERE id IN (SELECT T1.student_id FROM Friend AS T1 JOIN Highschooler AS T2 ON T1.student_id  =  T2.id),SELECT AVG(highschooler.grade) FROM highschooler INNER JOIN friend ON highschooler.id = friend.student_id;
network_1,Find the minimum grade of students who have no friends.,SELECT min(grade) FROM Highschooler WHERE id NOT IN (SELECT T1.student_id FROM Friend AS T1 JOIN Highschooler AS T2 ON T1.student_id  =  T2.id),"SELECT MIN(grade) AS min_grade  
FROM highschooler  
WHERE grade IS NOT NULL  
AND friend_id IS NULL;"
network_1,What is the lowest grade of students who do not have any friends?,SELECT min(grade) FROM Highschooler WHERE id NOT IN (SELECT T1.student_id FROM Friend AS T1 JOIN Highschooler AS T2 ON T1.student_id  =  T2.id),SELECT MIN(grade) FROM highschooler WHERE id IN (SELECT student_id FROM friend WHERE friend_id IS NULL);
dog_kennels,Which states have both owners and professionals living there?,SELECT state FROM Owners INTERSECT SELECT state FROM Professionals,"SELECT owners.state  
FROM owners  
INNER JOIN professionals ON owners.owner_id = professionals.professional_id  
WHERE owners.state IS NOT NULL AND professionals.state IS NOT NULL;"
dog_kennels,Find the states where both owners and professionals live.,SELECT state FROM Owners INTERSECT SELECT state FROM Professionals,"SELECT DISTINCT owners.state, professionals.state  
FROM owners  
JOIN professionals ON owners.state = professionals.state;"
dog_kennels,What is the average age of the dogs who have gone through any treatments?,SELECT avg(age) FROM Dogs WHERE dog_id IN ( SELECT dog_id FROM Treatments ),"SELECT AVG(dog.age) AS average_age
FROM dogs
JOIN treatments ON dogs.dog_id = treatments.dog_id
WHERE treatments.date_of_treatment IS NOT NULL;"
dog_kennels,Find the average age of the dogs who went through treatments.,SELECT avg(age) FROM Dogs WHERE dog_id IN ( SELECT dog_id FROM Treatments ),SELECT AVG(dogs.age) FROM dogs INNER JOIN treatments ON treatments.dog_id = dogs.dog_id;
dog_kennels,"Which professionals live in the state of Indiana or have done treatment on more than 2 treatments? List his or her id, last name and cell phone.","SELECT professional_id ,  last_name ,  cell_number FROM Professionals WHERE state  =  'Indiana' UNION SELECT T1.professional_id ,  T1.last_name ,  T1.cell_number FROM Professionals AS T1 JOIN Treatments AS T2 ON T1.professional_id  =  T2.professional_id GROUP BY T1.professional_id HAVING count(*)  >  2","SELECT p.professional_id, p.last_name, p.cell_number  
FROM professionals p  
JOIN treatments t ON p.professional_id = t.professional_id  
WHERE p.state = 'Indiana' OR t.treatment_count > 2;"
dog_kennels,"Find the id, last name and cell phone of the professionals who live in the state of Indiana or have performed more than two treatments.","SELECT professional_id ,  last_name ,  cell_number FROM Professionals WHERE state  =  'Indiana' UNION SELECT T1.professional_id ,  T1.last_name ,  T1.cell_number FROM Professionals AS T1 JOIN Treatments AS T2 ON T1.professional_id  =  T2.professional_id GROUP BY T1.professional_id HAVING count(*)  >  2","SELECT p.professional_id, p.last_name, p.cell_number
FROM professionals p
JOIN owners o ON p.owner_id = o.owner_id
WHERE o.state = 'Indiana'
AND p.professional_id IN (
    SELECT p.professional_id
    FROM professionals p
    JOIN treatments t ON p.professional_id = t.professional_id
    GROUP BY p.professional_id
    HAVING COUNT(t.treatment_id) > 2
);"
dog_kennels,Which dogs have not cost their owner more than 1000 for treatment ? List the dog names .,select name from dogs where dog_id not in ( select dog_id from treatments group by dog_id having sum(cost_of_treatment)  >  1000 ),"SELECT dogs.name  
FROM dogs  
JOIN treatments ON dogs.dog_id = treatments.dog_id  
WHERE treatments.cost_of_treatment < 1000;"
dog_kennels,What are the names of the dogs for which the owner has not spend more than 1000 for treatment ?,select name from dogs where dog_id not in ( select dog_id from treatments group by dog_id having sum(cost_of_treatment)  >  1000 ),"SELECT dogs.name  
FROM dogs  
JOIN owners ON dogs.owner_id  
JOIN charges ON dogs.dog_id = charges.dog_id  
JOIN treatments ON charges.treatment_id = treatments.treatment_id  
WHERE charges.charge_amount <= 1000;"
dog_kennels,Which first names are used for professionals or owners but are not used as dog names?,SELECT first_name FROM Professionals UNION SELECT first_name FROM Owners EXCEPT SELECT name FROM Dogs,"SELECT o.first_name
FROM owners o
WHERE o.first_name NOT IN (
    SELECT d.name
    FROM dogs d
);"
dog_kennels,Find the first names that are used for professionals or owners but are not used as dog names.,SELECT first_name FROM Professionals UNION SELECT first_name FROM Owners EXCEPT SELECT name FROM Dogs,"SELECT DISTINCT o.first_name OR p.first_name FROM owners o JOIN professionals p ON o.owner_id = p.professional_id WHERE dogs.name NOT IN (o.owner_first_name, p.first_name) LIMIT 1;"
dog_kennels,"Which professional did not operate any treatment on dogs? List the professional's id, role and email.","SELECT professional_id ,  role_code ,  email_address FROM Professionals EXCEPT SELECT T1.professional_id ,  T1.role_code ,  T1.email_address FROM Professionals AS T1 JOIN Treatments AS T2 ON T1.professional_id  =  T2.professional_id","SELECT p.professional_id, p.role, p.email_address
FROM professionals p
JOIN treatments t ON t.professional_id = p.professional_id
WHERE t.treatment_type_code IS NULL;"
dog_kennels,"Give me the id, role and email of the professionals who did not perform any treatment on dogs.","SELECT professional_id ,  role_code ,  email_address FROM Professionals EXCEPT SELECT T1.professional_id ,  T1.role_code ,  T1.email_address FROM Professionals AS T1 JOIN Treatments AS T2 ON T1.professional_id  =  T2.professional_id","SELECT p.professional_id, p.role, p.email_address  
FROM professionals p  
WHERE p.role_code IS NOT NULL AND p.treatment_type_code IS NULL;"
dog_kennels,"Which owner owns the most dogs? List the owner id, first name and last name.","SELECT T1.owner_id ,  T2.first_name ,  T2.last_name FROM Dogs AS T1 JOIN Owners AS T2 ON T1.owner_id  =  T2.owner_id GROUP BY T1.owner_id ORDER BY count(*) DESC LIMIT 1","SELECT o.owner_id, o.first_name, o.last_name  
FROM owners o  
JOIN dogs d ON o.owner_id = d.owner_id  
GROUP BY o.owner_id  
HAVING COUNT(*) = (SELECT COUNT(*) FROM dogs GROUP BY owner_id);"
dog_kennels,"Return the owner id, first name and last name of the owner who has the most dogs.","SELECT T1.owner_id ,  T2.first_name ,  T2.last_name FROM Dogs AS T1 JOIN Owners AS T2 ON T1.owner_id  =  T2.owner_id GROUP BY T1.owner_id ORDER BY count(*) DESC LIMIT 1","SELECT 
    owners.owner_id, 
    owners.first_name, 
    owners.last_name 
FROM 
    owners 
JOIN 
    dogs ON owners.owner_id = dogs.owner_id 
GROUP BY 
    owners.owner_id 
HAVING 
    SUM(dogs.dog_id) = (SELECT 
        SUM(dogs.dog_id) 
        FROM dogs 
        GROUP BY owners.owner_id 
    ) LIMIT 1;"
dog_kennels,"Which professionals have done at least two treatments? List the professional's id, role, and first name.","SELECT T1.professional_id ,  T1.role_code ,  T1.first_name FROM Professionals AS T1 JOIN Treatments AS T2 ON T1.professional_id  =  T2.professional_id GROUP BY T1.professional_id HAVING count(*)  >=  2","SELECT professionals.professional_id, professionals.role, professionals.first_name
FROM professionals
JOIN treatments ON treatments.professional_id = professionals.professional_id
WHERE treatments.treatment_count >= 2;"
dog_kennels,"What are the id, role, and first name of the professionals who have performed two or more treatments?","SELECT T1.professional_id ,  T1.role_code ,  T1.first_name FROM Professionals AS T1 JOIN Treatments AS T2 ON T1.professional_id  =  T2.professional_id GROUP BY T1.professional_id HAVING count(*)  >=  2","SELECT p.professional_id, p.role, p.first_name
FROM professionals p
JOIN treatments t ON p.professional_id = t.professional_id
WHERE COUNT(*) >= 2;"
dog_kennels,What is the name of the breed with the most dogs?,SELECT T1.breed_name FROM Breeds AS T1 JOIN Dogs AS T2 ON T1.breed_code  =  T2.breed_code GROUP BY T1.breed_name ORDER BY count(*) DESC LIMIT 1,"SELECT breeds.breed_name  
FROM breeds  
JOIN dogs ON breeds.breed_code = dogs.breed_code  
GROUP BY breeds.breed_code  
HAVING COUNT(*) = (SELECT COUNT(*) FROM dogs)  
ORDER BY COUNT(*) DESC;"
dog_kennels,Which breed do the most dogs have? Give me the breed name.,SELECT T1.breed_name FROM Breeds AS T1 JOIN Dogs AS T2 ON T1.breed_code  =  T2.breed_code GROUP BY T1.breed_name ORDER BY count(*) DESC LIMIT 1,"SELECT breeds.breed_name  
FROM breeds  
JOIN dogs ON breeds.breed_code = dogs.breed_code  
GROUP BY breeds.breed_code  
ORDER BY COUNT(*) DESC  
LIMIT 1;"
dog_kennels,Which owner has paid for the most treatments on his or her dogs? List the owner id and last name.,"SELECT T1.owner_id ,  T1.last_name FROM Owners AS T1 JOIN Dogs AS T2 ON T1.owner_id  =  T2.owner_id JOIN Treatments AS T3 ON T2.dog_id  =  T3.dog_id GROUP BY T1.owner_id ORDER BY count(*) DESC LIMIT 1","SELECT o.owner_id, o.last_name  
FROM owners o  
JOIN treatments t ON o.owner_id = t.owner_id  
WHERE o.owner_id IN (
    SELECT o.owner_id  
    FROM owners o  
    JOIN treatments t ON o.owner_id = t.owner_id  
    GROUP BY o.owner_id  
    HAVING MAX(t.cost_of_treatment) = (SELECT MAX(cost_of_treatment) FROM treatments)
);"
dog_kennels,Tell me the owner id and last name of the owner who spent the most on treatments of his or her dogs.,"SELECT T1.owner_id ,  T1.last_name FROM Owners AS T1 JOIN Dogs AS T2 ON T1.owner_id  =  T2.owner_id JOIN Treatments AS T3 ON T2.dog_id  =  T3.dog_id GROUP BY T1.owner_id ORDER BY count(*) DESC LIMIT 1","SELECT owners.owner_id, owners.last_name  
FROM owners  
JOIN treatments ON owners.owner_id = treatments.owner_id  
WHERE  
   (SELECT SUM(treatments.cost_of_treatment)  
   FROM treatments  
   WHERE treatments.owner_id = owners.owner_id) =  
   (SELECT SUM(treatments.cost_of_treatment)  
   FROM treatments  
   WHERE treatments.owner_id = owners.owner_id)  
ORDER BY SUM(treatments.cost_of_treatment) DESC LIMIT 1;"
dog_kennels,What is the description of the treatment type that costs the least money in total?,SELECT T1.treatment_type_description FROM Treatment_types AS T1 JOIN Treatments AS T2 ON T1.treatment_type_code  =  T2.treatment_type_code GROUP BY T1.treatment_type_code ORDER BY sum(cost_of_treatment) ASC LIMIT 1,"SELECT treatment_type_description  
FROM treatment_types  
WHERE treatment_type_code IN  
(  
  SELECT charge_type  
  FROM charges  
  GROUP BY charge_type  
  HAVING SUM(charge_amount) = (SELECT MIN(charge_amount) FROM charges)  
);"
dog_kennels,Give me the description of the treatment type whose total cost is the lowest.,SELECT T1.treatment_type_description FROM Treatment_types AS T1 JOIN Treatments AS T2 ON T1.treatment_type_code  =  T2.treatment_type_code GROUP BY T1.treatment_type_code ORDER BY sum(cost_of_treatment) ASC LIMIT 1,"SELECT treatment_type_description  
FROM treatments  
INNER JOIN treatment_types ON treatments.treatment_type_code = treatment_types.treatment_type_code  
WHERE cost_of_treatment = (SELECT MIN(cost_of_treatment) FROM treatments);"
dog_kennels,Which owner has paid the largest amount of money in total for their dogs? Show the owner id and zip code.,"SELECT T1.owner_id ,  T1.zip_code FROM Owners AS T1 JOIN Dogs AS T2 ON T1.owner_id  =  T2.owner_id JOIN Treatments AS T3 ON T2.dog_id  =  T3.dog_id GROUP BY T1.owner_id ORDER BY sum(T3.cost_of_treatment) DESC LIMIT 1","SELECT o.owner_id, o.zip_code  
FROM owners o  
JOIN treatments t ON o.owner_id = t.owner_id  
JOIN (
    SELECT o.owner_id, SUM(t.cost_of_treatment) AS total_cost  
    FROM treatments t  
    GROUP BY o.owner_id  
) AS sum_total ON o.owner_id = sum_total.owner_id  
WHERE sum_total.total_cost = (SELECT MAX(total_cost) FROM sum_total);"
dog_kennels,Find the owner id and zip code of the owner who spent the most money in total for his or her dogs.,"SELECT T1.owner_id ,  T1.zip_code FROM Owners AS T1 JOIN Dogs AS T2 ON T1.owner_id  =  T2.owner_id JOIN Treatments AS T3 ON T2.dog_id  =  T3.dog_id GROUP BY T1.owner_id ORDER BY sum(T3.cost_of_treatment) DESC LIMIT 1","SELECT owners.owner_id, owners.zip_code
FROM owners
JOIN charges ON owners.owner_id = charges.owner_id
GROUP BY owners.owner_id
HAVING SUM(charges.charge_amount) = (
    SELECT SUM(charge_amount) 
    FROM charges 
    GROUP BY owner_id 
    ORDER BY SUM(charge_amount) DESC 
    LIMIT 1
);"
dog_kennels,Which professionals have done at least two types of treatments? List the professional id and cell phone.,"SELECT T1.professional_id ,  T1.cell_number FROM Professionals AS T1 JOIN Treatments AS T2 ON T1.professional_id  =  T2.professional_id GROUP BY T1.professional_id HAVING count(*)  >=  2","SELECT p.professional_id, p.cell_phone  
FROM professionals p  
JOIN treatments t ON p.professional_id = t.professional_id  
WHERE (SELECT COUNT(*) FROM treatments t2 WHERE t2.professional_id = p.professional_id) >= 2;"
dog_kennels,Find the id and cell phone of the professionals who operate two or more types of treatments.,"SELECT T1.professional_id ,  T1.cell_number FROM Professionals AS T1 JOIN Treatments AS T2 ON T1.professional_id  =  T2.professional_id GROUP BY T1.professional_id HAVING count(*)  >=  2","SELECT p.professional_id, p.cell_phone
FROM professionals p
JOIN treatments t ON p.professional_id = t.professional_id
WHERE COUNT(*) >= 2;"
dog_kennels,What are the first name and last name of the professionals who have done treatment with cost below average?,"SELECT DISTINCT T1.first_name ,  T1.last_name FROM Professionals AS T1 JOIN Treatments AS T2 WHERE cost_of_treatment  <  ( SELECT avg(cost_of_treatment) FROM Treatments )","SELECT p.first_name, p.last_name  
FROM professionals p  
JOIN treatments t ON p.professional_id = t.professional_id  
WHERE t.cost_of_treatment < (500)  
LIMIT 1;"
dog_kennels,Which professionals have operated a treatment that costs less than the average? Give me theor first names and last names.,"SELECT DISTINCT T1.first_name ,  T1.last_name FROM Professionals AS T1 JOIN Treatments AS T2 WHERE cost_of_treatment  <  ( SELECT avg(cost_of_treatment) FROM Treatments )","SELECT p.first_name, p.last_name  
FROM treatments t  
JOIN professionals p ON t.professional_id = p.professional_id  
WHERE t.cost_of_treatment < (SELECT AVG(charges.charge_amount) FROM charges)  
LIMIT 10;"
dog_kennels,"List the date of each treatment, together with the first name of the professional who operated it.","SELECT T1.date_of_treatment ,  T2.first_name FROM Treatments AS T1 JOIN Professionals AS T2 ON T1.professional_id  =  T2.professional_id","SELECT treatments.date_of_treatment, professionals.first_name  
FROM treatments  
JOIN professionals ON treatments.professional_id = professionals.professional_id  
LIMIT 1000;"
dog_kennels,What are the date and the operating professional's first name of each treatment?,"SELECT T1.date_of_treatment ,  T2.first_name FROM Treatments AS T1 JOIN Professionals AS T2 ON T1.professional_id  =  T2.professional_id","SELECT treatments.date_of_treatment, professionals.first_name  
FROM treatments  
JOIN professionals ON treatments.professional_id = professionals.professional_id  
WHERE treatments.date_of_treatment IS NOT NULL;"
dog_kennels,List the cost of each treatment and the corresponding treatment type description.,"SELECT T1.cost_of_treatment ,  T2.treatment_type_description FROM Treatments AS T1 JOIN treatment_types AS T2 ON T1.treatment_type_code  =  T2.treatment_type_code","SELECT treatment_type_description, cost_of_treatment FROM treatments INNER JOIN treatment_types ON treatments.treatment_type_code = treatment_types.treatment_type_code;"
dog_kennels,What are the cost and treatment type description of each treatment?,"SELECT T1.cost_of_treatment ,  T2.treatment_type_description FROM Treatments AS T1 JOIN treatment_types AS T2 ON T1.treatment_type_code  =  T2.treatment_type_code","SELECT t.cost_of_treatment, t.treatment_type_description  
FROM treatments t  
JOIN treatment_types t_type ON t.treatment_type_code = t_type.treatment_type_code;"
dog_kennels,"List each owner's first name, last name, and the size of his for her dog.","SELECT T1.first_name ,  T1.last_name ,  T2.size_code FROM Owners AS T1 JOIN Dogs AS T2 ON T1.owner_id  =  T2.owner_id","SELECT owners.first_name, owners.last_name, sizes.size_description  
FROM owners  
JOIN dogs ON owners.owner_id = dogs.owner_id  
JOIN sizes ON dogs.size_code = sizes.size_code;"
dog_kennels,"What are each owner's first name, last name, and the size of their dog?","SELECT T1.first_name ,  T1.last_name ,  T2.size_code FROM Owners AS T1 JOIN Dogs AS T2 ON T1.owner_id  =  T2.owner_id","SELECT owners.first_name, owners.last_name, sizes.size_description  
FROM owners  
JOIN dogs ON owners.owner_id = dogs.owner_id  
JOIN sizes ON dogs.size_code = sizes.size_code;"
dog_kennels,List pairs of the owner's first name and the dogs's name.,"SELECT T1.first_name ,  T2.name FROM Owners AS T1 JOIN Dogs AS T2 ON T1.owner_id  =  T2.owner_id","SELECT owners.first_name, dogs.name  
FROM owners  
JOIN dogs ON owners.owner_id = dogs.owner_id;"
dog_kennels,What are each owner's first name and their dogs's name?,"SELECT T1.first_name ,  T2.name FROM Owners AS T1 JOIN Dogs AS T2 ON T1.owner_id  =  T2.owner_id","SELECT owners.first_name, dogs.name  
FROM owners  
JOIN dogs ON owners.owner_id = dogs.owner_id;"
dog_kennels,List the names of the dogs of the rarest breed and the treatment dates of them.,"SELECT T1.name ,  T2.date_of_treatment FROM Dogs AS T1 JOIN Treatments AS T2 ON T1.dog_id  =  T2.dog_id WHERE T1.breed_code  =  ( SELECT breed_code FROM Dogs GROUP BY breed_code ORDER BY count(*) ASC LIMIT 1 )","SELECT dogs.name, treatments.date_of_treatment  
FROM dogs  
JOIN treatments ON dogs.dog_id = treatments.dog_id  
WHERE dogs.weight = (SELECT MAX(weight) FROM dogs)  
ORDER BY dogs.name;"
dog_kennels,Which dogs are of the rarest breed? Show their names and treatment dates.,"SELECT T1.name ,  T2.date_of_treatment FROM Dogs AS T1 JOIN Treatments AS T2 ON T1.dog_id  =  T2.dog_id WHERE T1.breed_code  =  ( SELECT breed_code FROM Dogs GROUP BY breed_code ORDER BY count(*) ASC LIMIT 1 )","SELECT dogs.name, treatments.date_of_treatment  
FROM dogs  
JOIN breeds ON dogs.breed_code = breeds.breed_code  
JOIN treatments ON dogs.dog_id = treatments.dog_id  
WHERE dogs.breed_code IN (
    SELECT breed_code  
    FROM breeds  
    ORDER BY breed_name  
    LIMIT 1
);"
dog_kennels,Which dogs are owned by someone who lives in Virginia? List the owner's first name and the dog's name.,"SELECT T1.first_name ,  T2.name FROM Owners AS T1 JOIN Dogs AS T2 ON T1.owner_id  =  T2.owner_id WHERE T1.state  =  'Virginia'","SELECT dogs.first_name, dogs.name  
FROM dogs  
JOIN owners ON dogs.owner_id = owners.owner_id  
WHERE owners.city = 'Virginia';"
dog_kennels,Find the first names of owners living in Virginia and the names of dogs they own.,"SELECT T1.first_name ,  T2.name FROM Owners AS T1 JOIN Dogs AS T2 ON T1.owner_id  =  T2.owner_id WHERE T1.state  =  'Virginia'","SELECT owners.first_name  
FROM owners  
WHERE owners.state = 'Virginia'  
UNION ALL  
SELECT dogs.name  
FROM owners  
JOIN dogs ON owners.owner_id = dogs.owner_id  
WHERE owners.state = 'Virginia';"
dog_kennels,What are the arriving date and the departing date of the dogs who have gone through a treatment?,"SELECT DISTINCT T1.date_arrived ,  T1.date_departed FROM Dogs AS T1 JOIN Treatments AS T2 ON T1.dog_id  =  T2.dog_id","SELECT d.date_arrived, d.date_departed  
FROM dogs d  
JOIN treatments t ON d.dog_id = t.dog_id  
WHERE t.date_of_treatment IS NOT NULL;"
dog_kennels,Find the arriving date and the departing date of the dogs that received a treatment.,"SELECT DISTINCT T1.date_arrived ,  T1.date_departed FROM Dogs AS T1 JOIN Treatments AS T2 ON T1.dog_id  =  T2.dog_id","SELECT dogs.date_of_arrived, dogs.date_of_departed  
FROM dogs  
JOIN treatments ON dogs.dog_id = treatments.dog_id;"
dog_kennels,List the last name of the owner owning the youngest dog.,SELECT T1.last_name FROM Owners AS T1 JOIN Dogs AS T2 ON T1.owner_id  =  T2.owner_id WHERE T2.age  =  ( SELECT max(age) FROM Dogs ),"SELECT owners.last_name  
FROM owners  
JOIN dogs ON owners.owner_id = dogs.owner_id  
WHERE dogs.age = (SELECT MIN(age) FROM dogs);"
dog_kennels,Who owns the youngest dog? Give me his or her last name.,SELECT T1.last_name FROM Owners AS T1 JOIN Dogs AS T2 ON T1.owner_id  =  T2.owner_id WHERE T2.age  =  ( SELECT max(age) FROM Dogs ),"SELECT owners.last_name  
FROM owners  
JOIN dogs ON owners.owner_id = dogs.owner_id  
WHERE dogs.age = (SELECT MIN(age) FROM dogs);"
dog_kennels,List the emails of the professionals who live in the state of Hawaii or the state of Wisconsin.,SELECT email_address FROM Professionals WHERE state  =  'Hawaii' OR state  =  'Wisconsin',"SELECT email_address FROM professionals WHERE state IN ('Hawaii', 'Wisconsin');"
dog_kennels,What are the emails of the professionals living in either the state of Hawaii or the state of Wisconsin?,SELECT email_address FROM Professionals WHERE state  =  'Hawaii' OR state  =  'Wisconsin',"SELECT email_address FROM professionals JOIN owners ON professionals.professional_id = owners.owner_id WHERE owners.state IN ('Hawaii', 'Wisconsin');"
dog_kennels,What are the arriving date and the departing date of all the dogs?,"SELECT date_arrived ,  date_departed FROM Dogs","SELECT date_arrived, date_departed FROM dogs;"
dog_kennels,List the arrival date and the departure date for all the dogs.,"SELECT date_arrived ,  date_departed FROM Dogs","SELECT date_arrived, date_departed FROM dogs;"
dog_kennels,How many dogs went through any treatments?,SELECT count(DISTINCT dog_id) FROM Treatments,SELECT COUNT(*) FROM treatments;
dog_kennels,Count the number of dogs that went through a treatment.,SELECT count(DISTINCT dog_id) FROM Treatments,SELECT COUNT(*) FROM dogs JOIN treatments ON dogs.dog_id = treatments.treatment_id;
dog_kennels,How many professionals have performed any treatment to dogs?,SELECT count(DISTINCT professional_id) FROM Treatments,"SELECT COUNT(*) 
FROM professionals p 
JOIN treatments t ON t.professional_id = p.professional_id;"
dog_kennels,Find the number of professionals who have ever treated dogs.,SELECT count(DISTINCT professional_id) FROM Treatments,SELECT COUNT(*) FROM treatments INNER JOIN professionals ON treatments.professional_id = professionals.professional_id;
dog_kennels,"Which professionals live in a city containing the substring 'West'? List his or her role, street, city and state.","SELECT role_code ,  street ,  city ,  state FROM professionals WHERE city LIKE '%West%'","SELECT professionals.role_code, professionals.street, professionals.city, professionals.state  
FROM professionals  
JOIN owners ON professionals.owner_id = owners.owner_id  
WHERE owners.city LIKE '%West%';"
dog_kennels,"Find the role, street, city and state of the professionals living in a city that contains the substring 'West'.","SELECT role_code ,  street ,  city ,  state FROM professionals WHERE city LIKE '%West%'","SELECT professionals.role, professionals.street, professionals.city, professionals.state  
FROM professionals  
WHERE professionals.city LIKE '%West%';"
dog_kennels,"Which owners live in the state whose name contains the substring 'North'? List his first name, last name and email.","SELECT first_name ,  last_name ,  email_address FROM Owners WHERE state LIKE '%North%'","SELECT owners.first_name, owners.last_name, owners.email_address  
FROM owners  
WHERE owners.state LIKE '%North%';"
dog_kennels,"Return the first name, last name and email of the owners living in a state whose name contains the substring 'North'.","SELECT first_name ,  last_name ,  email_address FROM Owners WHERE state LIKE '%North%'","SELECT first_name, last_name, email_address 
FROM owners 
WHERE state LIKE '%North%';"
dog_kennels,How many dogs have an age below the average?,SELECT count(*) FROM Dogs WHERE age  <  ( SELECT avg(age) FROM Dogs ),"SELECT COUNT(*) 
FROM dogs 
WHERE age < (SELECT AVG(age) FROM dogs);"
dog_kennels,Count the number of dogs of an age below the average.,SELECT count(*) FROM Dogs WHERE age  <  ( SELECT avg(age) FROM Dogs ),"SELECT COUNT(*) 
FROM dogs 
WHERE age < (SELECT AVG(age) FROM dogs);"
dog_kennels,How much does the most recent treatment cost?,SELECT cost_of_treatment FROM Treatments ORDER BY date_of_treatment DESC LIMIT 1,SELECT MAX(cost_of_treatment) AS latest_treatment_cost FROM treatments ORDER BY date_of_treatment DESC LIMIT 1;
dog_kennels,Show me the cost of the most recently performed treatment.,SELECT cost_of_treatment FROM Treatments ORDER BY date_of_treatment DESC LIMIT 1,SELECT cost_of_treatment FROM treatments ORDER BY date_of_treatment DESC LIMIT 1;
dog_kennels,How many dogs have not gone through any treatment?,SELECT count(*) FROM Dogs WHERE dog_id NOT IN ( SELECT dog_id FROM Treatments ),"SELECT COUNT(*) 
FROM dogs 
WHERE NOT EXISTS (
    SELECT 1 
    FROM treatments 
    WHERE treatments.dog_id = dogs.dog_id
);"
dog_kennels,Tell me the number of dogs that have not received any treatment .,select count(*) from dogs where dog_id not in ( select dog_id from treatments ),"SELECT COUNT(*) 
FROM dogs 
JOIN treatments ON dogs.dog_id = treatments.dog_id 
WHERE treatments.treatment_type_code IS NULL;"
dog_kennels,How many owners temporarily do not have any dogs?,SELECT count(*) FROM Owners WHERE owner_id NOT IN ( SELECT owner_id FROM Dogs ),"SELECT COUNT(*) 
FROM owners 
WHERE owner_id NOT IN (
    SELECT owner_id 
    FROM dogs
);"
dog_kennels,Find the number of owners who do not own any dogs at this moment.,SELECT count(*) FROM Owners WHERE owner_id NOT IN ( SELECT owner_id FROM Dogs ),"SELECT COUNT(*) 
FROM owners
WHERE owner_id NOT IN (
    SELECT owner_id
    FROM dogs
    WHERE dog_id IS NULL
);"
dog_kennels,How many professionals did not operate any treatment on dogs?,SELECT count(*) FROM Professionals WHERE professional_id NOT IN ( SELECT professional_id FROM Treatments ),"SELECT COUNT(*) 
FROM professionals 
WHERE professional_id NOT IN (
    SELECT professional_id 
    FROM treatments 
    WHERE treatment_type_code IS NULL
);"
dog_kennels,Find the number of professionals who have not treated any dogs.,SELECT count(*) FROM Professionals WHERE professional_id NOT IN ( SELECT professional_id FROM Treatments ),"SELECT COUNT(*) 
FROM professionals 
WHERE professional_id NOT IN (
    SELECT treatment.professional_id 
    FROM treatments 
    WHERE treatments.treatment_type_code IS NULL
);"
dog_kennels,"List the dog name, age and weight of the dogs who have been abandoned? 1 stands for yes, and 0 stands for no.","SELECT name ,  age ,  weight FROM Dogs WHERE abandoned_yn  =  1","SELECT name, age, weight FROM dogs WHERE abandoned_yn = '1';"
dog_kennels,"What are the dog name, age and weight of the dogs that were abandoned? Note that 1 stands for yes, and 0 stands for no in the tables.","SELECT name ,  age ,  weight FROM Dogs WHERE abandoned_yn  =  1","SELECT dogs.name, dogs.age, dogs.weight FROM dogs WHERE dogs.abandoned_yn = '1' LIMIT 1;"
dog_kennels,What is the average age of all the dogs?,SELECT avg(age) FROM Dogs,SELECT AVG(dogs.age) FROM dogs;
dog_kennels,Compute the average age of all the dogs.,SELECT avg(age) FROM Dogs,SELECT AVG(dogs.date_of_birth) FROM dogs;
dog_kennels,What is the age of the oldest dog?,SELECT max(age) FROM Dogs,SELECT MAX(age) FROM dogs;
dog_kennels,Tell me the age of the oldest dog.,SELECT max(age) FROM Dogs,SELECT MAX(dogs.age) FROM dogs;
dog_kennels,How much does each charge type costs? List both charge type and amount.,"SELECT charge_type ,  charge_amount FROM Charges","SELECT charge_type, charge_amount FROM charges ORDER BY charge_type;"
dog_kennels,List each charge type and its amount.,"SELECT charge_type ,  charge_amount FROM Charges","SELECT charge_type, charge_amount FROM charges ORDER BY charge_type;"
dog_kennels,How much does the most expensive charge type costs?,SELECT max(charge_amount) FROM Charges,"SELECT SUM(charges.charge_amount) FROM charges WHERE charge_type IN (
    SELECT charge_type FROM charges ORDER BY charge_amount DESC LIMIT 1
);"
dog_kennels,What is the charge amount of the most expensive charge type?,SELECT max(charge_amount) FROM Charges,SELECT MAX(charge_amount) FROM charges;
dog_kennels,"List the email, cell phone and home phone of all the professionals.","SELECT email_address ,  cell_number ,  home_phone FROM professionals","SELECT email_address, home_phone, cell_number FROM professionals;"
dog_kennels,"What are the email, cell phone and home phone of each professional?","SELECT email_address ,  cell_number ,  home_phone FROM professionals","SELECT email_address, home_phone, cell_number FROM professionals;"
dog_kennels,What are all the possible breed type and size type combinations?,"SELECT DISTINCT breed_code ,  size_code FROM dogs","SELECT breeds.breed_name, sizes.size_description  
FROM breeds  
JOIN sizes ON breeds.breed_code = sizes.size_code;"
dog_kennels,Find the distinct breed type and size type combinations for dogs.,"SELECT DISTINCT breed_code ,  size_code FROM dogs","SELECT DISTINCT breeds.breed_type, sizes.size_type  
FROM breeds  
JOIN sizes ON breeds.breed_code = sizes.size_code;"
dog_kennels,List the first name of all the professionals along with the description of the treatment they have done.,"SELECT DISTINCT T1.first_name ,  T3.treatment_type_description FROM professionals AS T1 JOIN Treatments AS T2 ON T1.professional_id  =  T2.professional_id JOIN Treatment_types AS T3 ON T2.treatment_type_code  =  T3.treatment_type_code","SELECT professionals.first_name, treatment_types.description FROM professionals INNER JOIN treatments ON professionals.professional_id = treatments.professional_id INNER JOIN treatment_types ON treatments.treatment_type_code = treatment_types.treatment_type_code;"
dog_kennels,What are each professional's first name and description of the treatment they have performed?,"SELECT DISTINCT T1.first_name ,  T3.treatment_type_description FROM professionals AS T1 JOIN Treatments AS T2 ON T1.professional_id  =  T2.professional_id JOIN Treatment_types AS T3 ON T2.treatment_type_code  =  T3.treatment_type_code","SELECT professionals.first_name, treatments.treatment_type_description  
FROM professionals  
JOIN treatments ON treatments.professional_id = professionals.professional_id  
LIMIT 1;"
singer,How many singers are there?,SELECT count(*) FROM singer,SELECT COUNT(*) FROM singer;
singer,What is the count of singers?,SELECT count(*) FROM singer,SELECT COUNT(*) FROM singer;
singer,List the name of singers in ascending order of net worth.,SELECT Name FROM singer ORDER BY Net_Worth_Millions ASC,SELECT name FROM singer ORDER BY net_worth_millions LIMIT 10;
singer,What are the names of singers ordered by ascending net worth?,SELECT Name FROM singer ORDER BY Net_Worth_Millions ASC,SELECT name FROM singer ORDER BY net_worth_millions ASC LIMIT 10;
singer,What are the birth year and citizenship of singers?,"SELECT Birth_Year ,  Citizenship FROM singer","SELECT birth_year, citizenship FROM singer;"
singer,What are the birth years and citizenships of the singers?,"SELECT Birth_Year ,  Citizenship FROM singer","SELECT birth_year, citizenship FROM singer;"
singer,"List the name of singers whose citizenship is not ""France"".","SELECT Name FROM singer WHERE Citizenship != ""France""",SELECT name FROM singer WHERE citizenship != 'France';
singer,What are the names of the singers who are not French citizens?,"SELECT Name FROM singer WHERE Citizenship != ""France""",SELECT name FROM singer WHERE citizenship != 'French';
singer,Show the name of singers whose birth year is either 1948 or 1949?,SELECT Name FROM singer WHERE Birth_Year  =  1948 OR Birth_Year  =  1949,"SELECT name FROM singer WHERE birth_year IN (1948, 1949) LIMIT 10;"
singer,What are the names of the singers whose birth years are either 1948 or 1949?,SELECT Name FROM singer WHERE Birth_Year  =  1948 OR Birth_Year  =  1949,"SELECT name FROM singer WHERE birth_year IN (1948, 1949) LIMIT 1;"
singer,What is the name of the singer with the largest net worth?,SELECT Name FROM singer ORDER BY Net_Worth_Millions DESC LIMIT 1,SELECT name FROM singer ORDER BY net_worth_millions DESC LIMIT 1;
singer,What is the name of the singer who is worth the most?,SELECT Name FROM singer ORDER BY Net_Worth_Millions DESC LIMIT 1,SELECT name FROM singer ORDER BY net_worth_millions DESC LIMIT 1;
singer,Show different citizenship of singers and the number of singers of each citizenship.,"SELECT Citizenship ,  COUNT(*) FROM singer GROUP BY Citizenship","SELECT citizenship, COUNT(*) AS num_singers  
FROM singer  
GROUP BY citizenship;"
singer,"For each citizenship, how many singers are from that country?","SELECT Citizenship ,  COUNT(*) FROM singer GROUP BY Citizenship",SELECT COUNT(*) AS count FROM singer GROUP BY citizenship;
singer,Please show the most common citizenship of singers.,SELECT Citizenship FROM singer GROUP BY Citizenship ORDER BY COUNT(*) DESC LIMIT 1,"SELECT MAX(citizenship) AS most_common_citizenship  
FROM (
    SELECT COUNT(*) AS count  
    FROM singer  
    GROUP BY citizenship  
) AS freq  
WHERE count = (SELECT MAX(count) FROM freq);"
singer,What is the most common singer citizenship ?,select citizenship from singer group by citizenship order by count(*) desc limit 1,"SELECT citizenship, COUNT(*) as most_common  
FROM singer  
GROUP BY citizenship  
ORDER BY COUNT(*) DESC  
LIMIT 1;"
singer,Show different citizenships and the maximum net worth of singers of each citizenship.,"SELECT Citizenship ,  max(Net_Worth_Millions) FROM singer GROUP BY Citizenship","SELECT citizenship, MAX(net_worth) AS max_net_worth FROM singer GROUP BY citizenship;"
singer,"For each citizenship, what is the maximum net worth?","SELECT Citizenship ,  max(Net_Worth_Millions) FROM singer GROUP BY Citizenship","SELECT citizenship, MAX(net_worth) as max_net_worth  
FROM singer  
JOIN song ON singer.singer_id = song.singer_id  
GROUP BY citizenship;"
singer,Show titles of songs and names of singers.,"SELECT T2.Title ,  T1.Name FROM singer AS T1 JOIN song AS T2 ON T1.Singer_ID  =  T2.Singer_ID","SELECT title, name FROM song JOIN singer ON song.singer_id = singer.singer_id;"
singer,What are the song titles and singer names?,"SELECT T2.Title ,  T1.Name FROM singer AS T1 JOIN song AS T2 ON T1.Singer_ID  =  T2.Singer_ID","SELECT title, name FROM song JOIN singer ON song.singer_id = singer.singer_id;"
singer,Show distinct names of singers that have songs with sales more than 300000.,SELECT DISTINCT T1.Name FROM singer AS T1 JOIN song AS T2 ON T1.Singer_ID  =  T2.Singer_ID WHERE T2.Sales  >  300000,SELECT DISTINCT name FROM song JOIN singer ON song.singer_id = singer.singer_id WHERE sales > 300000;
singer,what are the different names of the singers that have sales more than 300000?,SELECT DISTINCT T1.Name FROM singer AS T1 JOIN song AS T2 ON T1.Singer_ID  =  T2.Singer_ID WHERE T2.Sales  >  300000,"SELECT singer.name  
FROM song  
JOIN singer ON song.singer_id = singer.singer_id  
WHERE song.sales > 300000;"
singer,Show the names of singers that have more than one song.,SELECT T1.Name FROM singer AS T1 JOIN song AS T2 ON T1.Singer_ID  =  T2.Singer_ID GROUP BY T1.Name HAVING COUNT(*)  >  1,"SELECT name, COUNT(*) AS count  
FROM singer  
JOIN song ON singer.singer_id = song.singer_id  
GROUP BY name  
HAVING COUNT(*) > 1  
LIMIT 1;"
singer,What are the names of the singers that have more than one songs?,SELECT T1.Name FROM singer AS T1 JOIN song AS T2 ON T1.Singer_ID  =  T2.Singer_ID GROUP BY T1.Name HAVING COUNT(*)  >  1,"SELECT name  
FROM singer  
JOIN song ON singer.singer_id = song.singer_id  
GROUP BY singer_id  
HAVING COUNT(song.singer_id) > 1;"
singer,Show the names of singers and the total sales of their songs.,"SELECT T1.Name ,  sum(T2.Sales) FROM singer AS T1 JOIN song AS T2 ON T1.Singer_ID  =  T2.Singer_ID GROUP BY T1.Name","SELECT singer.name, SUM(song.sales) AS total_sales  
FROM singer  
JOIN song ON singer.singer_id = song.singer_id  
GROUP BY singer.singer_id  
LIMIT 1;"
singer,"For each singer name, what is the total sales for their songs?","SELECT T1.Name ,  sum(T2.Sales) FROM singer AS T1 JOIN song AS T2 ON T1.Singer_ID  =  T2.Singer_ID GROUP BY T1.Name","SELECT name, SUM(sales) AS total_sales  
FROM singer  
JOIN song ON singer.singer_id = song.singer_id  
GROUP BY name;"
singer,List the name of singers that do not have any song.,SELECT Name FROM singer WHERE Singer_ID NOT IN (SELECT Singer_ID FROM song),"SELECT name  
FROM singer  
WHERE singer_id NOT IN (  
    SELECT singer_id  
    FROM song  
)  
LIMIT 1;"
singer,What is the sname of every sing that does not have any song?,SELECT Name FROM singer WHERE Singer_ID NOT IN (SELECT Singer_ID FROM song),"SELECT s.name  
FROM singer s  
JOIN song ON s.singer_id  
WHERE s.singer_id IS NULL;"
singer,Show the citizenship shared by singers with birth year before 1945 and after 1955.,SELECT Citizenship FROM singer WHERE Birth_Year  <  1945 INTERSECT SELECT Citizenship FROM singer WHERE Birth_Year  >  1955,"SELECT singer.citizenship  
FROM singer  
WHERE singer.birth_year IN (SELECT birth_year  
FROM singer  
WHERE birth_year < 1945 AND birth_year > 1955)  
LIMIT 1;"
singer,What are the citizenships that are shared by singers with a birth year before 1945 and after 1955?,SELECT Citizenship FROM singer WHERE Birth_Year  <  1945 INTERSECT SELECT Citizenship FROM singer WHERE Birth_Year  >  1955,SELECT citizenship FROM singer WHERE birth_year BETWEEN 1945 AND 1955;
real_estate_properties,How many available features are there in total?,SELECT count(*) FROM Other_Available_Features,SELECT COUNT(*) FROM other_available_features;
real_estate_properties,What is the feature type name of feature AirCon?,"SELECT T2.feature_type_name FROM Other_Available_Features AS T1 JOIN Ref_Feature_Types AS T2 ON T1.feature_type_code  =  T2.feature_type_code WHERE T1.feature_name  =  ""AirCon""",SELECT ref_feature_types.feature_type_name FROM ref_feature_types JOIN other_available_features ON other_available_features.feature_type_code = ref_feature_types.feature_type_code WHERE other_available_features.feature_name = 'AirCon';
real_estate_properties,Show the property type descriptions of properties belonging to that code.,SELECT T2.property_type_description FROM Properties AS T1 JOIN Ref_Property_Types AS T2 ON T1.property_type_code  =  T2.property_type_code GROUP BY T1.property_type_code,SELECT property_type_description FROM properties INNER JOIN ref_property_types ON properties.property_type_code = ref_property_types.property_type_code WHERE properties.property_type_code = [code];
real_estate_properties,What are the names of properties that are either houses or apartments with more than 1 room?,"SELECT property_name FROM Properties WHERE property_type_code  =  ""House"" UNION SELECT property_name FROM Properties WHERE property_type_code  =  ""Apartment"" AND room_count  >  1","SELECT p.property_name 
FROM properties p 
JOIN other_available_features o ON p.property_id = o.feature_id 
WHERE o.feature_type_code IN (
    SELECT feature_type_code 
    FROM ref_property_types 
    WHERE property_type_name IN ('house', 'apartment')
);"
