db_id,question,query,pred_query
concert_singer,How many singers do we have?,SELECT count(*) FROM singer,"To answer the question ""How many singers do we have?"", you would need to count the rows in the `singer` table. Here's the SQL query:

```sql
SELECT COUNT(*) 
FROM singer;
```

This query counts all the rows in the `singer` table and returns the total count."
concert_singer,What is the total number of singers?,SELECT count(*) FROM singer,"To find the total number of singers, you would use the following SQL query:

```sql
SELECT COUNT(*) 
FROM singer;
```

This query counts all rows in the `singer` table, which gives you the total number of singers."
concert_singer,"Show name, country, age for all singers ordered by age from the oldest to the youngest.","SELECT name ,  country ,  age FROM singer ORDER BY age DESC","SELECT name, country, age
FROM singer
ORDER BY age DESC;"
concert_singer,"What are the names, countries, and ages for every singer in descending order of age?","SELECT name ,  country ,  age FROM singer ORDER BY age DESC","SELECT name, country, age
FROM singer
ORDER BY age DESC;"
concert_singer,"What is the average, minimum, and maximum age of all singers from France?","SELECT avg(age) ,  min(age) ,  max(age) FROM singer WHERE country  =  'France'","SELECT AVG(age) as average_age, MIN(age) as minimum_age, MAX(age) as maximum_age
FROM singer
WHERE country = 'France';"
concert_singer,"What is the average, minimum, and maximum age for all French singers?","SELECT avg(age) ,  min(age) ,  max(age) FROM singer WHERE country  =  'France'","SELECT AVG(age) as average_age, MIN(age) as minimum_age, MAX(age) as maximum_age
FROM singer
WHERE country = 'France';"
concert_singer,Show the name and the release year of the song by the youngest singer.,"SELECT song_name ,  song_release_year FROM singer ORDER BY age LIMIT 1","SELECT s.name, c.song_release_year
FROM singer s
JOIN concert_arts ca ON s.singer_id = ca.singer_id
JOIN concert c ON ca.concert_arts_id = c.concert_arts_id
WHERE s.age = (SELECT MIN(age) FROM singer)
ORDER BY c.song_release_year;"
concert_singer,What are the names and release years for all the songs of the youngest singer?,"SELECT song_name ,  song_release_year FROM singer ORDER BY age LIMIT 1","SELECT s.name AS song_name, s.song_release_year AS release_year
FROM singer AS s
JOIN singer_in_concert AS sic ON s.singer_id = sic.singer_id
JOIN concert AS c ON sic.concert_id = c.concert_id
WHERE s.age = (SELECT MIN(age) FROM singer)
ORDER BY s.song_release_year;"
concert_singer,What are all distinct countries where singers above age 20 are from?,SELECT DISTINCT country FROM singer WHERE age  >  20,"Here's the SQL query based on the assumptions provided:

```sql
SELECT DISTINCT country
FROM singer
JOIN singer_concert ON singer.singer_id = singer_concert.singer_id
WHERE singer.age > 20;
```

This query selects distinct countries for singers who are above age 20. It does this by joining the `singer`, `singer_concert`, and `stadium` tables based on foreign keys, and then applying the WHERE clause to filter out singers below age 20. Finally, it selects only the distinct country values using the DISTINCT keyword."
concert_singer,What are  the different countries with singers above age 20?,SELECT DISTINCT country FROM singer WHERE age  >  20,"SELECT DISTINCT country
FROM singer
WHERE age > 20;"
concert_singer,Show all countries and the number of singers in each country.,"SELECT country ,  count(*) FROM singer GROUP BY country","SELECT country, COUNT(singer_id) as num_singers
FROM singer
GROUP BY country;"
concert_singer,How many singers are from each country?,"SELECT country ,  count(*) FROM singer GROUP BY country","SELECT singer.country, COUNT(singer.country) AS number_of_singers
FROM singer
GROUP BY singer.country;"
concert_singer,List all song names by singers above the average age.,SELECT song_name FROM singer WHERE age  >  (SELECT avg(age) FROM singer),"SELECT s.song_ name 
FROM singer s 
JOIN (SELECT singer_ id, AVG(age) AS avg_age 
      FROM singer GROUP BY singer_ id) subquery ON s.singer_ id = subquery.singer_ id 
WHERE s.age > subquery.avg_age;"
concert_singer,What are all the song names by singers who are older than average?,SELECT song_name FROM singer WHERE age  >  (SELECT avg(age) FROM singer),"SELECT s.song_name 
FROM singer s 
JOIN concert_c c ON s.singer_id = c.singer_id
WHERE s.age > (SELECT AVG(age) FROM singer))
GROUP BY s.song_ name;"
concert_singer,Show location and name for all stadiums with a capacity between 5000 and 10000.,"SELECT LOCATION ,  name FROM stadium WHERE capacity BETWEEN 5000 AND 10000","SELECT location, name 
FROM stadium 
WHERE capacity BETWEEN 5000 AND 10000;"
concert_singer,What are the locations and names of all stations with capacity between 5000 and 10000?,"SELECT LOCATION ,  name FROM stadium WHERE capacity BETWEEN 5000 AND 10000","SELECT location, name
FROM stadium
WHERE capacity BETWEEN 5000 AND 10000;"
concert_singer,What is the maximum capacity and the average of all stadiums ?,"select max(capacity), average from stadium","SELECT MAX(capacity) AS max_capacity, AVG(average) AS avg_value
FROM stadium;"
concert_singer,What is the average and maximum capacities for all stadiums ?,"select avg(capacity) ,  max(capacity) from stadium","SELECT AVG(capacity) as avg_capacity, MAX(capacity) as max_capacity
FROM stadium;"
concert_singer,What is the name and capacity for the stadium with highest average attendance?,"SELECT name ,  capacity FROM stadium ORDER BY average DESC LIMIT 1","SELECT s.name AS stadium_name, s.capacity AS stadium_capacity
FROM stadium s
WHERE s.highest = (SELECT MAX(average) FROM stadium)
LIMIT 1;"
concert_singer,What is the name and capacity for the stadium with the highest average attendance?,"SELECT name ,  capacity FROM stadium ORDER BY average DESC LIMIT 1","SELECT s.name, s.capacity
FROM stadium s
WHERE s.highest = (SELECT MAX(average) FROM stadium);

This query first finds the stadium with the highest average attendance by using a subquery. Then it selects the name and capacity of that stadium from the `stadium` table."
concert_singer,How many concerts are there in year 2014 or 2015?,SELECT count(*) FROM concert WHERE YEAR  =  2014 OR YEAR  =  2015,"To answer the question, you need to count the number of concerts that occurred either in 2014 or 2015. Here's a correct SQL query for this:

```sql
SELECT COUNT(concert_id)
FROM concert
WHERE year IN ('2014', '2015')
```

This query counts the number of `concert_id` from the `concert` table where the `year` is either '2014' or '2015'."
concert_singer,How many concerts occurred in 2014 or 2015?,SELECT count(*) FROM concert WHERE YEAR  =  2014 OR YEAR  =  2015,"SELECT COUNT(*) 
FROM concert 
WHERE year IN ('2014', '2015');"
concert_singer,Show the stadium name and the number of concerts in each stadium.,"SELECT T2.name ,  count(*) FROM concert AS T1 JOIN stadium AS T2 ON T1.stadium_id  =  T2.stadium_id GROUP BY T1.stadium_id","SELECT s.name AS stadium_name, COUNT(c.concert_id) AS number_of_concerts
FROM stadium s
JOIN concert c ON s.stadium_id = c.stadium_ide
GROUP BY s.name;"
concert_singer,"For each stadium, how many concerts play there?","SELECT T2.name ,  count(*) FROM concert AS T1 JOIN stadium AS T2 ON T1.stadium_id  =  T2.stadium_id GROUP BY T1.stadium_id","SELECT stadium.name AS stadium_name, COUNT(concert_id) AS number_of_concerts
FROM stadium
JOIN concert ON stadium.stadium_id = concert.stadium_ide
GROUP BY stadium.name;"
concert_singer,Show the stadium name and capacity with most number of concerts in year 2014 or after.,"SELECT T2.name ,  T2.capacity FROM concert AS T1 JOIN stadium AS T2 ON T1.stadium_id  =  T2.stadium_id WHERE T1.year  >=  2014 GROUP BY T2.stadium_id ORDER BY count(*) DESC LIMIT 1","Here's the SQL query that answers the question:

```sql
SELECT s.name AS stadium_name, s.capacity AS stadium_capacity
FROM stadium s
JOIN (
    SELECT c.stadium_ide, COUNT(*) AS concert_count
    FROM concert c
    WHERE EXTRACT(YEAR FROM c.year)) >= 2014
    GROUP BY c.stadium_ide
    ORDER BY concert_count DESC
) concert_data ON s.stadium_id = concert_data.stadium_ide
LIMIT 1;
```

This query first selects the stadium name and capacity. It then joins the stadiums table with a subquery that counts concerts held in or after 2014, grouped by stadium id. Finally, it filters the result to only show the top stadium based on concert count and limits the output to one row."
concert_singer,What is the name and capacity of the stadium with the most concerts after 2013 ?,"select t2.name ,  t2.capacity from concert as t1 join stadium as t2 on t1.stadium_id  =  t2.stadium_id where t1.year  >  2013 group by t2.stadium_id order by count(*) desc limit 1","SELECT s.name AS stadium_name, s.capacity 
FROM stadium s 
JOIN (
    SELECT c.concert_venue_id, COUNT(*) as concert_count
    FROM concert c
    WHERE c.year > '2013'
    GROUP BY c.concert_venue_id
    ORDER BY concert_count DESC
    LIMIT 1
) t ON s.stadium_id = t.concert_venue_id;"
concert_singer,Which year has most number of concerts?,SELECT YEAR FROM concert GROUP BY YEAR ORDER BY count(*) DESC LIMIT 1,"To find the year with the most number of concerts, you can use the following SQL query:

```sql
SELECT concert.year, COUNT(*) AS concert_count
FROM concert
GROUP BY concert.year
ORDER BY concert_count DESC
LIMIT 1;
```

This query selects the `year` and counts the number of concerts (`COUNT(*)`) for each year. It then orders the result by concert count in descending order and returns only the top result (using LIMIT 1). This will give you the year with the most number of concerts."
concert_singer,What is the year that had the most concerts?,SELECT YEAR FROM concert GROUP BY YEAR ORDER BY count(*) DESC LIMIT 1,"SELECT year, COUNT(*) AS concert_count
FROM concert
GROUP BY year
ORDER BY concert_count DESC
LIMIT 1;"
concert_singer,Show the stadium names without any concert.,SELECT name FROM stadium WHERE stadium_id NOT IN (SELECT stadium_id FROM concert),"SELECT s.name 
FROM stadium s 
LEFT JOIN concert c ON s.stadium_id = c.stadium_ide
WHERE c.concert_ide IS NULL;"
concert_singer,What are the names of the stadiums without any concerts?,SELECT name FROM stadium WHERE stadium_id NOT IN (SELECT stadium_id FROM concert),"SELECT name 
FROM stadium 
WHERE stadium_id NOT IN (SELECT DISTINCT stadium_id FROM concert);"
concert_singer,Show countries where a singer above age 40 and a singer below 30 are from.,SELECT country FROM singer WHERE age  >  40 INTERSECT SELECT country FROM singer WHERE age  <  30,"SELECT DISTINCT country
FROM singer s1
JOIN singer s2 ON s1.country = s2.country
WHERE s1.age > 40 AND s2.age < 30;"
concert_singer,Show names for all stadiums except for stadiums having a concert in year 2014.,SELECT name FROM stadium EXCEPT SELECT T2.name FROM concert AS T1 JOIN stadium AS T2 ON T1.stadium_id  =  T2.stadium_id WHERE T1.year  =  2014,"SELECT s.name
FROM stadium s
LEFT JOIN (
    SELECT DISTINCT c.concert_venue, c.year
    FROM concert c
    JOIN singer_in_concert sic ON c.concert_id = sic.concert_ide
    WHERE c.year = '2014'
) t ON s.stadium_id = t.concert_venue
WHERE t.concert_venue IS NULL;"
concert_singer,What are the names of all stadiums that did not have a concert in 2014?,SELECT name FROM stadium EXCEPT SELECT T2.name FROM concert AS T1 JOIN stadium AS T2 ON T1.stadium_id  =  T2.stadium_id WHERE T1.year  =  2014,"SELECT name 
FROM stadium 
WHERE stadium_id NOT IN (
    SELECT DISTINCT stadium_id 
    FROM concert 
    WHERE year = '2014'
)"
concert_singer,Show the name and theme for all concerts and the number of singers in each concert.,"SELECT T2.concert_name ,  T2.theme ,  count(*) FROM singer_in_concert AS T1 JOIN concert AS T2 ON T1.concert_id  =  T2.concert_id GROUP BY T2.concert_id","SELECT c.concert_name, c.theme, COUNT(s.singer_id) AS num_singers
FROM concert c
LEFT JOIN singer_in_concert sic ON c.concert_id = sic.concert_id
GROUP BY c.concert_id, c.concert_name, c.theme;"
concert_singer,"What are the names , themes , and number of singers for every concert ?","select t2.concert_name ,  t2.theme ,  count(*) from singer_in_concert as t1 join concert as t2 on t1.concert_id  =  t2.concert_id group by t2.concert_id","SELECT c.concert_name, c.theme, COUNT(s.singer_id) as num_singers
FROM concert c
LEFT JOIN singer_in_concert sic ON c.concert_id = sic.concert_id
LEFT JOIN singer s ON sic.singer_ id = s.singer_ id
GROUP BY c.concert_id;"
concert_singer,List singer names and number of concerts for each singer.,"SELECT T2.name ,  count(*) FROM singer_in_concert AS T1 JOIN singer AS T2 ON T1.singer_id  =  T2.singer_id GROUP BY T2.singer_id","SELECT s.name AS singer_name, COUNT(*) AS number_of_concerts
FROM singer s
JOIN singer_in_concert sic ON s.singer_id = sic.singer_id
GROUP BY s.name;"
concert_singer,What are the names of the singers and number of concerts for each person?,"SELECT T2.name ,  count(*) FROM singer_in_concert AS T1 JOIN singer AS T2 ON T1.singer_id  =  T2.singer_id GROUP BY T2.singer_id","SELECT s.name AS singer_name, COUNT(c.concert_id) AS number_of_concerts
FROM singer s
JOIN singer_in_concert sic ON s.singer_id = sic.singer_id
GROUP BY s.name;"
concert_singer,List all singer names in concerts in year 2014.,SELECT T2.name FROM singer_in_concert AS T1 JOIN singer AS T2 ON T1.singer_id  =  T2.singer_id JOIN concert AS T3 ON T1.concert_id  =  T3.concert_id WHERE T3.year  =  2014,"SELECT DISTINCT s.name
FROM singer s
JOIN singer_in_concert sic ON s.singer_id = sic.singer_id
JOIN concert c ON sic.concert_id = c.concert_id
WHERE c.year = '2014';"
concert_singer,What are the names of the singers who performed in a concert in 2014?,SELECT T2.name FROM singer_in_concert AS T1 JOIN singer AS T2 ON T1.singer_id  =  T2.singer_id JOIN concert AS T3 ON T1.concert_id  =  T3.concert_id WHERE T3.year  =  2014,"SELECT s.name
FROM singer s
JOIN singer_in_concert sic ON s.singer_id = sic.singer_id
JOIN concert c ON sic.concert_id = c.concert_id
WHERE c.year = '2014';"
concert_singer,what is the name and nation of the singer who have a song having 'Hey' in its name?,"SELECT name ,  country FROM singer WHERE song_name LIKE '%Hey%'","Here's an SQL query that answers the question based on the given schema:

```sql
SELECT s.name AS 'singer_name', s.country AS 'singer_nation'
FROM singer s
JOIN singer_ensemble se ON s.singer_ensemble_id = se.ensemble_id
JOIN song g ON se.ensemble_song_id = g.song_id
WHERE g.song_name LIKE '%Hey%' AND s.is_active = 1;
```

This query joins the `singer`, `song`, and `singer_ensemble` tables to find the singer's name, nation, and a song with 'Hey' in its name. It also filters for active singers only."
concert_singer,What is the name and country of origin of every singer who has a song with the word 'Hey' in its title?,"SELECT name ,  country FROM singer WHERE song_name LIKE '%Hey%'","SELECT s.name, s.country
FROM singer s
JOIN singer_oin_concert sic ON s.singer_id = sic.singer_id
JOIN concert c ON sic.concert_id = c.concert_id
JOIN song_oin_concert soc ON c.concert_name LIKE '%Hey%' AND sic.concert_id = soc.concert_id
WHERE sic.singer_id = s.singer_ide;"
concert_singer,Find the name and location of the stadiums which some concerts happened in the years of both 2014 and 2015.,"SELECT T2.name ,  T2.location FROM concert AS T1 JOIN stadium AS T2 ON T1.stadium_id  =  T2.stadium_id WHERE T1.Year  =  2014 INTERSECT SELECT T2.name ,  T2.location FROM concert AS T1 JOIN stadium AS T2 ON T1.stadium_id  =  T2.stadium_id WHERE T1.Year  =  2015","SELECT S.name, S.location
FROM stadium S
JOIN concert C ON S.stadium_id = C.stadium_id
WHERE C.year IN ('2014', '2015')
GROUP BY S.stadium_id, S.name, S.location
HAVING COUNT(DISTINCT CASE WHEN year = '2014' THEN concert_earliest_year END)) > 0 AND COUNT(DISTINCT CASE WHEN year = '2015' THEN concert_earliest_year END)) > 0;"
concert_singer,What are the names and locations of the stadiums that had concerts that occurred in both 2014 and 2015?,"SELECT T2.name ,  T2.location FROM concert AS T1 JOIN stadium AS T2 ON T1.stadium_id  =  T2.stadium_id WHERE T1.Year  =  2014 INTERSECT SELECT T2.name ,  T2.location FROM concert AS T1 JOIN stadium AS T2 ON T1.stadium_id  =  T2.stadium_id WHERE T1.Year  =  2015","Here's a SQL query to find the required information:

```sql
SELECT s.name AS stadium_name, s.location AS stadium_location
FROM stadium s
JOIN (
    SELECT DISTINCT c.concert_venue_id
    FROM concert c
    WHERE c.year IN ('2014', '2015')
) venues_in_2014_and_2015 ON s.stadium_id = venues_in_2014_and_2015.concert_venue_id
```

This query first finds the unique concert venue IDs (stadium IDs) that had concerts in both 2014 and 2015. Then, it selects the stadium names and locations from the stadiums table based on those venue IDs."
concert_singer,Find the number of concerts happened in the stadium with the highest capacity .,select count(*) from concert where stadium_id = (select stadium_id from stadium order by capacity desc limit 1),"Here's the SQL query to find the number of concerts happened in the stadium with the highest capacity:

```sql
SELECT COUNT(*) as concert_count
FROM concert c
JOIN stadium s ON c.stadium_id = s.stadium_id
WHERE s.capacity = (SELECT MAX(capacity) FROM stadium)
```

This query joins the `concert` and `stadium` tables. It then filters for the stadium with the highest capacity by comparing it to a subquery that finds the maximum capacity in the `stadium` table. Finally, it counts the number of concerts (`COUNT(*)`) and assigns this count an alias `concert_count`."
concert_singer,What are the number of concerts that occurred in the stadium with the largest capacity ?,select count(*) from concert where stadium_id = (select stadium_id from stadium order by capacity desc limit 1),"SELECT COUNT(concert_.*))
FROM concert
JOIN stadium ON concert.stadium_id = stadium.stadium_*

WHERE stadium.capacity = (SELECT MAX(capacity) FROM stadium));

LIMIT 1;"
pets_1,Find the number of pets whose weight is heavier than 10.,SELECT count(*) FROM pets WHERE weight  >  10,"SELECT COUNT(*) 
FROM pets 
WHERE weight > 10;"
pets_1,How many pets have a greater weight than 10?,SELECT count(*) FROM pets WHERE weight  >  10,"SELECT COUNT(*) 
FROM pets 
WHERE weight > 10;"
pets_1,Find the weight of the youngest dog.,SELECT weight FROM pets ORDER BY pet_age LIMIT 1,"SELECT pets.weight
FROM pets
JOIN has_pet ON pets.petid = has_pet.petid
JOIN student ON has_pet.stuid = student.stuid
WHERE pets.pet_age = (SELECT MIN(pet_age)) FROM pets)
LIMIT 1;"
pets_1,How much does the youngest dog weigh?,SELECT weight FROM pets ORDER BY pet_age LIMIT 1,"SELECT weight 
FROM pets 
WHERE pettype = 'dog' AND pet_age = (SELECT MIN(pet_age)) FROM pets WHERE pettype = 'dog');"
pets_1,Find the maximum weight for each type of pet. List the maximum weight and pet type.,"SELECT max(weight) ,  petType FROM pets GROUP BY petType","SELECT pets.pettype, MAX(pets.weight) AS max_weight
FROM pets
GROUP BY pets.pettype;"
pets_1,List the maximum weight and type for each type of pet.,"SELECT max(weight) ,  petType FROM pets GROUP BY petType","SELECT p.pettype, MAX(p.weight) as max_weight
FROM pets p
GROUP BY p.pettype;"
pets_1,Find number of pets owned by students who are older than 20.,SELECT count(*) FROM student AS T1 JOIN has_pet AS T2 ON T1.stuid  =  T2.stuid WHERE T1.age  >  20,"SELECT COUNT(p.petid))
FROM student s
JOIN has_pet hp ON s.stuid = hp.stuid
JOIN pets p ON hp.petid = p.petid
WHERE s.age > 20;"
pets_1,How many pets are owned by students that have an age greater than 20?,SELECT count(*) FROM student AS T1 JOIN has_pet AS T2 ON T1.stuid  =  T2.stuid WHERE T1.age  >  20,"SELECT COUNT(p.petid) as total_pets
FROM student s
JOIN has_pet hp ON s.stuid = hp.stuid
JOIN pets p ON hp.petid = p.petid
WHERE s.age > 20;"
pets_1,Find the number of dog pets that are raised by female students (with sex F).,SELECT count(*) FROM student AS T1 JOIN has_pet AS T2 ON T1.stuid  =  T2.stuid JOIN pets AS T3 ON T2.petid  =  T3.petid WHERE T1.sex  =  'F' AND T3.pettype  =  'dog',"SELECT COUNT(*) 
FROM has_pet 
JOIN pets ON has_ pet.petid = pets.petid 
JOIN student ON has_ pet.stuid = student.stuid 
WHERE student.sex = 'F' AND pets.pettype = 'dog';"
pets_1,How many dog pets are raised by female students?,SELECT count(*) FROM student AS T1 JOIN has_pet AS T2 ON T1.stuid  =  T2.stuid JOIN pets AS T3 ON T2.petid  =  T3.petid WHERE T1.sex  =  'F' AND T3.pettype  =  'dog',"SELECT COUNT(*) 
FROM has_pet 
JOIN student ON has_pet.stuid = student.stuid 
JOIN pets ON has_pet.petid = pets.petid 
WHERE student.sex = 'female' AND pets.pettype = 'dog';"
pets_1,Find the number of distinct type of pets.,SELECT count(DISTINCT pettype) FROM pets,"SELECT COUNT(DISTINCT pettype)
FROM pets;"
pets_1,How many different types of pet are there?,SELECT count(DISTINCT pettype) FROM pets,"SELECT COUNT(DISTINCT pettype))
FROM pets;"
pets_1,Find the first name of students who have cat or dog pet.,SELECT DISTINCT T1.Fname FROM student AS T1 JOIN has_pet AS T2 ON T1.stuid  =  T2.stuid JOIN pets AS T3 ON T3.petid  =  T2.petid WHERE T3.pettype  =  'cat' OR T3.pettype  =  'dog',"SELECT fname 
FROM student 
JOIN has_pet ON student.stuid = has_pet.stuid 
JOIN pets ON has_pet.petid = pets.petid 
WHERE pets.pettype IN ('cat', 'dog') 
LIMIT 1;"
pets_1,What are the first names of every student who has a cat or dog as a pet?,SELECT DISTINCT T1.Fname FROM student AS T1 JOIN has_pet AS T2 ON T1.stuid  =  T2.stuid JOIN pets AS T3 ON T3.petid  =  T2.petid WHERE T3.pettype  =  'cat' OR T3.pettype  =  'dog',"SELECT s.fname
FROM student s
JOIN has_pet hp ON s.stuid = hp.stuid
JOIN pets p ON hp.petid = p.petid
WHERE p.pettype IN ('cat', 'dog');"
pets_1,Find the first name of students who have both cat and dog pets .,select t1.fname from student as t1 join has_pet as t2 on t1.stuid  =  t2.stuid join pets as t3 on t3.petid  =  t2.petid where t3.pettype  =  'cat' intersect select t1.fname from student as t1 join has_pet as t2 on t1.stuid  =  t2.stuid join pets as t3 on t3.petid  =  t2.petid where t3.pettype  =  'dog',"SELECT s.fname 
FROM student s 
JOIN has_pet ph1 ON s.stuid = ph1.stuid 
JOIN pets p1 ON ph1.petid = p1.petid 
JOIN has_pet ph2 ON s.stuid = ph2.stuid 
JOIN pets p2 ON ph2.petid = p2.petid 
WHERE p1.pettype = 'cat' AND p2.pettype = 'dog';"
pets_1,What are the students' first names who have both cats and dogs as pets?,SELECT T1.Fname FROM student AS T1 JOIN has_pet AS T2 ON T1.stuid  =  T2.stuid JOIN pets AS T3 ON T3.petid  =  T2.petid WHERE T3.pettype  =  'cat' INTERSECT SELECT T1.Fname FROM student AS T1 JOIN has_pet AS T2 ON T1.stuid  =  T2.stuid JOIN pets AS T3 ON T3.petid  =  T2.petid WHERE T3.pettype  =  'dog',"SELECT DISTINCT s.fname 
FROM student s 
JOIN has_pet hp ON s.stuid = hp.stuid 
JOIN pets p1 ON hp.petid = p1.petid 
JOIN pets p2 ON hp.petid = p2.petid 
WHERE p1.pettype = 'cat' AND p2.pettype = 'dog';"
pets_1,Find the major and age of students who do not have a cat pet.,"SELECT major ,  age FROM student WHERE stuid NOT IN (SELECT T1.stuid FROM student AS T1 JOIN has_pet AS T2 ON T1.stuid  =  T2.stuid JOIN pets AS T3 ON T3.petid  =  T2.petid WHERE T3.pettype  =  'cat')","SELECT s.major, s.age
FROM student s
LEFT JOIN has_pet hp ON s.stuid = hp.stuid
LEFT JOIN pets p ON hp.petid = p.petid
WHERE p.pettype != 'cat' AND hp.stuid IS NULL;"
pets_1,"What major is every student who does not own a cat as a pet, and also how old are they?","SELECT major ,  age FROM student WHERE stuid NOT IN (SELECT T1.stuid FROM student AS T1 JOIN has_pet AS T2 ON T1.stuid  =  T2.stuid JOIN pets AS T3 ON T3.petid  =  T2.petid WHERE T3.pettype  =  'cat')","SELECT S.major, S.age 
FROM student S 
WHERE stuid NOT IN (
    SELECT stuid 
    FROM has_pet HP 
    JOIN pets P ON HP.petid = P.petid 
    WHERE pettype = 'cat'
)"
pets_1,Find the id of students who do not have a cat pet.,SELECT stuid FROM student EXCEPT SELECT T1.stuid FROM student AS T1 JOIN has_pet AS T2 ON T1.stuid  =  T2.stuid JOIN pets AS T3 ON T3.petid  =  T2.petid WHERE T3.pettype  =  'cat',"SELECT stuid 
FROM student 
LEFT JOIN has_pet ON student.stuid = has_pet.stuid
LEFT JOIN pets ON has_pet.petid = pets.petid
WHERE pets.pettype != 'cat';"
pets_1,What are the ids of the students who do not own cats as pets?,SELECT stuid FROM student EXCEPT SELECT T1.stuid FROM student AS T1 JOIN has_pet AS T2 ON T1.stuid  =  T2.stuid JOIN pets AS T3 ON T3.petid  =  T2.petid WHERE T3.pettype  =  'cat',"SELECT DISTINCT stuid
FROM student
LEFT JOIN has_pet ON student.stuid = has_pet.stuid
LEFT JOIN pets AS pet_cats ON has_pet.petid = pet_cats.petid
WHERE pet_cats.pettype IS NULL;"
pets_1,Find the first name and age of students who have a dog but do not have a cat as a pet.,"SELECT T1.fname ,  T1.age FROM student AS T1 JOIN has_pet AS T2 ON T1.stuid  =  T2.stuid JOIN pets AS T3 ON T3.petid  =  T2.petid WHERE T3.pettype  =  'dog' AND T1.stuid NOT IN (SELECT T1.stuid FROM student AS T1 JOIN has_pet AS T2 ON T1.stuid  =  T2.stuid JOIN pets AS T3 ON T3.petid  =  T2.petid WHERE T3.pettype  =  'cat')","SELECT fname, age 
FROM student 
WHERE stuid IN (SELECT stuid FROM has_pet WHERE petid IN (SELECT petid FROM pets WHERE pettype = 'dog')) AND stuid NOT IN (SELECT stuid FROM has_pet WHERE petid IN (SELECT petid FROM pets WHERE pettype = 'cat')))) LIMIT ?;"
pets_1,What is the first name of every student who has a dog but does not have a cat?,"SELECT T1.fname ,  T1.age FROM student AS T1 JOIN has_pet AS T2 ON T1.stuid  =  T2.stuid JOIN pets AS T3 ON T3.petid  =  T2.petid WHERE T3.pettype  =  'dog' AND T1.stuid NOT IN (SELECT T1.stuid FROM student AS T1 JOIN has_pet AS T2 ON T1.stuid  =  T2.stuid JOIN pets AS T3 ON T3.petid  =  T2.petid WHERE T3.pettype  =  'cat')","SELECT fname 
FROM student 
WHERE stuid IN (SELECT stuid FROM has_pet WHERE pettype = 'dog' AND stuid NOT IN (SELECT stuid FROM has_pet WHERE pettype = 'cat')));"
pets_1,Find the type and weight of the youngest pet.,"SELECT pettype ,  weight FROM pets ORDER BY pet_age LIMIT 1","SELECT p.pettype, p.weight
FROM pets p
JOIN has_pet h ON p.petid = h.petid
JOIN student s ON h.stuid = s.stuid
WHERE p.pet_age = (SELECT MIN(pet_age)) FROM pets)
LIMIT 1;"
pets_1,"What type of pet is the youngest animal, and how much does it weigh?","SELECT pettype ,  weight FROM pets ORDER BY pet_age LIMIT 1","SELECT p.pettype, p.weight
FROM pets p
JOIN has_pet h ON p.petid = h.petid
WHERE p.pet_age = (SELECT MIN(pet_age)) FROM pets)
LIMIT 1;"
pets_1,Find the id and weight of all pets whose age is older than 1.,"SELECT petid ,  weight FROM pets WHERE pet_age  >  1","SELECT petid, weight
FROM pets
WHERE pet_age > 1;"
pets_1,What is the id and weight of every pet who is older than 1?,"SELECT petid ,  weight FROM pets WHERE pet_age  >  1","SELECT pets.petid, pets.weight
FROM pets
INNER JOIN has_pet ON pets.petid = has_pet.petid
WHERE pets.pet_age > 1;"
pets_1,Find the average and maximum age for each type of pet.,"SELECT avg(pet_age) ,  max(pet_age) ,  pettype FROM pets GROUP BY pettype","SELECT pettype, AVG(age) as avg_age, MAX(age) as max_age
FROM (
    SELECT pets.pettype, student.age
    FROM students
    JOIN has_pet ON students.stuid = has_pet.stuid
    JOIN pets ON has_pet.petid = pets.petid
) as subquery
GROUP BY pettype;"
pets_1,What is the average and maximum age for each pet type?,"SELECT avg(pet_age) ,  max(pet_age) ,  pettype FROM pets GROUP BY pettype","SELECT 
    p.pettype, 
    AVG(s.age) as avg_age, 
    MAX(s.age) as max_age
FROM 
    student s
JOIN 
    has_pet hp ON s.stuid = hp.stuid
JOIN 
    pets p ON hp.petid = p.petid
GROUP BY 
    p.pettype;"
pets_1,Find the average weight for each pet type.,"SELECT avg(weight) ,  pettype FROM pets GROUP BY pettype","SELECT pettype, AVG(weight) AS avg_weight
FROM pets
GROUP BY pettype;"
pets_1,What is the average weight for each type of pet?,"SELECT avg(weight) ,  pettype FROM pets GROUP BY pettype","SELECT pettype, AVG(weight) as average_weight
FROM pets
GROUP BY pettype;"
pets_1,Find the first name and age of students who have a pet.,"SELECT DISTINCT T1.fname ,  T1.age FROM student AS T1 JOIN has_pet AS T2 ON T1.stuid  =  T2.stuid","SELECT fname, age 
FROM student 
WHERE stuid IN (SELECT stuid FROM has_pet);"
pets_1,What are the different first names and ages of the students who do have pets?,"SELECT DISTINCT T1.fname ,  T1.age FROM student AS T1 JOIN has_pet AS T2 ON T1.stuid  =  T2.stuid","SELECT DISTINCT fname, age 
FROM student 
JOIN has_pet ON student.stuid = has_pet.stuid;"
pets_1,Find the id of the pet owned by student whose last name is ‘Smith’.,SELECT T2.petid FROM student AS T1 JOIN has_pet AS T2 ON T1.stuid  =  T2.stuid WHERE T1.Lname  =  'Smith',"SELECT has_pet.petid
FROM student
JOIN has_pet ON student.stuid = has_pet.stuid
WHERE student.lname = 'Smith';"
pets_1,What is the id of the pet owned by the student whose last name is 'Smith'?,SELECT T2.petid FROM student AS T1 JOIN has_pet AS T2 ON T1.stuid  =  T2.stuid WHERE T1.Lname  =  'Smith',"SELECT pets.petid
FROM has_pet
JOIN student ON has_pet.stuid = student.stuid
WHERE student.lname = 'Smith';"
pets_1,Find the number of pets for each student who has any pet and student id.,"SELECT count(*) ,  T1.stuid FROM student AS T1 JOIN has_pet AS T2 ON T1.stuid  =  T2.stuid GROUP BY T1.stuid","SELECT s.stuid, COUNT(p.petid) as num_pets
FROM student s
JOIN has_pet h ON s.stuid = h.stuid
JOIN pets p ON h.petid = p.petid
GROUP BY s.stuid;"
pets_1,"For students who have pets , how many pets does each student have ? list their ids instead of names .","select count(*) ,  t1.stuid from student as t1 join has_pet as t2 on t1.stuid  =  t2.stuid group by t1.stuid","SELECT s.stuid, COUNT(p.petid) as num_pets
FROM student s
JOIN has_pet hp ON s.stuid = hp.stuid
JOIN pets p ON hp.petid = p.petid
GROUP BY s.stuid;"
pets_1,Find the first name and gender of student who have more than one pet.,"SELECT T1.fname ,  T1.sex FROM student AS T1 JOIN has_pet AS T2 ON T1.stuid  =  T2.stuid GROUP BY T1.stuid HAVING count(*)  >  1","SELECT fname, sex 
FROM student 
JOIN has_pet ON student.stuid = has_pet.stuid 
GROUP BY student.stuid, fname, sex 
HAVING COUNT(has_pet.petid) > 1;"
pets_1,What is the first name and gender of the all the students who have more than one pet?,"SELECT T1.fname ,  T1.sex FROM student AS T1 JOIN has_pet AS T2 ON T1.stuid  =  T2.stuid GROUP BY T1.stuid HAVING count(*)  >  1","SELECT st.fname, st.sex 
FROM student st 
JOIN has_pet h ON st.stuid = h.stuid 
GROUP BY st.stuid, st.fname, st.sex 
HAVING COUNT(h.petid) > 1;"
pets_1,Find the last name of the student who has a cat that is age 3.,SELECT T1.lname FROM student AS T1 JOIN has_pet AS T2 ON T1.stuid  =  T2.stuid JOIN pets AS T3 ON T3.petid  =  T2.petid WHERE T3.pet_age  =  3 AND T3.pettype  =  'cat',"SELECT lname 
FROM student 
JOIN has_pet ON student.stuid = has_pet.stuid
JOIN pets ON has_pet.petid = pets.petid
WHERE pets.pettype = 'cat' AND pets.pet_age = 3;"
pets_1,What is the last name of the student who has a cat that is 3 years old?,SELECT T1.lname FROM student AS T1 JOIN has_pet AS T2 ON T1.stuid  =  T2.stuid JOIN pets AS T3 ON T3.petid  =  T2.petid WHERE T3.pet_age  =  3 AND T3.pettype  =  'cat',"SELECT lname 
FROM student 
JOIN has_pet ON student.stuid = has_pet.stuid 
JOIN pets ON has_pet.petid = pets.petid 
WHERE pettype = 'cat' AND pet_age = 3;"
pets_1,Find the average age of students who do not have any pet .,select avg(age) from student where stuid not in (select stuid from has_pet),"SELECT AVG(age) 
FROM student 
WHERE stuid NOT IN (SELECT stuid FROM has_pet) ) ;"
pets_1,What is the average age for all students who do not own any pets ?,select avg(age) from student where stuid not in (select stuid from has_pet),"SELECT AVG(age) 
FROM student 
WHERE stuid NOT IN (SELECT stuid FROM has_pet);"
employee_hire_evaluation,How many employees are there?,SELECT count(*) FROM employee,"SELECT COUNT(*) 
FROM employee;"
employee_hire_evaluation,Count the number of employees,SELECT count(*) FROM employee,"SELECT COUNT(*) 
FROM employee;"
employee_hire_evaluation,Sort employee names by their age in ascending order.,SELECT name FROM employee ORDER BY age,"SELECT name, age
FROM employee
ORDER BY age ASC;"
employee_hire_evaluation,List the names of employees and sort in ascending order of age.,SELECT name FROM employee ORDER BY age,"SELECT name 
FROM employee 
ORDER BY age ASC;"
employee_hire_evaluation,What is the number of employees from each city?,"SELECT count(*) ,  city FROM employee GROUP BY city","SELECT city, COUNT(employee_id) as number_of_employees
FROM employee
GROUP BY city;"
employee_hire_evaluation,Count the number of employees for each city.,"SELECT count(*) ,  city FROM employee GROUP BY city","SELECT city, COUNT(*) as employee_count
FROM employee
GROUP BY city;"
employee_hire_evaluation,Which cities do more than one employee under age 30 come from?,SELECT city FROM employee WHERE age  <  30 GROUP BY city HAVING count(*)  >  1,"SELECT DISTINCT city
FROM employee
JOIN hiring ON employee.employee_id = hiring.employee_id
WHERE age < 30
GROUP BY city
HAVING COUNT(DISTINCT employee.employee_id)) > 1;"
employee_hire_evaluation,Find the cities that have more than one employee under age 30.,SELECT city FROM employee WHERE age  <  30 GROUP BY city HAVING count(*)  >  1,"SELECT city
FROM employee
WHERE age < 30
GROUP BY city
HAVING COUNT(employee_id) > 1;"
employee_hire_evaluation,Find the number of shops in each location.,"SELECT count(*) ,  LOCATION FROM shop GROUP BY LOCATION","SELECT location, COUNT(*) as number_of_shops
FROM shop
GROUP BY location;"
employee_hire_evaluation,How many shops are there in each location?,"SELECT count(*) ,  LOCATION FROM shop GROUP BY LOCATION","SELECT location, COUNT(*) as number_of_shops
FROM shop
GROUP BY location;"
employee_hire_evaluation,Find the manager name and district of the shop whose number of products is the largest.,"SELECT manager_name ,  district FROM shop ORDER BY number_products DESC LIMIT 1","SELECT m.manager_name, s.district
FROM shop s
JOIN hiring h ON s.shop_id = h.shop_id
JOIN employee e ON h.employee_id = e.employee_id
JOIN (SELECT shop_id, MAX(number_products) as max_products
      FROM shop
      GROUP BY shop_id) max_shop ON s.shop_id = max_shop.shop_id
JOIN manager m ON m.manager_name = e.name
WHERE s.number_products = max_shop.max_products;"
employee_hire_evaluation,What are the manager name and district of the shop that sells the largest number of products?,"SELECT manager_name ,  district FROM shop ORDER BY number_products DESC LIMIT 1","SELECT m.manager_name, s.district 
FROM shop s
JOIN hiring h ON s.shop_id = h.shop_id
JOIN employee e ON h.employee_id = e.employee_id
JOIN evaluation ev ON e.employee_id = ev.employee_id
WHERE ev.bonus = (SELECT MAX(bonus) FROM evaluation)) 
GROUP BY m.manager_name, s.district;"
employee_hire_evaluation,find the minimum and maximum number of products of all stores.,"SELECT min(Number_products) ,  max(Number_products) FROM shop","SELECT MIN(number_products) AS min_number_of_products, 
       MAX(number_products) AS max_number_of_products 
FROM shop;"
employee_hire_evaluation,What are the minimum and maximum number of products across all the shops?,"SELECT min(Number_products) ,  max(Number_products) FROM shop","SQL Query:
```sql
SELECT 
    MIN(number_products) AS min_number_of_products,
    MAX(number_products) AS max_number_of_products
FROM shop;
```
This query selects the minimum and maximum values of the `number_products` column from the `shop` table."
employee_hire_evaluation,"Return the name, location and district of all shops in descending order of number of products.","SELECT name ,  LOCATION ,  district FROM shop ORDER BY number_products DESC","SELECT name, location, district
FROM shop
ORDER BY number_products DESC;"
employee_hire_evaluation,"Sort all the shops by number products in descending order, and return the name, location and district of each shop.","SELECT name ,  LOCATION ,  district FROM shop ORDER BY number_products DESC","SELECT name, location, district
FROM shop
ORDER BY number_products DESC;"
employee_hire_evaluation,Find the names of stores whose number products is more than the average number of products.,SELECT name FROM shop WHERE number_products  >  (SELECT avg(number_products) FROM shop),"SELECT shop.name 
FROM shop 
JOIN (
    SELECT AVG(number_products) as avg_num_products
    FROM shop
) AS avg ON shop.number_products > avg.avg_num_products;"
employee_hire_evaluation,Which shops' number products is above the average? Give me the shop names.,SELECT name FROM shop WHERE number_products  >  (SELECT avg(number_products) FROM shop),"SELECT `shop.name` 
FROM `shop` 
JOIN (
    SELECT AVG(`number_products`) as avg_num_products
    FROM `shop`
) AS avg Shop ON `shop.number_products` > avg.avg_num_products;"
employee_hire_evaluation,find the name of employee who was awarded the most times in the evaluation.,SELECT t1.name FROM employee AS t1 JOIN evaluation AS t2 ON t1.Employee_ID  =  t2.Employee_ID GROUP BY t2.Employee_ID ORDER BY count(*) DESC LIMIT 1,"SELECT employee.name
FROM employee
JOIN evaluation ON employee.employee_id = evaluation.employee_id
GROUP BY employee.name
ORDER BY COUNT(*) DESC
LIMIT 1;"
employee_hire_evaluation,Which employee received the most awards in evaluations? Give me the employee name.,SELECT t1.name FROM employee AS t1 JOIN evaluation AS t2 ON t1.Employee_ID  =  t2.Employee_ID GROUP BY t2.Employee_ID ORDER BY count(*) DESC LIMIT 1,"SELECT employee.name 
FROM employee 
JOIN evaluation ON employee.employee_id = evaluation.employee_id
GROUP BY employee.name, employee.employee_id
ORDER BY COUNT(*) DESC
LIMIT 1;"
employee_hire_evaluation,Find the name of the employee who got the highest one time bonus.,SELECT t1.name FROM employee AS t1 JOIN evaluation AS t2 ON t1.Employee_ID  =  t2.Employee_ID ORDER BY t2.bonus DESC LIMIT 1,"SELECT e.name 
FROM employee e 
JOIN evaluation ev ON e.employee_id = ev.employee_id 
WHERE ev.bonus = (SELECT MAX(bonus) FROM evaluation);"
employee_hire_evaluation,Which employee received the biggest bonus? Give me the employee name.,SELECT t1.name FROM employee AS t1 JOIN evaluation AS t2 ON t1.Employee_ID  =  t2.Employee_ID ORDER BY t2.bonus DESC LIMIT 1,"SELECT employee.name 
FROM employee 
JOIN evaluation ON employee.employee_id = evaluation.employee_id 
WHERE evaluation.bonus = (SELECT MAX(bonus) FROM evaluation);"
employee_hire_evaluation,Find the names of employees who never won any award in the evaluation.,SELECT name FROM employee WHERE Employee_ID NOT IN (SELECT Employee_ID FROM evaluation),"SELECT employee.name
FROM employee
LEFT JOIN evaluation ON employee.employee_id = evaluation.employee_id
WHERE evaluation.bonus IS NULL;"
employee_hire_evaluation,What are the names of the employees who never received any evaluation?,SELECT name FROM employee WHERE Employee_ID NOT IN (SELECT Employee_ID FROM evaluation),"SELECT name
FROM employee
LEFT JOIN evaluation ON employee.employee_id = evaluation.employee_id
WHERE evaluation.employee_id IS NULL;"
employee_hire_evaluation,What is the name of the shop that is hiring the largest number of employees?,SELECT t2.name FROM hiring AS t1 JOIN shop AS t2 ON t1.shop_id  =  t2.shop_id GROUP BY t1.shop_id ORDER BY count(*) DESC LIMIT 1,"SELECT shop.name 
FROM shop 
JOIN hiring ON shop.shop_id = hiring.shop_id
GROUP BY shop.name 
ORDER BY COUNT(*) DESC 
LIMIT 1;"
employee_hire_evaluation,Which shop has the most employees? Give me the shop name.,SELECT t2.name FROM hiring AS t1 JOIN shop AS t2 ON t1.shop_id  =  t2.shop_id GROUP BY t1.shop_id ORDER BY count(*) DESC LIMIT 1,"SELECT s.name 
FROM shop s 
JOIN hiring h ON s.shop_id = h.shop_id 
GROUP BY s.name 
ORDER BY COUNT(h.employee_id) DESC 
LIMIT 1;"
employee_hire_evaluation,Find the name of the shops that do not hire any employee.,SELECT name FROM shop WHERE shop_id NOT IN (SELECT shop_id FROM hiring),"SELECT shop.name 
FROM shop 
LEFT JOIN hiring ON shop.shop_id = hiring.shop_id 
WHERE hiring.shop_id IS NULL;"
employee_hire_evaluation,Which shops run with no employees? Find the shop names,SELECT name FROM shop WHERE shop_id NOT IN (SELECT shop_id FROM hiring),"SELECT shop.name 
FROM shop 
LEFT JOIN hiring ON shop.shop_id = hiring.shop_id
GROUP BY shop.shop_id, shop.name 
HAVING COUNT(hiring.employee_id) ) = 0;"
employee_hire_evaluation,Find the number of employees hired in each shop; show the shop name as well.,"SELECT count(*) ,  t2.name FROM hiring AS t1 JOIN shop AS t2 ON t1.shop_id  =  t2.shop_id GROUP BY t2.name","SELECT s.name AS shop_name, COUNT(h.employee_id) AS number_of_employees_hired
FROM shop s
JOIN hiring h ON s.shop_id = h.shop_id
GROUP BY s.name;"
employee_hire_evaluation,"For each shop, return the number of employees working there and the name of the shop.","SELECT count(*) ,  t2.name FROM hiring AS t1 JOIN shop AS t2 ON t1.shop_id  =  t2.shop_id GROUP BY t2.name","SELECT s.name AS shop_name, COUNT(e.employee_id) AS number_of_employees
FROM shop s
LEFT JOIN hiring h ON s.shop_id = h.shop_id
LEFT JOIN employee e ON h.employee_id = e.employee_id
GROUP BY s.shop_id;"
employee_hire_evaluation,What is total bonus given in all evaluations?,SELECT sum(bonus) FROM evaluation,"To find the total bonus given in all evaluations, you would sum up the `bonus` column from the `evaluation` table. Here's the SQL query for this:

```sql
SELECT SUM(bonus) AS total_bonus
FROM evaluation;
```

This query will return a single row with the sum of all bonuses in the `evaluation` table."
employee_hire_evaluation,Find the total amount of bonus given in all the evaluations.,SELECT sum(bonus) FROM evaluation,"SELECT SUM(bonus) AS total_bonus
FROM evaluation;"
employee_hire_evaluation,Give me all the information about hiring.,SELECT * FROM hiring,SELECT * FROM hiring;
employee_hire_evaluation,What is all the information about hiring?,SELECT * FROM hiring,"SELECT * 
FROM hiring;"
employee_hire_evaluation,Which district has both stores with less than 3000 products and stores with more than 10000 products?,SELECT district FROM shop WHERE Number_products  <  3000 INTERSECT SELECT district FROM shop WHERE Number_products  >  10000,"Here's the SQL query that answers the question:

```sql
SELECT DISTINCT district
FROM (
    SELECT district, COUNT(*) AS product_count
    FROM shop
    GROUP BY district, shop_id
) AS subquery
WHERE (product_count < 3000 AND EXISTS (
        SELECT *
        FROM shop AS s2
        WHERE s2.district = subquery.district
          AND product_count > 10000
      ))
   OR product_count > 10000 AND EXISTS (
        SELECT *
        FROM shop AS s2
        WHERE s2.district = subquery.district
          AND product_count < 3000
      ))
)
```

This query first calculates the number of products in each store per district. Then, it filters for districts that have stores with less than 3000 products and stores with more than 10000 products, or vice versa."
employee_hire_evaluation,Find the districts in which there are both shops selling less than 3000 products and shops selling more than 10000 products.,SELECT district FROM shop WHERE Number_products  <  3000 INTERSECT SELECT district FROM shop WHERE Number_products  >  10000,"To answer this question, you need to join three tables (shop, hiring, and evaluation) based on their foreign key relationships. Then, use conditions to filter the shops with the desired number of products.

Here's a correct SQL query that adheres to the given assumptions:

```sql
SELECT DISTINCT district
FROM (
  SELECT shop.district,
         CASE
           WHEN shop.number_products < 3000 AND shop.number_products > 10000 THEN 'Both'
           ELSE shop.manager_ename || ' category'
         END as shop_category
  FROM shop
  JOIN hiring ON shop.shop_id = hiring.shop_ id
) shops_with_info
WHERE shop_category = 'Both';
```

This query first joins the tables, then applies a CASE statement to categorize the shops based on their product counts. Finally, it filters out the districts with both categories of shops."
employee_hire_evaluation,How many different store locations are there?,SELECT count(DISTINCT LOCATION) FROM shop,"SELECT DISTINCT location
FROM shop;"
employee_hire_evaluation,Count the number of distinct store locations.,SELECT count(DISTINCT LOCATION) FROM shop,"SELECT DISTINCT location
FROM shop;"
cre_Doc_Template_Mgt,How many documents do we have?,SELECT count(*) FROM Documents,"To find out how many documents you have, you can use the following SQL query:

```sql
SELECT COUNT(*) 
FROM documents;
```

This query will count all rows in the `documents` table, giving you the total number of documents."
cre_Doc_Template_Mgt,Count the number of documents.,SELECT count(*) FROM Documents,"SELECT COUNT(*) 
FROM documents;"
cre_Doc_Template_Mgt,"List document IDs, document names, and document descriptions for all documents.","SELECT document_id ,  document_name ,  document_description FROM Documents","SELECT document_id, document_name, document_description 
FROM documents;"
cre_Doc_Template_Mgt,"What are the ids, names, and descriptions for all documents?","SELECT document_id ,  document_name ,  document_description FROM Documents","Here's the SQL query that retrieves the requested information:

```sql
SELECT document_id, document_name, document_description
FROM documents;
```

This query selects the columns `document_id`, `document_name`, and `document_description` from the `documents` table."
cre_Doc_Template_Mgt,What is the document name and template id for document with description with the letter 'w' in it?,"SELECT document_name ,  template_id FROM Documents WHERE Document_Description LIKE ""%w%""","Here's a SQL query that will answer the question:

```sql
SELECT documents.document_name, documents.template_id
FROM documents
INNER JOIN paragraphs ON documents.document_id = paragraphs.document_id
WHERE documents.description LIKE '%w%'
```

This query selects the `document_name` and `template_id` from the `documents` table. It uses an inner join with the `paragraphs` table to relate documents to their paragraphs. The WHERE clause filters the results based on the description containing the letter 'w'."
cre_Doc_Template_Mgt,Return the names and template ids for documents that contain the letter w in their description.,"SELECT document_name ,  template_id FROM Documents WHERE Document_Description LIKE ""%w%""","SELECT documents.document_name, documents.template_id
FROM documents
JOIN paragraphs ON documents.document_id = paragraphs.document_id
WHERE documents.document_description LIKE '%w%'
AND paragraph_text LIKE '%w%';"
cre_Doc_Template_Mgt,"What is the document id, template id and description for document named ""Robbin CV""?","SELECT document_id ,  template_id ,  Document_Description FROM Documents WHERE document_name  =  ""Robbin CV""","Here's the SQL query that retrieves the required information:

```sql
SELECT documents.document_id,
       templates.template_id,
       templates.template_description
FROM documents
JOIN templates ON documents.template_id = templates.template_id
WHERE documents.document_name = 'Robbin CV';
```

This query first joins the `documents` and `templates` tables based on their template ID relationship. Then it filters the results to only include documents with the name ""Robbin CV"". Finally, it selects the required document id, template id, and template description from the joined tables."
cre_Doc_Template_Mgt,"Return the document id, template id, and description for the document with the name Robbin CV.","SELECT document_id ,  template_id ,  Document_Description FROM Documents WHERE document_name  =  ""Robbin CV""","SELECT d.document_id, t.template_id, d.description 
FROM documents d
JOIN templates t ON d.template_id = t.template_id
WHERE d.document_name = 'Robbin CV';"
cre_Doc_Template_Mgt,How many different templates do all document use?,SELECT count(DISTINCT template_id) FROM Documents,"To find the number of different templates that all documents use, you would first need to join the 'documents' table with itself using a self-join. This will allow you to compare each document with every other document.

Here's a possible SQL query:

```sql
SELECT COUNT(DISTINCT d1.template_id)) AS unique_templates
FROM documents d1
CROSS JOIN documents d2
ON d1.document_id = d2.document_id;
```

This query first joins the 'documents' table with itself using a CROSS JOIN, which generates all possible combinations. Then it filters out only those pairs where the document IDs match (i.e., they are the same document).

Finally, it counts the distinct template IDs associated with these matched documents, giving you the number of unique templates used by all documents.

Please note that this query assumes that a document can use the same template multiple times. If each document must have a unique template, adjust the query accordingly (e.g., by using DISTINCT on d1.template_id)."
cre_Doc_Template_Mgt,Count the number of different templates used for documents.,SELECT count(DISTINCT template_id) FROM Documents,"SELECT COUNT(DISTINCT templates.template_id))
FROM templates
JOIN documents ON templates.template_id = documents.template_id;"
cre_Doc_Template_Mgt,How many documents are using the template with type code 'PPT'?,SELECT count(*) FROM Documents AS T1 JOIN Templates AS T2 ON T1.Template_ID  =  T2.Template_ID WHERE T2.Template_Type_Code  =  'PPT',"To answer this question, you need to find all templates with type code 'PPT', and then count the number of documents associated with those templates. Here's the SQL query for that:

```sql
SELECT COUNT(*) AS num_of_documents
FROM documents d
JOIN templates t ON d.template_id = t.template_id
WHERE t.template_type_code = 'PPT';
```

This query will return a single row with the count of documents using the template type code 'PPT'."
cre_Doc_Template_Mgt,Count the number of documents that use the PPT template type.,SELECT count(*) FROM Documents AS T1 JOIN Templates AS T2 ON T1.Template_ID  =  T2.Template_ID WHERE T2.Template_Type_Code  =  'PPT',"SELECT COUNT(*) 
FROM documents d
JOIN templates t ON d.template_id = t.template_id
WHERE t.template_type_code = 'PPT';"
cre_Doc_Template_Mgt,Show all template ids and number of documents using each template.,"SELECT template_id ,  count(*) FROM Documents GROUP BY template_id","SELECT templates.template_id, COUNT(documents.document_id) AS num_documents
FROM templates
LEFT JOIN documents ON templates.template_id = documents.template_id
GROUP BY templates.template_id;"
cre_Doc_Template_Mgt,"What are all different template ids used for documents, and how many times were each of them used?","SELECT template_id ,  count(*) FROM Documents GROUP BY template_id","SELECT template_id, COUNT(*) AS usage_count
FROM documents
GROUP BY template_id;"
cre_Doc_Template_Mgt,What is the id and type code for the template used by the most documents?,"SELECT T1.template_id ,  T2.Template_Type_Code FROM Documents AS T1 JOIN Templates AS T2 ON T1.template_id  =  T2.template_id GROUP BY T1.template_id ORDER BY count(*) DESC LIMIT 1","To find the id and type code for the template used by the most documents, you would use the following SQL query:

```sql
SELECT templates.template_id, ref_template_types.template_type_code
FROM (
  SELECT template_id, COUNT(*) as doc_count
  FROM documents
  GROUP BY template_id
) AS document_counts
JOIN templates ON templates.template_id = document_counts.template_id
JOIN ref_template_types ON templates.template_type_code = ref_template_types.template_type_code
ORDER BY doc_count DESC
LIMIT 1;
```

This query first counts the number of documents associated with each template. It then selects the template with the highest document count, along with its type code. The LIMIT clause is used to return only one result."
cre_Doc_Template_Mgt,Return the id and type code of the template that is used for the greatest number of documents.,"SELECT T1.template_id ,  T2.Template_Type_Code FROM Documents AS T1 JOIN Templates AS T2 ON T1.template_id  =  T2.template_id GROUP BY T1.template_id ORDER BY count(*) DESC LIMIT 1","SELECT templates.template_id, ref_template_types.template_type_code
FROM templates
JOIN ref_template_types ON templates.template_type_code = ref_template_types.template_type_code
INNER JOIN (
  SELECT template_id, COUNT(*) as doc_count
  FROM documents
  GROUP BY template_id
  ORDER BY doc_count DESC
  LIMIT 1
) max_docs_template
ON templates.template_id = max_docs_template.template_id
ORDER BY templates.template_id;"
cre_Doc_Template_Mgt,Show ids for all templates that are used by more than one document.,SELECT template_id FROM Documents GROUP BY template_id HAVING count(*)  >  1,"Here's the SQL query that answers the given question:

```sql
SELECT DISTINCT templates.template_id
FROM templates
JOIN documents ON templates.template_id = documents.template_id
GROUP BY templates.template_id
HAVING COUNT(documents.document_id) > 1;
```

This query selects unique template IDs from the `templates` table. It joins this table with the `documents` table on the basis of matching template IDs. The resulting data is grouped by template ID, and only those groups with more than one document (as determined by the `HAVING` clause) are selected."
cre_Doc_Template_Mgt,What are the template ids of any templates used in more than a single document?,SELECT template_id FROM Documents GROUP BY template_id HAVING count(*)  >  1,"Here's the SQL query that answers the given question:

```sql
SELECT DISTINCT templates.template_id
FROM templates
JOIN documents ON templates.template_id = documents.template_id
GROUP BY templates.template_id
HAVING COUNT(DISTINCT documents.document_id)) > 1;
```

This query first joins the `templates` and `documents` tables based on their template IDs. Then it groups the results by template ID and applies a HAVING clause to filter for templates used in more than one document (by counting distinct document IDs)."
cre_Doc_Template_Mgt,Show ids for all templates not used by any document.,SELECT template_id FROM Templates EXCEPT SELECT template_id FROM Documents,"Here's the SQL query that fulfills the given question:

```sql
SELECT templates.template_id
FROM templates
LEFT JOIN documents ON templates.template_id = documents.template_id
WHERE documents.document_id IS NULL;
```

This query first selects all template IDs from the `templates` table. It then performs a LEFT JOIN with the `documents` table on the basis of template ID.

The WHERE clause filters out only those templates that do not have any corresponding document (i.e., where `documents.document_id` is NULL)."
cre_Doc_Template_Mgt,What are the ids for templates that are not used in any documents?,SELECT template_id FROM Templates EXCEPT SELECT template_id FROM Documents,"SELECT template_id 
FROM templates 
WHERE template_id NOT IN (
    SELECT DISTINCT template_id 
    FROM documents
)"
cre_Doc_Template_Mgt,How many templates do we have?,SELECT count(*) FROM Templates,"SELECT COUNT(*) 
FROM templates;"
cre_Doc_Template_Mgt,Count the number of templates.,SELECT count(*) FROM Templates,SELECT COUNT(*) FROM templates;
cre_Doc_Template_Mgt,"Show template ids, version numbers, and template type codes for all templates.","SELECT template_id ,  version_number ,  template_type_code FROM Templates","SELECT template_id, version_number, template_type_code
FROM templates;"
cre_Doc_Template_Mgt,"What are the ids, version numbers, and type codes for each template?","SELECT template_id ,  version_number ,  template_type_code FROM Templates","SELECT templates.template_id, templates.version_number, ref_template_types.template_type_code
FROM templates
INNER JOIN ref_template_ types ON templates.template_type_code = ref_template_types.template_type_code;"
cre_Doc_Template_Mgt,Show all distinct template type codes for all templates.,SELECT DISTINCT template_type_code FROM Templates,"SELECT DISTINCT template_type_code 
FROM templates;"
cre_Doc_Template_Mgt,What are the different template type codes?,SELECT DISTINCT template_type_code FROM Templates,"SELECT distinct(template_type_code) 
FROM ref_template_types;"
cre_Doc_Template_Mgt,What are the ids of templates with template type code PP or PPT?,"SELECT template_id FROM Templates WHERE template_type_code  =  ""PP"" OR template_type_code  =  ""PPT""","SELECT template_id 
FROM templates 
WHERE template_type_code IN ('PP', 'PPT');"
cre_Doc_Template_Mgt,Return the ids of templates that have the code PP or PPT.,"SELECT template_id FROM Templates WHERE template_type_code  =  ""PP"" OR template_type_code  =  ""PPT""","Here's a SQL query to retrieve the template IDs with codes 'PP' or 'PPT':

```sql
SELECT template_id 
FROM templates 
WHERE template_type_code IN ('PP', 'PPT');
```

This query selects the `template_id` from the `templates` table where the `template_type_code` is either 'PP' or 'PPT'."
cre_Doc_Template_Mgt,How many templates have template type code CV?,"SELECT count(*) FROM Templates WHERE template_type_code  =  ""CV""","To answer the question, we need to count the templates that have a `template_type_code` equal to 'CV'. Here's the SQL query:

```sql
SELECT COUNT(*) 
FROM templates 
WHERE template_type_code = 'CV';
```

This query will return the count of templates with `template_type_code` as 'CV'."
cre_Doc_Template_Mgt,Count the number of templates of the type CV.,"SELECT count(*) FROM Templates WHERE template_type_code  =  ""CV""","Here's the SQL query that counts the number of templates of type 'CV':

```sql
SELECT COUNT(*) 
FROM templates t
JOIN ref_template_types r ON t.template_type_code = r.template_type_code
WHERE r.template_type_description = 'CV';
```

This query first joins the `templates` table with the `ref_template_ types` table using the `template_type_code`. Then it filters for templates with a description of 'CV'. Finally, it counts the number of rows that satisfy these conditions."
cre_Doc_Template_Mgt,What is the version number and template type code for the template with version number later than 5?,"SELECT version_number ,  template_type_code FROM Templates WHERE version_number  >  5","Here's the SQL query that answers the question:

```sql
SELECT templates.version_number, templates.template_type_code
FROM templates
WHERE templates.version_number > 5;
```

This query selects the `version_number` and `template_type_code` columns from the `templates` table. The WHERE clause filters the rows to only those with a `version_number` greater than 5."
cre_Doc_Template_Mgt,Return the version numbers and template type codes of templates with a version number greater than 5.,"SELECT version_number ,  template_type_code FROM Templates WHERE version_number  >  5","SELECT templates.version_number, ref_template_types.template_type_code
FROM templates
INNER JOIN ref_template_ types ON templates.template_type_ code = ref_模板_类型_代码(template_type_code)
WHERE templates.version_number > 5;"
cre_Doc_Template_Mgt,Show all template type codes and number of templates for each.,"SELECT template_type_code ,  count(*) FROM Templates GROUP BY template_type_code","SELECT ref_template_ types.template_ type_ code,
       COUNT(templates.template_ id)) AS number_of_templates
FROM ref_ template_types
LEFT JOIN templates ON templates.template_type_code = ref_ template_types.template_type_code
GROUP BY ref_ template_types.template_ type_ code;"
cre_Doc_Template_Mgt,"What are the different template type codes, and how many templates correspond to each?","SELECT template_type_code ,  count(*) FROM Templates GROUP BY template_type_code","SELECT ref_template_types.template_type_code, COUNT(templates.template_id) as template_count
FROM ref_模板_类型 ref_template_types
LEFT JOIN templates ON ref_template_ types.template_type_code = templates.template_ type_ code
GROUP BY ref_模板_类型.template_type_code;"
cre_Doc_Template_Mgt,Which template type code has most number of templates?,SELECT template_type_code FROM Templates GROUP BY template_type_code ORDER BY count(*) DESC LIMIT 1,"Based on the given question and schema, we can generate the following SQL query:

```sql
SELECT template_type_code
FROM ref_template_types
JOIN templates ON templates.template_type_code = ref_模板_types.template_type_code
GROUP BY template_type_code
ORDER BY COUNT(*) DESC
LIMIT 1;
```

This query first joins `ref_template_types` with the `templates` table based on the template type code. Then it groups by template type code and orders the results by the count of templates in each group, in descending order. Finally, the LIMIT clause is used to select only the top result (the template type code with the most number of templates)."
cre_Doc_Template_Mgt,Return the type code of the template type that the most templates belong to.,SELECT template_type_code FROM Templates GROUP BY template_type_code ORDER BY count(*) DESC LIMIT 1,"SELECT r.template_type_code
FROM ref_template_types r
JOIN (
  SELECT template_type_code, COUNT(*) as template_count
  FROM templates
  GROUP BY template_type_code
) t ON r.template_ype_ocode = t.template_type_code
ORDER BY template_count DESC
LIMIT 1;"
cre_Doc_Template_Mgt,Show all template type codes with less than three templates.,SELECT template_type_code FROM Templates GROUP BY template_type_code HAVING count(*)  <  3,"SELECT rt.template_type_code
FROM ref_template_types rt
LEFT JOIN templates t ON rt.template_ype_ocode = t.template_type_code
GROUP BY rt.template_ype_ocode
HAVING COUNT(t.template_id) < 3;"
cre_Doc_Template_Mgt,What are the codes of template types that have fewer than 3 templates?,SELECT template_type_code FROM Templates GROUP BY template_type_code HAVING count(*)  <  3,"SELECT ref_template_types.template_type_code 
FROM ref_template_types 
LEFT JOIN templates ON ref_template_types.template_type_code = templates.template_type_code 
GROUP BY ref_-template_types.template_type_code 
HAVING COUNT(templates.template_id) < 3;"
cre_Doc_Template_Mgt,What the smallest version number and its template type code?,"SELECT min(Version_Number) ,  template_type_code FROM Templates","To answer this question, we need to find the smallest `version_number` for each unique `template_type_code`. We can achieve this by using a subquery to filter out the minimum version number and then joining it with the main table.

Here's the SQL query:

```sql
SELECT templates.template_type_code, MIN(templates.version_number) AS smallest_version
FROM templates
JOIN (
  SELECT template_id, MIN(version_number) AS min_version
  FROM templates
  GROUP BY template_id
) AS subquery ON templates.template_id = subquery.template_id
GROUP BY templates.template_type_code;
```

This query will return the smallest `version_number` for each unique `template_type_code`."
cre_Doc_Template_Mgt,"Return the lowest version number, along with its corresponding template type code.","SELECT min(Version_Number) ,  template_type_code FROM Templates","Here's the correct SQL query to achieve this:

```sql
SELECT templates.version_number, templates.template_type_code
FROM templates
LEFT JOIN documents ON templates.template_id = documents.template_id
GROUP BY templates.version_number, templates.template_type_code
ORDER BY templates.version_number ASC
LIMIT 1;
```

This query selects the lowest version number from the `templates` table. It also includes the corresponding template type code. The query uses appropriate joins, grouping, and ordering to achieve this result. Finally, it applies a LIMIT clause with a numerical value (in this case, 1) to ensure only one row is returned."
cre_Doc_Template_Mgt,"What is the template type code of the template used by document with the name ""Data base""?","SELECT T1.template_type_code FROM Templates AS T1 JOIN Documents AS T2 ON T1.template_id  =  T2.template_id WHERE T2.document_name  =  ""Data base""","Here's the SQL query based on the given assumptions:

```sql
SELECT rt.template_type_code
FROM ref_template_types rt
JOIN templates t ON rt.template_type_code = t.template_type_ code
JOIN documents doc ON t.template_id = doc.template_id
WHERE doc.document_name = 'Data base';
```

This query first selects the template type code from the `ref_template_types` table. It then joins this table with the `templates`, `documents`, and finally filters for the document with the name ""Data base""."
cre_Doc_Template_Mgt,Return the template type code of the template that is used by a document named Data base.,"SELECT T1.template_type_code FROM Templates AS T1 JOIN Documents AS T2 ON T1.template_id  =  T2.template_id WHERE T2.document_name  =  ""Data base""","Here's the SQL query to answer the question:

```sql
SELECT templates.template_type_code
FROM templates
INNER JOIN documents ON templates.template_id = documents.document_template_id
WHERE documents.document_name = 'Data Base';
```

This query joins the `templates`, `documents`, and possibly `ref_template_types` tables (based on the foreign key references), and filters for the document named ""Data Base"". The result is the template type code."
cre_Doc_Template_Mgt,Show all document names using templates with template type code BK.,"SELECT T2.document_name FROM Templates AS T1 JOIN Documents AS T2 ON T1.template_id  =  T2.template_id WHERE T1.template_type_code  =  ""BK""","SELECT documents.document_name 
FROM documents 
JOIN templates ON documents.template_id = templates.template_id
WHERE templates.template_type_code = 'BK';"
cre_Doc_Template_Mgt,What are the names of documents that use templates with the code BK?,"SELECT T2.document_name FROM Templates AS T1 JOIN Documents AS T2 ON T1.template_id  =  T2.template_id WHERE T1.template_type_code  =  ""BK""","To find the names of documents that use templates with the code 'BK', you can use the following SQL query:

```sql
SELECT document_name
FROM documents
JOIN templates ON documents.template_id = templates.template_id
WHERE templates.template_type_code = 'BK';
```

This query joins the `documents` and `templates` tables based on their template IDs. It then filters the results to only include rows where the `template_type_code` is 'BK'. Finally, it selects the names of documents from the result set."
cre_Doc_Template_Mgt,Show all template type codes and the number of documents using each type.,"SELECT T1.template_type_code ,  count(*) FROM Templates AS T1 JOIN Documents AS T2 ON T1.template_id  =  T2.template_id GROUP BY T1.template_type_code","SELECT rt.template_type_code, COUNT(d.document_id) AS num_documents
FROM ref_template_types rt
LEFT JOIN templates t ON rt.template_type_code = t.template_type_ code
LEFT JOIN documents d ON t.template_id = d.template_id
GROUP BY rt.template_ type_ code;"
cre_Doc_Template_Mgt,"What are the different template type codes, and how many documents use each type?","SELECT T1.template_type_code ,  count(*) FROM Templates AS T1 JOIN Documents AS T2 ON T1.template_id  =  T2.template_id GROUP BY T1.template_type_code","To answer this question, we need to join three tables: `ref_template_ypes`, `templates`, and `documents`. We will group by `template_type_code` and count the number of `document_id`s.

Here's the SQL query:

```sql
SELECT rttt.template_type_code,
       COUNT(dt.document_id) AS num_documents
FROM ref_template_types rttt
JOIN templates t ON t.template_type_code = rttt.template_type_code
JOIN documents dt ON dt.template_id = t.template_id
GROUP BY rttt.template_type_code;
```

This query will provide the template type codes and the number of documents using each type."
cre_Doc_Template_Mgt,Which template type code is used by most number of documents?,SELECT T1.template_type_code FROM Templates AS T1 JOIN Documents AS T2 ON T1.template_id  =  T2.template_id GROUP BY T1.template_type_code ORDER BY count(*) DESC LIMIT 1,"To find the template type code that is used by most number of documents, you would need to join the `documents` table with the `templates` table using their foreign keys. Then group by the `template_type_code` and count the occurrences of each type.

Here's the SQL query:

```sql
SELECT templates.template_type_code,
       COUNT(*) AS document_count
FROM documents
JOIN templates ON documents.template_id = templates.template_id
GROUP BY templates.template_type_code
ORDER BY document_count DESC
LIMIT 1;
```

This query returns the `template_type_code` with the highest count of associated documents, up to a single row using the LIMIT clause."
cre_Doc_Template_Mgt,Return the code of the template type that is most commonly used in documents.,SELECT T1.template_type_code FROM Templates AS T1 JOIN Documents AS T2 ON T1.template_id  =  T2.template_id GROUP BY T1.template_type_code ORDER BY count(*) DESC LIMIT 1,"To solve this question, we need to find the template type with the highest count. We can achieve this by joining tables on relevant foreign keys and then grouping by the template type code while counting the occurrences.

Here's a SQL query that accomplishes the task:

```sql
SELECT rtt.template_type_code AS most_common_code
FROM (
  SELECT t.template_type_code, COUNT(*) AS occurrence_count
  FROM templates t
  JOIN documents d ON t.template_id = d.template_id
  GROUP BY t.template_type_code
) AS template_counts
JOIN ref_template_types rtt ON template_counts.template_type_code = rtt.template_type_code
ORDER BY template_counts.occurrence_count DESC
LIMIT 1;
```

This query first finds the count of documents for each template type, then joins this result with the reference table `ref_template_types` to get the code of the most commonly used template type. The LIMIT 1 clause ensures that only the topmost (most common) template type is returned."
cre_Doc_Template_Mgt,Show all template type codes that are not used by any document.,SELECT template_type_code FROM Templates EXCEPT SELECT template_type_code FROM Templates AS T1 JOIN Documents AS T2 ON T1.template_id  =  T2.template_id,"SELECT T1.template_type_code
FROM ref_template_types T1
LEFT JOIN documents D ON D.template_id = (SELECT template_id FROM templates WHERE template_type_code = T1.template_type_code)
WHERE D.document_id IS NULL;"
cre_Doc_Template_Mgt,What are the codes of template types that are not used for any document?,SELECT template_type_code FROM Templates EXCEPT SELECT template_type_code FROM Templates AS T1 JOIN Documents AS T2 ON T1.template_id  =  T2.template_id,"SELECT rt.template_type_code 
FROM ref_template_types rt
LEFT JOIN templates t ON rt.template_type_code = t.template_type_code
WHERE t.document_id IS NULL
AND rt.template_type_code IS NOT NULL;"
cre_Doc_Template_Mgt,Show all template type codes and descriptions.,"SELECT template_type_code ,  template_type_description FROM Ref_template_types","SELECT template_type_code, template_type_description
FROM ref_template_types;"
cre_Doc_Template_Mgt,What are the type codes and descriptions for all template types?,"SELECT template_type_code ,  template_type_description FROM Ref_template_types","SELECT T1.template_type_code, T2.template_type_description
FROM ref_template_types T1
JOIN ref_template_types T2 ON T1.template_type_code = T2.template_type_code;"
cre_Doc_Template_Mgt,"What is the template type descriptions for template type code ""AD"".","SELECT template_type_description FROM Ref_template_types WHERE template_type_code  =  ""AD""","SELECT template_type_description 
FROM ref_template_types 
WHERE template_type_code = 'AD';"
cre_Doc_Template_Mgt,Return the template type description of the template type with the code AD.,"SELECT template_type_description FROM Ref_template_types WHERE template_type_code  =  ""AD""","SELECT template_type_description 
FROM ref_template_types 
WHERE template_type_code = 'AD';"
cre_Doc_Template_Mgt,"What is the template type code for template type description ""Book"".","SELECT template_type_code FROM Ref_template_types WHERE template_type_description  =  ""Book""","SELECT template_etype_code 
FROM ref_template_types 
WHERE template_type_description = 'Book';"
cre_Doc_Template_Mgt,"Return the type code of the template type with the description ""Book"".","SELECT template_type_code FROM Ref_template_types WHERE template_type_description  =  ""Book""","Based on the assumptions provided, the SQL query to answer the question would be:

```sql
SELECT template_type_code 
FROM ref_template_types 
WHERE template_type_description = 'Book';
```

This query selects the `template_type_code` from the `ref_template_types` table where the description of the template type is 'Book'."
cre_Doc_Template_Mgt,What are the distinct template type descriptions for the templates ever used by any document?,SELECT DISTINCT T1.template_type_description FROM Ref_template_types AS T1 JOIN Templates AS T2 ON T1.template_type_code  = T2.template_type_code JOIN Documents AS T3 ON T2.Template_ID  =  T3.template_ID,"SELECT DISTINCT template_type_description 
FROM ref_template_ types 
JOIN templates ON ref_ template_types.template_ type_code = templates.template_type_code
WHERE templates.template_id IN (
    SELECT document_.template_id
    FROM documents document_
    JOIN paragraphs paragraph_ ON document_.document_id = paragraph_.document_id
)
ORDER BY template_ type_description;"
cre_Doc_Template_Mgt,Return the different descriptions for templates that have been used in a document.,SELECT DISTINCT T1.template_type_description FROM Ref_template_types AS T1 JOIN Templates AS T2 ON T1.template_type_code  = T2.template_type_code JOIN Documents AS T3 ON T2.Template_ID  =  T3.template_ID,"SELECT DISTINCT template_type_description 
FROM templates 
INNER JOIN documents ON templates.template_id = documents.template_id;"
cre_Doc_Template_Mgt,"What are the template ids with template type description ""Presentation"".","SELECT T2.template_id FROM Ref_template_types AS T1 JOIN Templates AS T2 ON T1.template_type_code  = T2.template_type_code WHERE T1.template_type_description  =  ""Presentation""","SELECT templates.template_id
FROM templates
JOIN ref_template_types ON templates.template_type_code = ref_模板_类型代码.template_ype_ode
WHERE ref_模板_类型描述.description = 'Presentation';"
cre_Doc_Template_Mgt,Return the ids corresponding to templates with the description 'Presentation'.,"SELECT T2.template_id FROM Ref_template_types AS T1 JOIN Templates AS T2 ON T1.template_type_code  = T2.template_type_code WHERE T1.template_type_description  =  ""Presentation""","Based on the provided question and schema, you can generate the following SQL query:

```sql
SELECT template_id
FROM templates
WHERE template_type_description = 'Presentation';
```

This query selects the `template_id` from the `templates` table where the `template_type_description` is equal to 'Presentation'."
cre_Doc_Template_Mgt,How many paragraphs in total?,SELECT count(*) FROM Paragraphs,"SELECT COUNT(paragraph_id))
FROM paragraphs;"
cre_Doc_Template_Mgt,Count the number of paragraphs.,SELECT count(*) FROM Paragraphs,SELECT COUNT(paragraph_id)) FROM paragraphs;
cre_Doc_Template_Mgt,How many paragraphs for the document with name 'Summer Show'?,SELECT count(*) FROM Paragraphs AS T1 JOIN Documents AS T2 ON T1.document_ID  =  T2.document_ID WHERE T2.document_name  =  'Summer Show',"SELECT COUNT(paragraph_id))
FROM paragraphs
WHERE document_id IN (
    SELECT document_id
    FROM documents
    WHERE document_name = 'Summer Show'
)
LIMIT 1;"
cre_Doc_Template_Mgt,Count the number of paragraphs in the document named 'Summer Show'.,SELECT count(*) FROM Paragraphs AS T1 JOIN Documents AS T2 ON T1.document_ID  =  T2.document_ID WHERE T2.document_name  =  'Summer Show',"To answer this question, we need to find the document with the name 'Summer Show', and then count the number of paragraphs within that document.

Here's a SQL query that does this:

```sql
SELECT COUNT(paragraph_id))
FROM paragraphs
WHERE document_id IN (
    SELECT document_id
    FROM documents
    WHERE document_name = 'Summer Show'
)
```

This query first selects the `document_id` from the `documents` table where the `document_name` is 'Summer Show'. Then, it finds all the `paragraph_id`s in the `paragraphs` table that have a matching `document_id`. Finally, it counts the number of `paragraph_ids` found."
cre_Doc_Template_Mgt,Show paragraph details for paragraph with text 'Korea ' .,select other_details from paragraphs where paragraph_text like 'korea',"SELECT p.paragraph_text, p.other_details
FROM paragraphs p
WHERE p.paragraph_text = 'Korea';"
cre_Doc_Template_Mgt,What are the details for the paragraph that includes the text 'Korea ' ?,select other_details from paragraphs where paragraph_text like 'korea',"To answer this question, we need to find the paragraph with the text 'Korea'. We can achieve this by joining tables `documents`, `paragraphs`, and using a WHERE clause to filter for the relevant text. Here's the SQL query:

```sql
SELECT paragraphs.paragraph_text, paragraphs.other_details
FROM paragraphs
JOIN documents ON paragraphs.document_id = documents.document_id
JOIN templates ON documents.template_id = templates.template_id
WHERE templates.template_type_code IN ('ref_template_types') AND documents.document_name LIKE '%Korea%';
```

This query assumes that the `template_type_code` for relevant templates is 'ref_template_types'. Adjust this part if needed."
cre_Doc_Template_Mgt,Show all paragraph ids and texts for the document with name 'Welcome to NY'.,"SELECT T1.paragraph_id ,   T1.paragraph_text FROM Paragraphs AS T1 JOIN Documents AS T2 ON T1.document_id  =  T2.document_id WHERE T2.Document_Name  =  'Welcome to NY'","Here's the SQL query that retrieves the required information:

```sql
SELECT p.paragraph_id, p.paragraph_text
FROM paragraphs p
JOIN documents d ON p.document_id = d.document_id
WHERE d.document_name = 'Welcome to NY';
```

This query joins the `paragraphs` table with the `documents` table based on the document ID. Then it filters for the document named 'Welcome to NY' and selects the paragraph IDs and texts from the resulting rows."
cre_Doc_Template_Mgt,What are the ids and texts of paragraphs in the document titled 'Welcome to NY'?,"SELECT T1.paragraph_id ,   T1.paragraph_text FROM Paragraphs AS T1 JOIN Documents AS T2 ON T1.document_id  =  T2.document_id WHERE T2.Document_Name  =  'Welcome to NY'","Here's the SQL query based on the assumptions provided:

```sql
SELECT p.paragraph_id, p.paragraph_text
FROM documents d
JOIN paragraphs p ON d.document_id = p.document_id
WHERE d.document_name = 'Welcome to NY';
```

This query selects the `paragraph_id` and `paragraph_text` from the `paragraphs` table, joined with the `documents` table based on their `document_id` relationship. The WHERE clause filters the results to only include documents titled 'Welcome to NY'."
cre_Doc_Template_Mgt,"Show all paragraph texts for the document ""Customer reviews"".","SELECT T1.paragraph_text FROM Paragraphs AS T1 JOIN Documents AS T2 ON T1.document_id  =  T2.document_id WHERE T2.document_name  =  ""Customer reviews""","Based on the question and schema, we need to find all paragraph texts for the document with the name ""Customer reviews"". Here's the correct SQL query:

```sql
SELECT paragraph_text 
FROM paragraphs 
WHERE document_name = 'Customer reviews';
```

This query selects the `paragraph_text` column from the `paragraphs` table, where the `document_-name` is equal to 'Customer reviews'."
cre_Doc_Template_Mgt,What are the paragraph texts for the document with the name 'Customer reviews'?,"SELECT T1.paragraph_text FROM Paragraphs AS T1 JOIN Documents AS T2 ON T1.document_id  =  T2.document_id WHERE T2.document_name  =  ""Customer reviews""","Here's the SQL query based on the question and assumptions:

```sql
SELECT p.paragraph_text
FROM paragraphs p
JOIN documents d ON p.document_id = d.document_id
WHERE d.document_name = 'Customer reviews';
```

This query will return the paragraph texts for the document named 'Customer reviews'."
cre_Doc_Template_Mgt,Show all document ids and the number of paragraphs in each document. Order by document id.,"SELECT document_id ,  count(*) FROM Paragraphs GROUP BY document_id ORDER BY document_id","SELECT documents.document_id, COUNT(paragraphs.paragraph_id)) AS num_paragraphs
FROM documents
LEFT JOIN paragraphs ON documents.document_id = paragraphs.document_id
GROUP BY documents.document_id
ORDER BY documents.document_id;"
cre_Doc_Template_Mgt,"Return the different document ids along with the number of paragraphs corresponding to each, ordered by id.","SELECT document_id ,  count(*) FROM Paragraphs GROUP BY document_id ORDER BY document_id","Here's the SQL query that answers the question:

```sql
SELECT documents.document_id AS doc_id,
       COUNT(paragraphs.paragraph_id)) AS num_paragraphs
FROM documents
LEFT JOIN paragraphs ON documents.document_id = paragraphs.document_id
GROUP BY documents.document_id
ORDER BY documents.document_id;
```

This query first selects the `document_id` from the `documents` table. It then counts the number of corresponding `paragraph_id`s in the `paragraphs` table, joined on `document_id`.

The result is grouped by `document_id`, summed up and ordered by the `document_id`."
cre_Doc_Template_Mgt,"Show all document ids, names and the number of paragraphs in each document.","SELECT T1.document_id ,  T2.document_name ,  count(*) FROM Paragraphs AS T1 JOIN Documents AS T2 ON T1.document_id  =  T2.document_id GROUP BY T1.document_id","To answer this question, you need to join the documents table with the paragraphs table using their common foreign key (document_id). Then, calculate the count of paragraph IDs for each document.

Here's the SQL query based on the assumptions given:

```sql
SELECT 
    documents.document_id,
    documents.document_name,
    COUNT(paragraphs.paragraph_id) AS num_paragraphs
FROM 
    documents
LEFT JOIN 
    paragraphs ON documents.document_id = paragraphs.document_id
GROUP BY 
    documents.document_id,
    documents.document_name;
```

This query will give you all the document IDs, names, and the number of paragraphs in each document."
cre_Doc_Template_Mgt,"What are the ids and names of each document, as well as the number of paragraphs in each?","SELECT T1.document_id ,  T2.document_name ,  count(*) FROM Paragraphs AS T1 JOIN Documents AS T2 ON T1.document_id  =  T2.document_id GROUP BY T1.document_id","SELECT documents.document_id, documents.document_name,
       COUNT(paragraphs.paragraph_id)) AS num_paragraphs
FROM documents
LEFT JOIN paragraphs ON documents.document_id = paragraphs.document_id
GROUP BY documents.document_id, documents.document_name;"
cre_Doc_Template_Mgt,List all document ids with at least two paragraphs.,SELECT document_id FROM Paragraphs GROUP BY document_id HAVING count(*)  >=  2,"SELECT documents.document_id
FROM documents
JOIN paragraphs ON documents.document_id = paragraphs.document_id
GROUP BY documents.document_id
HAVING COUNT(paragraphs.paragraph_id) >= 2;"
cre_Doc_Template_Mgt,What are the ids of documents that have 2 or more paragraphs?,SELECT document_id FROM Paragraphs GROUP BY document_id HAVING count(*)  >=  2,"Here's the SQL query to find the document IDs that have 2 or more paragraphs:

```sql
SELECT d.document_id
FROM documents d
JOIN paragraphs p ON d.document_id = p.document_id
GROUP BY d.document_id
HAVING COUNT(p.paragraph_id) >= 2;
```

This query first joins the `documents` and `paragraphs` tables based on the document ID. Then it groups the results by document ID, applies a HAVING clause to filter for documents with at least two paragraphs, and finally selects the document IDs that meet these criteria."
cre_Doc_Template_Mgt,What is the document id and name with greatest number of paragraphs?,"SELECT T1.document_id ,  T2.document_name FROM Paragraphs AS T1 JOIN Documents AS T2 ON T1.document_id  =  T2.document_id GROUP BY T1.document_id ORDER BY count(*) DESC LIMIT 1","Here's the SQL query to find the document id, name, and version number with the greatest number of paragraphs:

```sql
SELECT templates.template_id AS document_id,
       templates.template_name AS document_name,
       templates.version_number AS document_version
FROM templates
INNER JOIN documents ON templates.template_id = documents.document_id
GROUP BY templates.template_id, templates.template_name, templates.version_number
HAVING COUNT(paragraphs.paragraph_id)) = (
    SELECT MAX(paragraph_count)
    FROM (
        SELECT COUNT(paragraphs.paragraph_id)) AS paragraph_count
        FROM paragraphs
        GROUP BY document_id
    ) AS counts
)
ORDER BY documents.document_id DESC, templates.template_name;
```

This query first joins the `templates`, `documents`, and `paragraphs` tables. It then groups by the relevant columns and uses a HAVING clause to filter only the rows with the maximum number of paragraphs.

Finally, it orders the results in descending order of document ID and ascending order of template name."
cre_Doc_Template_Mgt,Return the id and name of the document with the most paragraphs.,"SELECT T1.document_id ,  T2.document_name FROM Paragraphs AS T1 JOIN Documents AS T2 ON T1.document_id  =  T2.document_id GROUP BY T1.document_id ORDER BY count(*) DESC LIMIT 1","Here's the SQL query to achieve this:

```sql
SELECT documents.document_id, documents.name
FROM documents
JOIN (
    SELECT document_id, COUNT(paragraph_id) AS paragraph_count
    FROM paragraphs
    GROUP BY document_id
    ORDER BY paragraph_count DESC
    LIMIT 1
) max_paragraphs ON documents.document_id = max_paragraphs.document_id;
```

This query first calculates the number of paragraphs for each document. It then selects the document with the highest paragraph count, using a subquery and the LIMIT clause. Finally, it returns the id and name of that document from the main `documents` table."
cre_Doc_Template_Mgt,What is the document id with least number of paragraphs?,SELECT document_id FROM Paragraphs GROUP BY document_id ORDER BY count(*) ASC LIMIT 1,"To find the document id with the least number of paragraphs, you would need to query the paragraphs table and group by document_id. Then, you can order the results by the count of paragraph_ids in ascending order, and limit the result to just one row.

Here's a SQL query that accomplishes this:

```sql
SELECT document_id
FROM paragraphs
GROUP BY document_id
ORDER BY COUNT(paragraph_id)) ASC
LIMIT 1;
```

This query will return the document id with the least number of paragraphs."
cre_Doc_Template_Mgt,Return the id of the document with the fewest paragraphs.,SELECT document_id FROM Paragraphs GROUP BY document_id ORDER BY count(*) ASC LIMIT 1,"SELECT documents.document_id
FROM documents
JOIN paragraphs ON documents.document_id = paragraphs.document_id
GROUP BY documents.document_id
ORDER BY COUNT(paragraphs.paragraph_id)) ASC
LIMIT 1;"
cre_Doc_Template_Mgt,What is the document id with 1 to 2 paragraphs?,SELECT document_id FROM Paragraphs GROUP BY document_id HAVING count(*) BETWEEN 1 AND 2,"Here's an SQL query that finds the document_id having between 1 and 2 paragraphs:

```sql
SELECT documents.document_id
FROM documents
JOIN paragraphs ON documents.document_id = paragraphs.document_id
GROUP BY documents.document_id
HAVING COUNT(paragraphs.paragraph_id) BETWEEN 1 AND 2;
```

This query first joins the `documents` table with the `paragraphs` table on their shared `document_id` field. It then groups the results by `document_id`. The `HAVING` clause filters out documents that have less than 1 or more than 2 paragraphs (inclusive)."
cre_Doc_Template_Mgt,Give the ids of documents that have between one and two paragraphs.,SELECT document_id FROM Paragraphs GROUP BY document_id HAVING count(*) BETWEEN 1 AND 2,"Here's the SQL query that will give you the document IDs based on the given condition:

```sql
SELECT DISTINCT documents.document_id
FROM documents
JOIN paragraphs ON documents.document_id = paragraphs.document_id
GROUP BY documents.document_id
HAVING COUNT(paragraphs.paragraph_id) BETWEEN 1 AND 2;
```

This query first joins the `documents` and `paragraphs` tables based on their respective document IDs. Then it groups the results by document ID, counts the number of paragraphs for each document, and finally filters the result to only include documents with between one and two paragraphs."
cre_Doc_Template_Mgt,Show the document id with paragraph text 'Brazil' and 'Ireland'.,SELECT document_id FROM Paragraphs WHERE paragraph_text  =  'Brazil' INTERSECT SELECT document_id FROM Paragraphs WHERE paragraph_text  =  'Ireland',"Here's the SQL query based on the given assumptions:

```sql
SELECT documents.document_id, paragraphs.paragraph_text
FROM documents
JOIN paragraphs ON documents.document_id = paragraphs.document_id
WHERE (paragraphs.paragraph_text = 'Brazil' AND documents.document_id IN (
    SELECT document_id
    FROM paragraphs
    WHERE paragraph_text = 'Ireland'
)))
LIMIT 1;
```

This query joins the `documents` and `paragraphs` tables, then filters for rows where the paragraph text is either 'Brazil' or 'Ireland', depending on which condition comes first in the subquery. The LIMIT clause ensures that only one matching document ID is returned."
cre_Doc_Template_Mgt,What are the ids of documents that contain the paragraph text 'Brazil' and 'Ireland'?,SELECT document_id FROM Paragraphs WHERE paragraph_text  =  'Brazil' INTERSECT SELECT document_id FROM Paragraphs WHERE paragraph_text  =  'Ireland',"Here's a SQL query to get the document IDs based on the given paragraph texts:

```sql
SELECT DISTINCT documents.document_id
FROM documents
JOIN paragraphs ON documents.document_id = paragraphs.document_id
WHERE (paragraph_text LIKE '%Brazil%' AND paragraph_ text LIKE '%Ireland%'))
```

This query first joins the `documents` table with the `paragraphs` table based on their document IDs. Then it filters the rows where both paragraph texts contain 'Brazil' and 'Ireland'. Finally, it selects distinct document IDs using the DISTINCT keyword."
course_teach,How many teachers are there?,SELECT count(*) FROM teacher,"To find out how many teachers are there, you would use the following SQL query:

```sql
SELECT COUNT(*) 
FROM teacher;
```

This query counts all rows in the `teacher` table, giving you the total number of teachers."
course_teach,What is the total count of teachers?,SELECT count(*) FROM teacher,"SQL Query:
SELECT COUNT(*) 
FROM teacher;"
course_teach,List the names of teachers in ascending order of age.,SELECT Name FROM teacher ORDER BY Age ASC,"SELECT name 
FROM teacher 
ORDER BY age ASC;"
course_teach,What are the names of the teachers ordered by ascending age?,SELECT Name FROM teacher ORDER BY Age ASC,"SELECT name 
FROM teacher 
ORDER BY age ASC;"
course_teach,What are the age and hometown of teachers?,"SELECT Age ,  Hometown FROM teacher","SELECT teacher.age, teacher.hometown 
FROM teacher;"
course_teach,What is the age and hometown of every teacher?,"SELECT Age ,  Hometown FROM teacher","SELECT age, hometown 
FROM teacher;"
course_teach,List the name of teachers whose hometown is not `` Little Lever Urban District '' .,"select name from teacher where hometown != ""little lever urban district""","SELECT name 
FROM teacher 
WHERE hometown != 'Little Lever Urban District';"
course_teach,What are the names of the teachers whose hometown is not `` Little Lever Urban District '' ?,"select name from teacher where hometown != ""little lever urban district""","SELECT teacher.name 
FROM teacher 
LEFT JOIN course_arrange ON teacher.teacher_id = course_arrange.teacher_id
WHERE teacher.hometown != 'Little Lever Urban District' AND course_arrange.course_id IS NULL;"
course_teach,Show the name of teachers aged either 32 or 33?,SELECT Name FROM teacher WHERE Age  =  32 OR Age  =  33,"SELECT T.name 
FROM teacher T 
WHERE T.age IN ('32', '33');"
course_teach,What are the names of the teachers who are aged either 32 or 33?,SELECT Name FROM teacher WHERE Age  =  32 OR Age  =  33,"SELECT name 
FROM teacher 
WHERE age IN ('32', '33');"
course_teach,What is the hometown of the youngest teacher?,SELECT Hometown FROM teacher ORDER BY Age ASC LIMIT 1,"SELECT hometown 
FROM teacher 
WHERE age = (SELECT MIN(age) FROM teacher)) 
LIMIT 1;"
course_teach,Where is the youngest teacher from?,SELECT Hometown FROM teacher ORDER BY Age ASC LIMIT 1,"SELECT hometown 
FROM teacher 
WHERE age = (SELECT MIN(age) FROM teacher));"
course_teach,Show different hometown of teachers and the number of teachers from each hometown.,"SELECT Hometown ,  COUNT(*) FROM teacher GROUP BY Hometown","SELECT hometown, COUNT(*) as num_teachers
FROM teacher
GROUP BY hometown
ORDER BY num_teachers;"
course_teach,"For each hometown, how many teachers are there?","SELECT Hometown ,  COUNT(*) FROM teacher GROUP BY Hometown","SELECT hometown, COUNT(*) as num_teachers
FROM teacher
GROUP BY hometown;"
course_teach,List the most common hometown of teachers.,SELECT Hometown FROM teacher GROUP BY Hometown ORDER BY COUNT(*) DESC LIMIT 1,"SELECT hometown, COUNT(*) as frequency
FROM teacher
GROUP BY hometown
ORDER BY frequency DESC
LIMIT 1;"
course_teach,What is the most commmon hometowns for teachers?,SELECT Hometown FROM teacher GROUP BY Hometown ORDER BY COUNT(*) DESC LIMIT 1,"SELECT T1.hometown, COUNT(*) as frequency 
FROM teacher AS T1 
GROUP BY T1.hometown 
ORDER BY frequency DESC 
LIMIT 1;"
course_teach,Show the hometowns shared by at least two teachers.,SELECT Hometown FROM teacher GROUP BY Hometown HAVING COUNT(*)  >=  2,"SELECT T1.hometown
FROM teacher AS T1
JOIN teacher AS T2
ON T1.hometown = T2.hometown
GROUP BY T1.hometown
HAVING COUNT(T2.teacher_id) >= 2;"
course_teach,What are the towns from which at least two teachers come from?,SELECT Hometown FROM teacher GROUP BY Hometown HAVING COUNT(*)  >=  2,"SELECT DISTINCT hometown 
FROM teacher 
GROUP BY hometown 
HAVING COUNT(DISTINCT teacher_id)) >= 2;"
course_teach,Show names of teachers and the courses they are arranged to teach.,"SELECT T3.Name ,  T2.Course FROM course_arrange AS T1 JOIN course AS T2 ON T1.Course_ID  =  T2.Course_ID JOIN teacher AS T3 ON T1.Teacher_ID  =  T3.Teacher_ID","SELECT teacher.name, course.course 
FROM teacher 
JOIN course_arrange ON teacher.teacher_id = course_arrange.teacher_id 
JOIN course ON course_arrange.course_id = course.course_id;"
course_teach,What is the name of each teacher and what course they teach?,"SELECT T3.Name ,  T2.Course FROM course_arrange AS T1 JOIN course AS T2 ON T1.Course_ID  =  T2.Course_ID JOIN teacher AS T3 ON T1.Teacher_ID  =  T3.Teacher_ID","SELECT teacher.name AS teacher_name, course.course AS taught_course
FROM teacher
JOIN course_arrange ON teacher.teacher_id = course_arrange.teacher_ide
JOIN course ON course.course_id = course_arrange.course_id;"
course_teach,Show names of teachers and the courses they are arranged to teach in ascending alphabetical order of the teacher's name.,"SELECT T3.Name ,  T2.Course FROM course_arrange AS T1 JOIN course AS T2 ON T1.Course_ID  =  T2.Course_ID JOIN teacher AS T3 ON T1.Teacher_ID  =  T3.Teacher_ID ORDER BY T3.Name","SELECT T.name, C.course 
FROM teacher T 
JOIN course_arrange CA ON T.teacher_id = CA.teacher_id 
JOIN course C ON CA.course_id = C.course_id 
ORDER BY T.name ASC;"
course_teach,What are the names of the teachers and the courses they teach in ascending alphabetical order by the name of the teacher?,"SELECT T3.Name ,  T2.Course FROM course_arrange AS T1 JOIN course AS T2 ON T1.Course_ID  =  T2.Course_ID JOIN teacher AS T3 ON T1.Teacher_ID  =  T3.Teacher_ID ORDER BY T3.Name","SELECT teacher.name, course.course 
FROM teacher 
JOIN course_arrange ON teacher.teacher_id = course_arrange.teacher_id 
JOIN course ON course.course_id = course_arrange.course_id
ORDER BY teacher.name ASC;"
course_teach,Show the name of the teacher for the math course.,"SELECT T3.Name FROM course_arrange AS T1 JOIN course AS T2 ON T1.Course_ID  =  T2.Course_ID JOIN teacher AS T3 ON T1.Teacher_ID  =  T3.Teacher_ID WHERE T2.Course  =  ""Math""","SELECT teacher.name 
FROM teacher 
JOIN course_arrange ON teacher.teacher_id = course_arrange.teacher_id 
JOIN course ON course.course_id = course_arrange.course_id 
WHERE course.course = 'math';"
course_teach,What are the names of the people who teach math courses?,"SELECT T3.Name FROM course_arrange AS T1 JOIN course AS T2 ON T1.Course_ID  =  T2.Course_ID JOIN teacher AS T3 ON T1.Teacher_ID  =  T3.Teacher_ID WHERE T2.Course  =  ""Math""","SELECT teacher.name 
FROM teacher 
JOIN course_arrange ON teacher.teacher_id = course_arrange.teacher_ id
JOIN course ON course.course_id = course_arrange.course_id
WHERE course.course = 'Math' ;"
course_teach,Show names of teachers and the number of courses they teach.,"SELECT T2.Name ,  COUNT(*) FROM course_arrange AS T1 JOIN teacher AS T2 ON T1.Teacher_ID  =  T2.Teacher_ID GROUP BY T2.Name","SELECT teacher.name, COUNT(course.course_id) AS num_courses
FROM teacher
JOIN course_arrange ON teacher.teacher_id = course_arrange.teacher_id
GROUP BY teacher.name;"
course_teach,What are the names of the teachers and how many courses do they teach?,"SELECT T2.Name ,  COUNT(*) FROM course_arrange AS T1 JOIN teacher AS T2 ON T1.Teacher_ID  =  T2.Teacher_ID GROUP BY T2.Name","SELECT teacher.name, COUNT(course_arrange.course_id)) as num_courses
FROM teacher
JOIN course_arrange ON teacher.teacher_id = course_arrange.teacher_id
GROUP BY teacher.name;"
course_teach,Show names of teachers that teach at least two courses.,SELECT T2.Name FROM course_arrange AS T1 JOIN teacher AS T2 ON T1.Teacher_ID  =  T2.Teacher_ID GROUP BY T2.Name HAVING COUNT(*)  >=  2,"SELECT T.name 
FROM teacher T 
JOIN course_arrange CA ON T.teacher_id = CA.teacher_id
GROUP BY T.name
HAVING COUNT(CA.course_id) >= 2;"
course_teach,What are the names of the teachers who teach at least two courses?,SELECT T2.Name FROM course_arrange AS T1 JOIN teacher AS T2 ON T1.Teacher_ID  =  T2.Teacher_ID GROUP BY T2.Name HAVING COUNT(*)  >=  2,"SELECT teacher.name
FROM teacher
JOIN course_arrange ON teacher.teacher_id = course_arrange.teacher_ide
GROUP BY teacher.name
HAVING COUNT(course_arrange.course_id) >= 2;"
course_teach,List the names of teachers who have not been arranged to teach courses.,SELECT Name FROM teacher WHERE Teacher_id NOT IN (SELECT Teacher_id FROM course_arrange),"SELECT teacher.name
FROM teacher
LEFT JOIN course_arrange ON teacher.teacher_id = course_arrange.teacher_id
WHERE course_arrange.teacher_id IS NULL;"
course_teach,What are the names of the teachers whose courses have not been arranged?,SELECT Name FROM teacher WHERE Teacher_id NOT IN (SELECT Teacher_id FROM course_arrange),"SELECT teacher.name 
FROM teacher 
LEFT JOIN course_arrange ON teacher.teacher_id = course_arrange.teacher_id
WHERE course_arrange.course_id IS NULL;"
museum_visit,How many visitors below age 30 are there?,SELECT count(*) FROM visitor WHERE age  <  30,"SELECT COUNT(*) 
FROM visitor 
WHERE age < 30;"
museum_visit,"Find the names of the visitors whose membership level is higher than 4, and order the results by the level from high to low.",SELECT name FROM visitor WHERE Level_of_membership  >  4 ORDER BY Level_of_membership DESC,"SELECT name 
FROM visitor 
WHERE level_of_membership > 4
ORDER BY level_of_membership DESC;"
museum_visit,What is the average age of the visitors whose membership level is not higher than 4?,SELECT avg(age) FROM visitor WHERE Level_of_membership  <=  4,"SELECT AVG(age) 
FROM visitor 
WHERE level_of_membership <= 4;"
museum_visit,"Find the name and membership level of the visitors whose membership level is higher than 4, and sort by their age from old to young.","SELECT name ,  Level_of_membership FROM visitor WHERE Level_of_membership  >  4 ORDER BY age DESC","SELECT v.name, v.level_of_membership
FROM visitor v
WHERE v.level_of_membership > 4
ORDER BY v.age DESC;"
museum_visit,Find the id and name of the museum that has the most staff members?,"SELECT museum_id ,  name FROM museum ORDER BY num_of_staff DESC LIMIT 1","SELECT museum.id, museum.name 
FROM museum 
WHERE num_of_staff = (SELECT MAX(num_of_staff)) FROM museum);"
museum_visit,Find the average number of staff working for the museums that were open before 2009.,SELECT avg(num_of_staff) FROM museum WHERE open_year  <  2009,"SELECT AVG(num_of_staff) AS avg_staff
FROM museum
WHERE open_year < 2009;"
museum_visit,What are the opening year and staff number of the museum named Plaza Museum?,"SELECT Num_of_Staff ,  Open_Year FROM museum WHERE name  =  'Plaza Museum'","SELECT open_year, num_of_staff 
FROM museum 
WHERE name = 'Plaza Museum';"
museum_visit,find the names of museums which have more staff than the minimum staff number of all museums opened after 2010.,SELECT name FROM museum WHERE num_of_staff  >  (SELECT min(num_of_staff) FROM museum WHERE open_year  >  2010),"SELECT name 
FROM museum 
WHERE num_of_staff > (SELECT MIN(num_of_staff)) 
                                    FROM museum 
                                    WHERE open_year >= '2010' AND open_ year IS NOT NULL)"
museum_visit,"find the id, name and age for visitors who visited some museums more than once.","SELECT t1.id ,  t1.name ,  t1.age FROM visitor AS t1 JOIN visit AS t2 ON t1.id  =  t2.visitor_id GROUP BY t1.id HAVING count(*)  >  1","Here's the SQL query based on the assumptions provided:

```sql
SELECT v.id AS visitor_id, v.name AS visitor_name, v.age AS visitor_age
FROM visitor v
JOIN visit vi ON v.id = vi.visitor_id
GROUP BY v.id, v.name, v.age
HAVING COUNT(DISTINCT vi.museum_id)) > 1;
```

This query selects the visitor's ID, name, and age. It joins the `visitor` table with the `visit` table based on the visitor's ID. The query then groups by visitor ID, name, and age and filters for visitors who visited more than one distinct museum."
museum_visit,"What are the id, name and membership level of visitors who have spent the largest amount of money in total in all museum tickets?","SELECT t2.visitor_id ,  t1.name ,  t1.Level_of_membership FROM visitor AS t1 JOIN visit AS t2 ON t1.id  =  t2.visitor_id GROUP BY t2.visitor_id ORDER BY sum(t2.Total_spent) DESC LIMIT 1","SELECT v.id, v.name, v.level_of_membership
FROM visitor v
JOIN (
    SELECT visit.visitor_id, MAX(visit.total_spent) as max_spent
    FROM visit
    GROUP BY visit.visitor_ id
) max_spent_visitors ON v.id = max_spent_visitors.visitor_ id
ORDER BY max_spent_visitors.max_spent DESC
LIMIT 1;"
museum_visit,What are the id and name of the museum visited most times?,"SELECT t2.Museum_ID ,  t1.name FROM museum AS t1 JOIN visit AS t2 ON t1.Museum_ID  =  t2.Museum_ID GROUP BY t2.Museum_ID ORDER BY count(*) DESC LIMIT 1","SELECT m.id, m.name 
FROM museum m 
JOIN visit v ON m.museum_id = v.museum_id 
GROUP BY v.museum_id, m.id, m.name 
ORDER BY COUNT(*) DESC 
LIMIT 1;"
museum_visit,What is the name of the museum that had no visitor yet?,SELECT name FROM museum WHERE Museum_ID NOT IN (SELECT museum_id FROM visit),"SELECT name 
FROM museum 
WHERE museum_id NOT IN (SELECT museum_id FROM visit);"
museum_visit,Find the name and age of the visitor who bought the most tickets at once.,"SELECT t1.name ,  t1.age FROM visitor AS t1 JOIN visit AS t2 ON t1.id  =  t2.visitor_id ORDER BY t2.num_of_ticket DESC LIMIT 1","SELECT v.name, v.age
FROM visitor v
JOIN visit vi ON v.id = vi.visitor_id
WHERE vi.num_of_ticket = (SELECT MAX(num_of_ticket))
FROM visit)"
museum_visit,What are the average and maximum number of tickets bought in all visits?,"SELECT avg(num_of_ticket) ,  max(num_of_ticket) FROM visit","SELECT AVG(num_of_ticket) AS avg_tickets, MAX(num_of_ticket) AS max_tickets
FROM visit;"
museum_visit,What is the total ticket expense of the visitors whose membership level is 1?,SELECT sum(t2.Total_spent) FROM visitor AS t1 JOIN visit AS t2 ON t1.id  =  t2.visitor_id WHERE t1.Level_of_membership  =  1,"SELECT SUM(total_spent) 
FROM visit 
JOIN visitor ON visit.visitor_id = visitor.id 
WHERE visitor.level_of_membership = 1;"
museum_visit,What is the name of the visitor who visited both a museum opened before 2009 and a museum opened after 2011?,SELECT t1.name FROM visitor AS t1 JOIN visit AS t2 ON t1.id  =  t2.visitor_id JOIN museum AS t3 ON t3.Museum_ID  =  t2.Museum_ID WHERE t3.open_year  <  2009 INTERSECT SELECT t1.name FROM visitor AS t1 JOIN visit AS t2 ON t1.id  =  t2.visitor_id JOIN museum AS t3 ON t3.Museum_ID  =  t2.Museum_ID WHERE t3.open_year  >  2011,"SELECT v.name
FROM visitor v
JOIN visit mv ON v.id = mv.visitor_id
JOIN museum m ON mv.museum_id = m.museum_id
WHERE (m.open_year < '2009' AND m.open_year > '2011')) AND mv.num_of_ticket > 0;"
museum_visit,Find the number of visitors who did not visit any museum opened after 2010.,SELECT count(*) FROM visitor WHERE id NOT IN (SELECT t2.visitor_id FROM museum AS t1 JOIN visit AS t2 ON t1.Museum_ID  =  t2.Museum_ID WHERE t1.open_year  >  2010),"SELECT COUNT(id) 
FROM visitor 
WHERE id NOT IN (SELECT visitor_id FROM visit WHERE open_year > '2010')"
museum_visit,How many museums were opened after 2013 or before 2008?,SELECT count(*) FROM museum WHERE open_year  >  2013 OR open_year  <  2008,"SELECT COUNT(*) 
FROM museum 
WHERE open_year >= '2014' OR open_year <= '2007';"
wta_1,Find the total number of players.,SELECT count(*) FROM players,"To find the total number of players, you would need to count the rows in the `players` table. The SQL query for this would be:

```sql
SELECT COUNT(*) AS total_players
FROM players;
```

This query counts all rows in the `players` table and returns the result as `total_players`."
wta_1,How many players are there?,SELECT count(*) FROM players,"SELECT COUNT(*) 
FROM players;"
wta_1,Find the total number of matches.,SELECT count(*) FROM matches,"To find the total number of matches, you can use the following SQL query:

```sql
SELECT COUNT(*) 
FROM matches;
```

This query counts all rows in the `matches` table, which represents the total number of matches."
wta_1,Count the number of matches.,SELECT count(*) FROM matches,SELECT COUNT(*) FROM matches;
wta_1,List the first name and birth date of all players from the country with code USA.,"SELECT first_name ,  birth_date FROM players WHERE country_code  =  'USA'","SELECT first_NAME, birth_date 
FROM players 
WHERE country_code = 'USA';"
wta_1,What are the first names and birth dates of players from the USA?,"SELECT first_name ,  birth_date FROM players WHERE country_code  =  'USA'","SELECT first_名, birth_ date 
FROM players 
WHERE country_ code = 'USA';"
wta_1,Find the average age of losers and winners of all matches.,"SELECT avg(loser_age) ,  avg(winner_age) FROM matches","Here's the SQL query to find the average age of losers and winners of all matches:

```sql
SELECT AVG(CASE WHEN match__winner = 'winner' THEN loser_age ELSE winner_age END) AS average_age
FROM (
  SELECT 
    match_loser AS loser_id,
    winner_age AS winner_age
  FROM matches
  WHERE match_loser IS NOT NULL

  UNION ALL

  SELECT 
    match_winner AS winner_id,
    loser_age AS loser_age
  FROM matches
  WHERE match_winner IS NOT NULL
) AS combined_data;
```

This query first selects the loser's age and winner's age from the `matches` table. It then combines these two sets of data using a UNION ALL clause.

Finally, it calculates the average age by using an AVG function with a CASE statement to differentiate between loser and winner ages. The result is aliased as `average_age`."
wta_1,What are the average ages of losers and winners across matches?,"SELECT avg(loser_age) ,  avg(winner_age) FROM matches","To calculate the average ages of losers and winners across matches, you can use the following SQL query:

```sql
SELECT 
    AVG(CASE WHEN match_winner_id IS NOT NULL THEN loser_age ELSE NULL END) AS avg_loser_age,
    AVG(CASE WHEN match_winner_id IS NOT NULL THEN winner_age ELSE NULL END) AS avg_winner_age
FROM 
    matches
LEFT JOIN 
    players ON matches.winner_id = players.player_id OR matches.loser_id = players.player_id;
```

This query first joins the `matches` table with the `players` table using a LEFT JOIN. It then calculates the average ages for losers and winners separately using conditional aggregation (`CASE WHEN`)."
wta_1,Find the average rank of winners in all matches.,SELECT avg(winner_rank) FROM matches,"To find the average rank of winners in all matches, you would need to join the `matches` table with the `players` table using the foreign keys for the winner and loser IDs. Then, calculate the average rank using the appropriate aggregate function.

Here's a possible SQL query:

```sql
SELECT AVG(winner_rank) as average_winner_rank
FROM (
    SELECT matches.match_num, players.player_id AS winner_player_id, players.rank AS winner_rank
    FROM matches
    JOIN players ON matches.winner_id = players.player_id
) AS subquery;
```

This query first retrieves the winner's rank for each match and then calculates the average of those ranks."
wta_1,What is the average rank for winners in all matches?,SELECT avg(winner_rank) FROM matches,"Here's the SQL query that will provide the required information:

```sql
SELECT AVG(winner_rank) AS avg_winner_rank
FROM (
    SELECT winner_rank
    FROM matches
    WHERE winner_seed IS NOT NULL
) AS match_winners;
```

This query first selects the `winner_rank` from the `matches` table. It then filters for matches where a winner is identified by their `winner_seed` not being null. Finally, it calculates and returns the average (`AVG()`) of these ranks as `avg_winner_rank`."
wta_1,Find the highest rank of losers in all matches.,SELECT min(loser_rank) FROM matches,"To find the highest rank of losers in all matches, you can use the following SQL query:

```sql
SELECT MAX(loser_rank) AS highest_loser_rank
FROM (
    SELECT loser_rank
    FROM matches
    WHERE loser_id IN (SELECT player_ide FROM players)
) AS loser_ranks;
```

This query first selects all loser ranks from the matches table, filtering for players that have a corresponding entry in the players table. The subquery collects these ranks.

Finally, the outer query applies the MAX function to find the highest rank among all losers across all matches."
wta_1,What is the best rank of losers across all matches?,SELECT min(loser_rank) FROM matches,"SELECT MAX(losser_rank) AS best_rank_ofLosers
FROM matches;"
wta_1,find the number of distinct country codes of all players.,SELECT count(DISTINCT country_code) FROM players,"SELECT COUNT(DISTINCT country_code))
FROM players;"
wta_1,How many distinct countries do players come from?,SELECT count(DISTINCT country_code) FROM players,"SELECT COUNT(DISTINCT country_ocode))
FROM players;"
wta_1,Find the number of distinct name of losers.,SELECT count(DISTINCT loser_name) FROM matches,"Here's the SQL query to find the number of distinct names of losers:

```sql
SELECT COUNT(DISTINCT loser_name))
FROM players
WHERE player_id IN (
    SELECT loser_id
    FROM matches
)
```

This query selects the count of distinct `loser_name` from the `players` table, where the `player_id` is present in the subquery that fetches loser IDs from the `matches` table."
wta_1,How many different loser names are there?,SELECT count(DISTINCT loser_name) FROM matches,"SELECT COUNT(DISTINCT loser_.name))
FROM players AS loser;"
wta_1,Find the name of tourney that has more than 10 matches.,SELECT tourney_name FROM matches GROUP BY tourney_name HAVING count(*)  >  10,"Here's the SQL query to find the name of the tournament that has more than 10 matches:

```sql
SELECT t.tourney_name
FROM tours AS t
JOIN matches AS m ON t.tourney_id = m.tourney_ide
GROUP BY t.tourney_name
HAVING COUNT(m.match_num) > 10;
```

This query joins the `tours` and `matches` tables, groups by tourney name, and filters for tournaments with more than 10 matches."
wta_1,What are the names of tournaments that have more than 10 matches?,SELECT tourney_name FROM matches GROUP BY tourney_name HAVING count(*)  >  10,"SELECT tourney_名 text
FROM matches
JOIN tournaments ON matches.tourney_id = tournaments.tourney_id
GROUP BY tourney_名 text
HAVING COUNT(*) > 10;"
wta_1,List the names of all winners who played in both 2013 and 2016.,SELECT winner_name FROM matches WHERE YEAR  =  2013 INTERSECT SELECT winner_name FROM matches WHERE YEAR  =  2016,"SELECT winner_name
FROM matches
WHERE winner_id IN (
    SELECT player_id
    FROM players
    WHERE year = 2013
    INTERSECT
    SELECT player_id
    FROM players
    WHERE year = 2016
)
GROUP BY winner_ name;"
wta_1,What are the names of players who won in both 2013 and 2016?,SELECT winner_name FROM matches WHERE YEAR  =  2013 INTERSECT SELECT winner_name FROM matches WHERE YEAR  =  2016,"Based on the given schema, we can join the 'players' table with itself using a self-join. We'll match the winners from different years (2013 and 2016) by their player IDs.

Here's the SQL query:

```sql
SELECT DISTINCT p1.player_name AS winner_2013, 
                         p2.player_name AS winner_2016
FROM players p1
JOIN players p2 ON p1.player_id = p2.player_id AND (p2.year = 2016 AND p1.year = 2013) OR (p1.year = 2016 AND p2.year = 2013))
WHERE p1.year IN (2013, 2016)
AND p2.year IN (2013, 2016)
```

This query will return the names of players who won in both 2013 and 2016. Note that we're assuming 'player_name' is the column in the 'players' table that contains player's full name. If it has a different name, please replace 'player_name' with the correct column name."
wta_1,List the number of all matches who played in years of 2013 or 2016.,SELECT count(*) FROM matches WHERE YEAR  =  2013 OR YEAR  =  2016,"Assuming you want to count the matches for players who had matches in either 2013 or 2016, you can use the following SQL query:

```sql
SELECT COUNT(*) as total_matches
FROM (
    SELECT DISTINCT match_id
    FROM matches
    WHERE year IN (2013, 2016)
) subquery
JOIN matches ON matches.match_id = subquery.match_id;
```

This query first selects distinct match IDs from the matches table where the year is either 2013 or 2016. Then it joins this list with the original matches table to count all the matches that belong to this list of years."
wta_1,How many matches were played in 2013 or 2016?,SELECT count(*) FROM matches WHERE YEAR  =  2013 OR YEAR  =  2016,"SELECT COUNT(*) 
FROM matches 
WHERE year IN (2013, 2016))"
wta_1,What are the country code and first name of the players who won in both tourney WTA Championships and Australian Open?,"SELECT T1.country_code ,  T1.first_name FROM players AS T1 JOIN matches AS T2 ON T1.player_id  =  T2.winner_id WHERE T2.tourney_name  =  'WTA Championships' INTERSECT SELECT T1.country_code ,  T1.first_name FROM players AS T1 JOIN matches AS T2 ON T1.player_id  =  T2.winner_id WHERE T2.tourney_name  =  'Australian Open'","SELECT p.country_code, p.first_name
FROM players p
WHERE p.player_id IN (
    SELECT winner_id
    FROM matches
    WHERE tourney_name = 'WTA Championships' AND winner_rank <= 2
    INTERSECT
    SELECT winner_id
    FROM matches
    WHERE tourney_name = 'Australian Open'
)
LIMIT 1;"
wta_1,What are the first names and country codes for players who won both the WTA Championships and the Australian Open?,"SELECT T1.country_code ,  T1.first_name FROM players AS T1 JOIN matches AS T2 ON T1.player_id  =  T2.winner_id WHERE T2.tourney_name  =  'WTA Championships' INTERSECT SELECT T1.country_code ,  T1.first_name FROM players AS T1 JOIN matches AS T2 ON T1.player_id  =  T2.winner_id WHERE T2.tourney_name  =  'Australian Open'","SELECT p.first_ name, p.country_ code
FROM players p
INNER JOIN (
    SELECT winner_ id
    FROM matches
    WHERE (tourney_ level = 'WTA Championships' AND tourney_ name LIKE '%Women%')) w1
ON p.player_ id = w1.winner_ id
INTERSECT
INNER JOIN (
    SELECT winner_ id
    FROM matches
    WHERE (surface = 'Hard' AND tourney_ name LIKE '%Australian Open%'))) w2
ON p.player_ id = w2.winner_ id;"
wta_1,Find the first name and country code of the oldest player.,"SELECT first_name ,  country_code FROM players ORDER BY birth_date LIMIT 1","SELECT first_iname, country_ocode
FROM players
WHERE birth_date = (SELECT MAX(birth_date)) FROM players)
LIMIT 1;"
wta_1,What is the first name and country code of the oldest player?,"SELECT first_name ,  country_code FROM players ORDER BY birth_date LIMIT 1","SELECT first_`name`, country_`code`
FROM players
WHERE birth_`date` = (SELECT MAX(`birth_date`) FROM players)
ORDER BY birth_`date` DESC
LIMIT 1;"
wta_1,List the first and last name of all players in the order of birth date.,"SELECT first_name ,  last_name FROM players ORDER BY birth_date","SELECT first_name, last_name
FROM players
ORDER BY birth_date;"
wta_1,"What are the full names of all players, sorted by birth date?","SELECT first_name ,  last_name FROM players ORDER BY birth_date","SELECT first_name, last_name, birth_date
FROM players
ORDER BY birth_date;"
wta_1,List the first and last name of all players who are left / L hand in the order of birth date.,"SELECT first_name ,  last_name FROM players WHERE hand  =  'L' ORDER BY birth_date","SELECT first_abbreviation, last_name
FROM players
WHERE hand = 'left' OR hand = 'L'
ORDER BY birth_date;"
wta_1,"What are the full names of all left handed players, in order of birth date?","SELECT first_name ,  last_name FROM players WHERE hand  =  'L' ORDER BY birth_date","SELECT first_名字, last_名
FROM players
WHERE hand = 'left'
ORDER BY birth_日期 ASC;"
wta_1,Find the first name and country code of the player who did the most number of tours.,"SELECT T1.country_code ,  T1.first_name FROM players AS T1 JOIN rankings AS T2 ON T1.player_id  =  T2.player_id ORDER BY T2.tours DESC LIMIT 1","SELECT players.first_name, players.country_code
FROM players
JOIN rankings ON players.player_id = rankings.player_id
WHERE rankings.tours = (SELECT MAX(tours) FROM rankings)
LIMIT 1;"
wta_1,What is the first name and country code of the player with the most tours?,"SELECT T1.country_code ,  T1.first_name FROM players AS T1 JOIN rankings AS T2 ON T1.player_id  =  T2.player_id ORDER BY T2.tours DESC LIMIT 1","Here's the SQL query that answers the given question:

```sql
SELECT players.first_name, players.country_code
FROM players
JOIN (
    SELECT player_id, COUNT(*) AS tours_count
    FROM rankings
    GROUP BY player_id
    ORDER BY tours_count DESC
    LIMIT 1
) max_tours ON players.player_id = max_tours.player_id;
```

This query first selects the player with the most tours by joining the `rankings` table and ordering by the count of tours (`tours_count`). The `LIMIT 1` clause ensures that only the top player is considered.

Finally, it joins this player with the `players` table to retrieve the first name and country code."
wta_1,Find the year that has the most number of matches.,SELECT YEAR FROM matches GROUP BY YEAR ORDER BY count(*) DESC LIMIT 1,"SELECT year
FROM matches
GROUP BY year
ORDER BY COUNT(*) DESC
LIMIT 1;"
wta_1,Which year had the most matches?,SELECT YEAR FROM matches GROUP BY YEAR ORDER BY count(*) DESC LIMIT 1,"To find the year with the most matches, you need to count the number of matches for each year and then select the year with the maximum count. Assuming that the `year` column is in the `matches` table, the SQL query would look like this:

```sql
SELECT year, COUNT(*) as match_count
FROM matches
GROUP BY year
ORDER BY match_count DESC
LIMIT 1;
```

This query first groups the matches by year, counts the number of matches for each year, and then orders them in descending order based on match count. Finally, it limits the result to only one row (the year with the most matches)."
wta_1,Find the name and rank points of the winner who won the most times.,"SELECT winner_name ,  winner_rank_points FROM matches GROUP BY winner_name ORDER BY count(*) DESC LIMIT 1","SELECT p.name, r.points
FROM players p
JOIN rankings r ON p.player_id = r.player_id
WHERE r.winning_matches = (
    SELECT MAX(winning_matches)
    FROM rankings
)
AND r.player_id = (
    SELECT player_id
    FROM rankings
    WHERE winning_matches = (
        SELECT MAX(winning_matches)
        FROM rankings
    )
)
ORDER BY r.points DESC
LIMIT 1;"
wta_1,"What is the name of the winner who has won the most matches, and how many rank points does this player have?","SELECT winner_name ,  winner_rank_points FROM matches GROUP BY winner_name ORDER BY count(*) DESC LIMIT 1","To find the answer to the question, we need to join several tables and filter the data accordingly. Here's a SQL query that achieves this:

```sql
SELECT p.player_name AS winner_name,
       r.rank_points AS rank_points
FROM players p
JOIN (
  SELECT w.winner_id, COUNT(*) AS match_count
  FROM matches m
  JOIN players w ON m.winner_id = w.player_id
  GROUP BY w.winner_id
) wc ON p.player_id = wc.winner_id
JOIN rankings r ON p.player_id = r.player_id
WHERE wc.match_count = (
  SELECT MAX(match_count)
  FROM (
    SELECT w.winner_id, COUNT(*) AS match_count
    FROM matches m
    JOIN players w ON m.winner_id = w.player_id
    GROUP BY w.winner_id
  ) wc
)
LIMIT 1;
```

This query first finds the winner with the maximum number of matches. Then it retrieves the rank points for that player. Finally, it limits the result to only one row."
wta_1,Find the name of the winner who has the highest rank points and participated in the Australian Open tourney.,SELECT winner_name FROM matches WHERE tourney_name  =  'Australian Open' ORDER BY winner_rank_points DESC LIMIT 1,"SELECT winner_.name
FROM matches m
JOIN players p ON m.winner_id = p.player_id
JOIN rankings r ON p.player_id = r.player_id
WHERE m.tourney_name = 'Australian Open'
AND r.ranking_points = (SELECT MAX(ranking_points))
FROM rankings r2
JOIN players p2 ON r2.player_id = p2.player_ide
WHERE p2.country_code = 'Australia' AND tourney_name = 'Australian Open')"
wta_1,What is the name of the winner with the most rank points who participated in the Australian Open tournament?,SELECT winner_name FROM matches WHERE tourney_name  =  'Australian Open' ORDER BY winner_rank_points DESC LIMIT 1,"SELECT winner_名字
FROM matches
JOIN players ON matches.winner_id = players.player__id
JOIN rankings ON players.player_ id = rankings.player_ id
WHERE tourney_名稱 = 'Australian Open'
AND ranking_點數 = (SELECT MAX(ranking_點數))
                                  FROM rankings
                                  JOIN matches ON rankings.player_ id = matches.winner_ id
                                  WHERE tourney_名稱 = 'Australian Open')
LIMIT 1;"
wta_1,find the names of loser and winner who played in the match with greatest number of minutes.,"SELECT winner_name ,  loser_name FROM matches ORDER BY minutes DESC LIMIT 1","SELECT loser_.name AS loser_name, winner_.name AS winner_name
FROM matches
JOIN players AS loser_ ON matches.loser_id = loser_.player_ide
JOIN players AS winner_ ON matches.winner_ide = winner_.player_ide
WHERE matches.minutes = (SELECT MAX(minutes) FROM matches)
ORDER BY matches.match_num DESC
LIMIT 1;"
wta_1,What are the names of the winner and loser who played in the longest match?,"SELECT winner_name ,  loser_name FROM matches ORDER BY minutes DESC LIMIT 1","Here's the SQL query that answers the question:

```sql
SELECT 
    m.winner_名字 AS ""Winner's Name"",
    m.loser_名字 AS ""Loser's Name""
FROM 
    matches m
WHERE 
    m.minutes = (
        SELECT 
            MAX(minutes) 
        FROM 
            matches
    )
```

This query first finds the match with the longest duration (in minutes). Then, it selects the names of the winner and loser from that match."
wta_1,Find the average ranking for each player and their first name.,"SELECT avg(ranking) ,  T1.first_name FROM players AS T1 JOIN rankings AS T2 ON T1.player_id  =  T2.player_id GROUP BY T1.first_name","SELECT players.first_name, AVG(rankings.ranking) as average_ranking
FROM players
JOIN rankings ON players.player_id = rankings.player_ id
GROUP BY players.player_ id, players.first_name;"
wta_1,"What are the first names of all players, and their average rankings?","SELECT avg(ranking) ,  T1.first_name FROM players AS T1 JOIN rankings AS T2 ON T1.player_id  =  T2.player_id GROUP BY T1.first_name","Here's the SQL query that answers the question:

```sql
SELECT 
    players.first_名字,
    AVG(rankings.ranking)) AS avg_ranking
FROM 
    players
LEFT JOIN 
    rankings ON players.player_id = rankings.player_id
GROUP BY 
    players.player_id, players.first_名字;
```

This query first selects the first names of players from the `players` table. It then calculates the average ranking by joining with the `rankings` table and using the AVG() function. The results are grouped by player ID and first name."
wta_1,Find the total ranking points for each player and their first name.,"SELECT sum(ranking_points) ,  T1.first_name FROM players AS T1 JOIN rankings AS T2 ON T1.player_id  =  T2.player_id GROUP BY T1.first_name","SELECT players.first_ename, players.player_id, SUM(rankings.ranking_points) AS total_ranking_points
FROM players
JOIN rankings ON players.player_id = rankings.player_id
GROUP BY players.player_id, players.first_ename;"
wta_1,"What are the first names of all players, and their total ranking points?","SELECT sum(ranking_points) ,  T1.first_name FROM players AS T1 JOIN rankings AS T2 ON T1.player_id  =  T2.player_id GROUP BY T1.first_name","SELECT players.first_ name, SUM(rankings.rating_points) AS total_ranking_points
FROM players
JOIN rankings ON players.player_ id = rankings.player_ id
GROUP BY players.player_ id;"
wta_1,find the number of players for each country.,"SELECT count(*) ,  country_code FROM players GROUP BY country_code","SELECT country_ocode, COUNT(player_id) AS num_of_players
FROM players
GROUP BY country_ocode;"
wta_1,How many players are from each country?,"SELECT count(*) ,  country_code FROM players GROUP BY country_code","To find the number of players from each country, you can use the following SQL query:

```sql
SELECT country_code, COUNT(player_id) AS player_count
FROM players
GROUP BY country_code;
```

This query selects the `country_ocode` column and counts the number of distinct `player_ids` (which represent players) for each country. The results are grouped by `country_code`."
wta_1,find the code of the country where has the greatest number of players.,SELECT country_code FROM players GROUP BY country_code ORDER BY count(*) DESC LIMIT 1,"To find the code of the country with the greatest number of players, you can use the following SQL query:

```sql
SELECT country_code
FROM players
GROUP BY country_code
ORDER BY COUNT(*) DESC
LIMIT 1;
```

This query first groups the players by their respective country codes. It then counts the number of players in each country and orders them in descending order based on the count.

Finally, it uses the LIMIT clause to return only the top result (the country with the greatest number of players), which is the desired country code."
wta_1,What is the code of the country with the most players?,SELECT country_code FROM players GROUP BY country_code ORDER BY count(*) DESC LIMIT 1,"SELECT country_ocode 
FROM players 
GROUP BY country_ocode 
ORDER BY COUNT(player_id) DESC 
LIMIT 1;"
wta_1,Find the codes of countries that have more than 50 players.,SELECT country_code FROM players GROUP BY country_code HAVING count(*)  >  50,"SELECT country_ocode
FROM players
GROUP BY country_ocode
HAVING COUNT(player_id) > 50;"
wta_1,What are the codes of countries with more than 50 players?,SELECT country_code FROM players GROUP BY country_code HAVING count(*)  >  50,"To answer this question, we need to find countries (identified by `country_ocode` column) that have more than 50 players (identified by `player_id` column). We can achieve this using a subquery to count the number of players per country and then applying a HAVING clause to filter out countries with less than 50 players. Here's the SQL query:

```sql
SELECT country_ocode
FROM players
GROUP BY country_ocode
HAVING COUNT(player_id) > 50;
```

This query will return the codes of countries that have more than 50 players."
wta_1,Find the total number of tours for each ranking date.,"SELECT sum(tours) ,  ranking_date FROM rankings GROUP BY ranking_date","Here's a correct SQL query to find the total number of tours for each ranking date:

```sql
SELECT ranking_date, COUNT(*) as total_tours
FROM rankings
GROUP BY ranking_date;
```

This query selects the `ranking_date` and counts the number of rows (which represents the total number of tours) in the `rankings` table. It then groups the results by `ranking_date`."
wta_1,How many total tours were there for each ranking date?,"SELECT sum(tours) ,  ranking_date FROM rankings GROUP BY ranking_date","SELECT ranking_date, SUM(tours) as total_tours
FROM rankings
GROUP BY ranking_date;"
wta_1,Find the number of matches happened in each year.,"SELECT count(*) ,  YEAR FROM matches GROUP BY YEAR","SELECT year, COUNT(*) as num_matches
FROM matches
GROUP BY year;"
wta_1,How many matches were played in each year?,"SELECT count(*) ,  YEAR FROM matches GROUP BY YEAR","SELECT year, COUNT(*) as matches_played
FROM matches
GROUP BY year;"
wta_1,Find the name and rank of the 3 youngest winners across all matches.,"SELECT DISTINCT winner_name ,  winner_rank FROM matches ORDER BY winner_age LIMIT 3","To find the name and rank of the 3 youngest winners across all matches, you can use the following SQL query:

```sql
SELECT winner_name, winner_rank
FROM (
    SELECT winner_iloc, winner_age, winner_name, winner_rank
    FROM matches
    WHERE winner_entry = 'Winner' AND tourney_date IS NOT NULL
    ORDER BY winner_age ASC
) AS youngest_winners
LIMIT 3;
```

This query first selects the winners from the matches table where `winner_entry` is 'Winner'. It also filters out matches without a tournament date.

The results are then ordered by the age of the winners in ascending order. Finally, the top 3 youngest winners are selected using the `LIMIT` clause."
wta_1,What are the names and ranks of the three youngest winners across all matches?,"SELECT DISTINCT winner_name ,  winner_rank FROM matches ORDER BY winner_age LIMIT 3","To answer this question, we need to find the youngest winners in each match and select their names and ranks. Here's a correct SQL query:

```sql
SELECT p.player_name AS winner_name, r.ranking AS winner_rank
FROM (
  SELECT m.winner_id, MIN(m.minutes) AS min_minutes
  FROM matches m
  GROUP BY m.winner_id
) youngest_winners
JOIN players p ON p.player_id = youngest_winners.winner_id
JOIN rankings r ON r.player_id = p.player_id
WHERE min_minutes = (
  SELECT MIN(minutes)
  FROM matches
)
LIMIT 3;
```

This query first finds the winners with the minimum match time in each group, then selects their names and ranks. The LIMIT 3 clause ensures that only three players are returned."
wta_1,How many different winners both participated in the WTA Championships and were left handed?,SELECT count(DISTINCT winner_name) FROM matches WHERE tourney_name  =  'WTA Championships' AND winner_hand  =  'L',"SELECT COUNT(DISTINCT winner_id))
FROM players
JOIN matches ON players.player_id = matches.winner_id OR players.player_id = matches.loser_id
WHERE players.hand = 'left' AND tourney_name = 'WTA Championships';"
wta_1,Find the number of left handed winners who participated in the WTA Championships.,SELECT count(DISTINCT winner_name) FROM matches WHERE tourney_name  =  'WTA Championships' AND winner_hand  =  'L',"SELECT COUNT(*) 
FROM players 
JOIN matches ON players.player_id = matches.winner_id 
WHERE players.hand = 'left' 
AND tourney_name LIKE '%WTA Championships%' 
GROUP BY players.player_id;"
wta_1,"Find the first name, country code and birth date of the winner who has the highest rank points in all matches.","SELECT T1.first_name ,  T1.country_code ,  T1.birth_date FROM players AS T1 JOIN matches AS T2 ON T1.player_id  =  T2.winner_id ORDER BY T2.winner_rank_points DESC LIMIT 1","SELECT p.first_name, p.country_code, p.birth_date
FROM players p
JOIN rankings r ON p.player_id = r.player_id AND r.ranking_points = (
  SELECT MAX(ranking_points)
  FROM rankings
)
AND r.year = (
  SELECT year
  FROM matches
  WHERE winner_id = p.player_id
  ORDER BY match_num DESC
  LIMIT 1
)"
wta_1,"What is the first name, country code, and birth date of the player with the most winner rank points across all matches?","SELECT T1.first_name ,  T1.country_code ,  T1.birth_date FROM players AS T1 JOIN matches AS T2 ON T1.player_id  =  T2.winner_id ORDER BY T2.winner_rank_points DESC LIMIT 1","To answer this question, we need to find the player with the maximum winner rank points. Then, we will select their first name, country code, and birth date.

Here's a SQL query that accomplishes this:

```sql
SELECT 
    players.first_名字,
    players.country_代码,
    players.birth_日期
FROM 
    players
JOIN 
    (SELECT 
         winner_id, 
         SUM(winner_rank_points) AS total_rank_points
     FROM 
         matches
     GROUP BY 
         winner_id) AS max_rank_points_player ON players.player_id = max_rank_points_player.winner_id;
```

This query first finds the player with the maximum winner rank points (max_rank_points_player). Then, it selects the requested information from the players table."
wta_1,Find the number of players for each hand type.,"SELECT count(*) ,  hand FROM players GROUP BY hand","SELECT hand, COUNT(player_id))
FROM players
GROUP BY hand;"
wta_1,How many players are there for each hand type?,"SELECT count(*) ,  hand FROM players GROUP BY hand","Here's the SQL query to find out how many players are there for each hand type:

```sql
SELECT 
    hand, 
    COUNT(player_id) as num_players
FROM 
    players
GROUP BY 
    hand;
```

This query selects the `hand` column and counts the number of unique `player_id` values for each hand type. The result is grouped by the `hand` column."
battle_death,How many ships ended up being 'Captured'?,SELECT count(*) FROM ship WHERE disposition_of_ship  =  'Captured',"To find out how many ships ended up being 'Captured', you would need to count the rows where the disposition_of_ship is 'Captured'. Assuming disposition_of_ship column exists in the ship table, the SQL query would be:

```sql
SELECT COUNT(*) 
FROM ship 
WHERE disposition_of_ship = 'Captured';
```

This will return the number of ships with a disposition of 'Captured'."
battle_death,List the name and tonnage ordered by in descending alphaetical order for the names.,"SELECT name ,  tonnage FROM ship ORDER BY name DESC","SELECT name, tonnage
FROM ship
ORDER BY name DESC;"
battle_death,"List the name, date and result of each battle.","SELECT name ,  date FROM battle","SELECT name, date, result
FROM battle;"
battle_death,What is maximum and minimum death toll caused each time?,"SELECT max(killed) ,  min(killed) FROM death","To find the maximum and minimum death toll caused each time, you would need to group the deaths by the event (date) and calculate the minimum and maximum for each group. Here's a SQL query that does this:

```sql
SELECT 
    battle.date AS event_date,
    MIN(death.killed) AS min_death_toll,
    MAX(death.killed) AS max_death_toll
FROM 
    battle
JOIN 
    death ON battle.id = death.caused_by_ship_id
GROUP BY 
    battle.date;
```

This query first joins the `battle` and `death` tables based on the foreign keys. Then it groups the result by the event date and calculates the minimum and maximum death toll for each group."
battle_death,What is the average number of injuries caused each time?,SELECT avg(injured) FROM death,"Assuming you want to calculate the average number of injuries per event, you would use the AVG() function on the 'injured' column from the 'death' table. Since there's no explicit reference to a specific type of event, it's assumed that all events are included in the calculation.

Here is the SQL query:

```sql
SELECT AVG(death.injured) AS average_injuries_per_event
FROM death;
```

Please note that this query assumes you want to calculate the average for all injuries across all events. If you need a more specific calculation, please provide additional details."
battle_death,What are the death and injury situations caused by the ship with tonnage 't'?,"SELECT T1.killed ,  T1.injured FROM death AS T1 JOIN ship AS t2 ON T1.caused_by_ship_id  =  T2.id WHERE T2.tonnage  =  't'","To answer this question, we need to find the ship with tonnage 't', then look for any deaths or injuries related to that ship.

Here's a correct SQL query based on the assumptions:

```sql
SELECT d.note AS death_note, 
       d.killed AS death_count, 
       d.injured AS injury_count
FROM death d
JOIN ship s ON d.caused_by_ship_id = s.id
WHERE s.tonnage = 't'
```

This query will return the details of death and injury situations related to the ship with tonnage 't'."
battle_death,What are the name and results of the battles when the bulgarian commander is not 'Boril',"SELECT name ,  RESULT FROM battle WHERE bulgarian_commander != 'Boril'","SELECT battle.name AS Battle_Name, battle.result AS Battle_Result 
FROM battle 
WHERE bulgarian_commander != 'Boril';"
battle_death,What are the different ids and names of the battles that lost any 'Brig' type shipes?,"SELECT DISTINCT T1.id ,  T1.name FROM battle AS T1 JOIN ship AS T2 ON T1.id  =  T2.lost_in_battle WHERE T2.ship_type  =  'Brig'","SELECT DISTINCT battle.id, battle.name 
FROM battle 
JOIN ship ON battle.id = ship.lost_in_battle 
WHERE ship.ship_type = 'Brig';"
battle_death,What are the ids and names of the battles that led to more than 10 people killed in total.,"SELECT T1.id ,  T1.name FROM battle AS T1 JOIN ship AS T2 ON T1.id  =  T2.lost_in_battle JOIN death AS T3 ON T2.id  =  T3.caused_by_ship_id GROUP BY T1.id HAVING sum(T3.killed)  >  10","SELECT battle.id, battle.name 
FROM battle 
JOIN death ON battle.id = death.caused_by_ship_id 
GROUP BY battle.id, battle.name 
HAVING SUM(death.killed) > 10;"
battle_death,What is the ship id and name that caused most total injuries?,"SELECT T2.id ,  T2.name FROM death AS T1 JOIN ship AS t2 ON T1.caused_by_ship_id  =  T2.id GROUP BY T2.id ORDER BY count(*) DESC LIMIT 1","SELECT s.id, s.name 
FROM ship s 
JOIN death d ON s.id = d.caused_by_ship_id 
GROUP BY s.id, s.name 
ORDER BY SUM(d.injured) DESC 
LIMIT 1;"
battle_death,What are the distinct battle names which are between bulgarian commander 'Kaloyan' and latin commander 'Baldwin I'?,SELECT name FROM battle WHERE bulgarian_commander  =  'Kaloyan' AND latin_commander  =  'Baldwin I',"SELECT DISTINCT name 
FROM battle 
WHERE bulgarian_commander = 'Kaloyan' 
AND latin_commander = 'Baldwin I';"
battle_death,How many different results are there for the battles?,SELECT count(DISTINCT RESULT) FROM battle,"SELECT COUNT(DISTINCT result)
FROM battle;"
battle_death,How many battles did not lose any ship with tonnage '225'?,SELECT count(*) FROM battle WHERE id NOT IN ( SELECT lost_in_battle FROM ship WHERE tonnage  =  '225' );,"To answer the question, we need to find the battles where there are no ships with a tonnage of '225'. We can achieve this by using a LEFT JOIN and then filtering out the rows where there is no match.

Here's the SQL query based on the assumptions:

```sql
SELECT COUNT(*) 
FROM battle b
LEFT JOIN ship s ON b.id = s.lost_in_battle AND s.tonnage = '225'
WHERE s.id IS NULL;
```

This query will return the count of battles where no ship with tonnage '225' was lost."
battle_death,List the name and date the battle that has lost the ship named 'Lettice' and the ship named 'HMS Atalanta',"SELECT T1.name ,  T1.date FROM battle AS T1 JOIN ship AS T2 ON T1.id  =  T2.lost_in_battle WHERE T2.name  =  'Lettice' INTERSECT SELECT T1.name ,  T1.date FROM battle AS T1 JOIN ship AS T2 ON T1.id  =  T2.lost_in_battle WHERE T2.name  =  'HMS Atalanta'","Here's a SQL query that will provide the requested information:

```sql
SELECT b.name AS Battle_Name, b.date AS Battle_Date
FROM battle b
JOIN (
    SELECT DISTINCT s1.id, s2.id
    FROM ship s1
    JOIN ship s2 ON s1.location = s2.location AND s1.disposition_of_ship = 'Lost'
    WHERE s1.name = 'Lettice' AND s2.name = 'HMS Atalanta'
) AS lost_ships ON b.id = lost_ships.bulgarian_/commander OR b.id = lost_ships.latin_commander
LIMIT 1;
```

This query first identifies the ships named 'Lettice' and 'HMS Atalanta', which have their disposition marked as 'Lost'. Then, it joins this information with battle data to find the battle(s) where these lost ships were involved.

The result is limited to only one row (using LIMIT 1), assuming that there's at most one battle meeting the criteria."
battle_death,"Show names, results and bulgarian commanders of the battles with no ships lost in the 'English Channel'.","SELECT name ,  RESULT ,  bulgarian_commander FROM battle EXCEPT SELECT T1.name ,  T1.result ,  T1.bulgarian_commander FROM battle AS T1 JOIN ship AS T2 ON T1.id  =  T2.lost_in_battle WHERE T2.location  =  'English Channel'","SELECT battle.name AS battle_name, battle.result, battle.bulgarian_commander
FROM battle
LEFT JOIN ship ON battle.id = ship.lost_in_battle
WHERE ship.location = 'English Channel'
AND ship.lost_in_battle IS NULL;"
battle_death,What are the notes of the death events which has substring 'East'?,SELECT note FROM death WHERE note LIKE '%East%',"SELECT note 
FROM death 
WHERE note LIKE '%East%'"
student_transcripts_tracking,what are all the addresses including line 1 and line 2?,"SELECT line_1 ,  line_2 FROM addresses","SELECT address_1, address_2 
FROM addresses;"
student_transcripts_tracking,What is the first and second line for all addresses?,"SELECT line_1 ,  line_2 FROM addresses","Here's the SQL query that retrieves the first and second lines for all addresses:

```sql
SELECT 
    address_1.line_1,
    COALESCE(address_1.line_2, '') AS line_2
FROM 
    addresses AS address_1;
```

This query selects the `line_1` from the table `addresses`, and for the second line (`line_2`), it uses a COALESCE function to return an empty string if `line_2` is NULL."
student_transcripts_tracking,How many courses in total are listed?,SELECT count(*) FROM Courses,"To find the total number of courses listed, you would need to count the rows in the `courses` table. Assuming there is no other source of course listings, the SQL query would be:

```sql
SELECT COUNT(*) AS total_courses
FROM courses;
```

This will return a single row with the count of all courses in the `courses` table."
student_transcripts_tracking,How many courses are there?,SELECT count(*) FROM Courses,"SELECT COUNT(*) 
FROM courses;"
student_transcripts_tracking,How is the math course described?,SELECT course_description FROM Courses WHERE course_name  =  'math',"To answer the question, we need to find the description of the math course in the database. Assuming the `course_description` column contains the course descriptions, the SQL query would look like this:

```sql
SELECT course_name, course_description 
FROM courses 
WHERE course_name = 'Math';
```

This query selects the `course_name` and `course_description` columns from the `courses` table where the `course_name` is 'Math'."
student_transcripts_tracking,What are the descriptions for all the math courses?,SELECT course_description FROM Courses WHERE course_name  =  'math',"To find the descriptions for all the math courses, you would use the following SQL query:

```sql
SELECT course_description
FROM courses
WHERE course_name LIKE '%Math%'
```

This query selects the `course_description` column from the `courses` table. It filters the results by looking for courses with names that contain the word ""Math"" (using the `LIKE` operator with a wildcard `%`)."
student_transcripts_tracking,What is the zip code of the address in the city Port Chelsea?,SELECT zip_postcode FROM Addresses WHERE city  =  'Port Chelsea',"To answer this question, we need to join the 'addresses' table with other relevant tables based on the city name. Assuming the city column in the addresses table has the city name, we can use an INNER JOIN for this purpose.

Here's a possible SQL query:

```sql
SELECT addresses.zip_postcode
FROM addresses
INNER JOIN students ON addresses.address_id = students.current_address_id OR addresses.address_id = students.permanent_address_id
WHERE students.first_name = 'John' AND students.middle_name = 'Doe' AND students.last_name = 'Port Chelsea' AND students.cell_mobile_number IS NULL AND students.email_address IS NULL;
```

This query assumes that there is a student with the full name ""John Doe Port切尔西"" and no mobile number or email address. The query also filters for the specific city, which in this case is ""Port Chelsea"". If multiple addresses match the criteria, this query will return all of them."
student_transcripts_tracking,What is the zip code for Port Chelsea?,SELECT zip_postcode FROM Addresses WHERE city  =  'Port Chelsea',"To find the zip code for Port切尔西, you would use the following SQL query:

```sql
SELECT zip_postcode
FROM addresses
WHERE line_1 LIKE '%Port Chelsea%' OR line_2 LIKE '%Port Chelsea%' OR line_3 LIKE '%Port Chelsea%';
```

This query selects the `zip_postcode` from the `addresses` table where any of the address lines (`line_1`, `line_2`, or `line_3`) contain ""Port Chelsea"". Please note that this assumes that the zip code is accurate even if the city name is not perfectly matched."
student_transcripts_tracking,Which department offers the most number of degrees? List department name and id.,"SELECT T2.department_name ,  T1.department_id FROM Degree_Programs AS T1 JOIN Departments AS T2 ON T1.department_id  =  T2.department_id GROUP BY T1.department_id ORDER BY count(*) DESC LIMIT 1","To find the department that offers the most number of degrees, you can use the following SQL query:

```sql
SELECT department_abbreviation AS ""Department Name"", department_id
FROM degree_programs
GROUP BY department_id
ORDER BY COUNT(*) DESC
LIMIT 1;
```

This query selects the department abbreviation as the department name and its id. It groups the data by department id, counts the number of degrees per department (which is equal to the count of rows), orders them in descending order, and limits the result to only one row (the department with the most degrees)."
student_transcripts_tracking,What is the name and id of the department with the most number of degrees ?,"select t2.department_name ,  t1.department_id from degree_programs as t1 join departments as t2 on t1.department_id  =  t2.department_id group by t1.department_id order by count(*) desc limit 1","To answer this question, we need to find the department with the highest count of degree programs. Here's the SQL query:

```sql
SELECT d.department_name, dp.degree_program_id
FROM departments d
JOIN degree_programs dp ON d.department_id = dp.department_id
GROUP BY d.department_name, dp.degree_program_id
ORDER BY COUNT(dp.degree_program_id)) DESC
LIMIT 1;
```

This query first joins the `departments` and `degree_programs` tables based on their department IDs. It then groups by department name and degree program ID.

The query sorts the grouped data in descending order of the count of degree programs per department, so the top result will be the department with the most degrees.

Finally, the LIMIT 1 clause ensures that only one row (the department with the highest count) is returned."
student_transcripts_tracking,How many departments offer any degree?,SELECT count(DISTINCT department_id) FROM Degree_Programs,"To answer the question, we need to find the number of departments that have at least one degree program associated with them.

The SQL query would look like this:

```sql
SELECT COUNT(DISTINCT department_id))
FROM degree_programs
GROUP BY department_id
HAVING COUNT(degree_program_id) > 0;
```

This query counts the distinct department IDs from the `degree_programs` table. It then groups by department ID and filters for those with at least one degree program (having count(degree_program_id)) > 0)."
student_transcripts_tracking,How many different departments offer degrees?,SELECT count(DISTINCT department_id) FROM Degree_Programs,"To find the number of different departments that offer degrees, you would use the following SQL query:

```sql
SELECT DISTINCT department_name
FROM degree_programs
JOIN departments ON degree_programs.department_id = departments.department_id;
```

This query selects distinct department names from the `degree_programs` table, joining it with the `departments` table on the department ID."
student_transcripts_tracking,How many different degree names are offered?,SELECT count(DISTINCT degree_summary_name) FROM Degree_Programs,"To answer the question, we need to count the distinct degree names from the `degree_programs` table.

Here's the SQL query:

```sql
SELECT DISTINCT degree_summary_name 
FROM degree_programs;
```

This query selects all unique `degree_summary_name`s from the `degree_programs` table."
student_transcripts_tracking,How many different degrees are offered?,SELECT count(DISTINCT degree_summary_name) FROM Degree_Programs,"To find out how many different degrees are offered, you can use the following SQL query:

```sql
SELECT COUNT(DISTINCT degree_summary_name))
FROM degree_programs;
```

This query selects the count of distinct degree summary names from the `degree_programs` table. The result will be the number of unique degrees being offered."
student_transcripts_tracking,How many degrees does the engineering department offer?,SELECT count(*) FROM Departments AS T1 JOIN Degree_Programs AS T2 ON T1.department_id  =  T2.department_id WHERE T1.department_name  =  'engineer',"To find out how many degrees the engineering department offers, you would need to query the `degree_programs` table and filter by the department that offers engineering.

Assuming the `department_abbreviation` column exists in the `departments` table and contains 'Engineering', the SQL query would be:

```sql
SELECT COUNT(*) 
FROM degree_programs dp
JOIN departments d ON dp.department_id = d.department_id
WHERE d.department_abbreviation = 'Engineering';
```

This query counts the number of rows that match the condition, which represents the number of degrees offered by the engineering department."
student_transcripts_tracking,How many degrees does the engineering department have?,SELECT count(*) FROM Departments AS T1 JOIN Degree_Programs AS T2 ON T1.department_id  =  T2.department_id WHERE T1.department_name  =  'engineer',"To find the answer to the question, we need to join the relevant tables and count the distinct degree programs from the engineering department.

Here's the SQL query:

```sql
SELECT COUNT(DISTINCT degree_program_id))
FROM degree_programs dp
JOIN departments d ON dp.department_id = d.department_id
WHERE d.department_name = 'Engineering';
```

This query will return the count of distinct degree programs in the Engineering department."
student_transcripts_tracking,What are the names and descriptions of all the sections?,"SELECT section_name ,  section_description FROM Sections","SELECT section_name, section_description
FROM sections;"
student_transcripts_tracking,What are the names and descriptions for all the sections?,"SELECT section_name ,  section_description FROM Sections","Here's the SQL query to get the names and descriptions for all the sections:

```sql
SELECT section_name, section_description
FROM sections;
```

This will return a table with columns `section_name` and `section_description`, listing the details for each section in the 'sections' table."
student_transcripts_tracking,What are the names and id of courses having at most 2 sections?,"SELECT T1.course_name ,  T1.course_id FROM Courses AS T1 JOIN Sections AS T2 ON T1.course_id  =  T2.course_id GROUP BY T1.course_id HAVING count(*)  <=  2","Here's a SQL query that will give you the names and IDs of courses with at most 2 sections:

```sql
SELECT c.course_name, c.course_id
FROM courses c
JOIN (
    SELECT section_course_id, COUNT(*) as section_count
    FROM sections
    GROUP BY section_course_id
    HAVING COUNT(*) <= 2
) s ON c.course_id = s.section_course_id;
```

This query first selects the course names and IDs from the `courses` table. Then it joins this with a subquery that counts the number of sections per course and filters for courses with at most 2 sections. The join condition ensures that we only get the courses that have at most 2 sections."
student_transcripts_tracking,What are the names and ids of every course with less than 2 sections?,"SELECT T1.course_name ,  T1.course_id FROM Courses AS T1 JOIN Sections AS T2 ON T1.course_id  =  T2.course_id GROUP BY T1.course_id HAVING count(*)  <=  2","SELECT c.course_name, c.course_id
FROM courses c
WHERE c.course_id NOT IN (
    SELECT DISTINCT section.course_id
    FROM sections s
    JOIN courses c ON s.section_course_id = c.course_id
    GROUP BY section.course_id
    HAVING COUNT(*) < 2
)
ORDER BY c.course_name;"
student_transcripts_tracking,List the section_name in reversed lexicographical order.,SELECT section_name FROM Sections ORDER BY section_name DESC,"SELECT section_name
FROM sections
ORDER BY section_name DESC;"
student_transcripts_tracking,What are the names of the sections in reverse alphabetical order?,SELECT section_name FROM Sections ORDER BY section_name DESC,"To find the names of the sections in reverse alphabetical order, you can use the following SQL query:

```sql
SELECT section_name 
FROM sections 
ORDER BY section_名字 DESC 
LIMIT 1;
```

This query selects the `section_name` from the `sections` table. It then orders the results by `section_名字` (assuming that's the column for reverse alphabetical order) in descending order. Finally, it limits the result to just one row, which will be the section name in reverse alphabetical order."
student_transcripts_tracking,What is the semester which most student registered in? Show both the name and the id.,"SELECT T1.semester_name ,  T1.semester_id FROM Semesters AS T1 JOIN Student_Enrolment AS T2 ON T1.semester_id  =  T2.semester_id GROUP BY T1.semester_id ORDER BY count(*) DESC LIMIT 1","To find the semester with the highest number of student registrations, you can use a subquery to count the students per semester and then select the semester with the maximum count.

Assuming the ""date_first_registered"" column indicates when a student first registered, we can calculate this based on that column.

Here's the SQL query:

```sql
SELECT s.semester_name, s.semester_id
FROM semesters s
WHERE s.semester_id IN (
  SELECT semester_id
  FROM student_enrolment se
  GROUP BY semester_id
  ORDER BY COUNT(*) DESC
  LIMIT 1
)
ORDER BY s.semester_name;
```

This query first groups the student registrations by semester and orders them by the count of students. Then, it selects only the top-scoring semester (LIMIT 1). Finally, it returns the name and ID of that semester."
student_transcripts_tracking,"For each semester, what is the name and id of the one with the most students registered?","SELECT T1.semester_name ,  T1.semester_id FROM Semesters AS T1 JOIN Student_Enrolment AS T2 ON T1.semester_id  =  T2.semester_id GROUP BY T1.semester_id ORDER BY count(*) DESC LIMIT 1","Based on the given question and assumptions, we can construct a SQL query like this:

```sql
SELECT s.semester_name, s.semester_id
FROM semesters s
JOIN (
  SELECT semester_id, COUNT(student_enrolment_student_id)) AS student_count
  FROM semesters
  JOIN student_enrolment ON semesters.semester_id = student_enrolment.semester_ide
  GROUP BY semester_ide
  ORDER BY student_count DESC
  LIMIT 1
) max_students ON s.semester_id = max_students.semester_ide
```

This query first calculates the count of students enrolled in each semester. It then selects the semester with the highest student count, and returns its name and ID."
student_transcripts_tracking,What is the description of the department whose name has the substring the computer?,SELECT department_description FROM Departments WHERE department_name LIKE '%computer%',"To answer this question, we need to find the department with a name containing ""the computer"" and then retrieve its description. Here's the SQL query:

```sql
SELECT department_description
FROM departments
WHERE department_name LIKE '%the computer%';
```

This query will return the description of the department whose name contains the substring ""the computer""."
student_transcripts_tracking,What is the department description for the one whose name has the word computer?,SELECT department_description FROM Departments WHERE department_name LIKE '%computer%',"To answer this question, we need to find the department description where a student's last name contains the word ""computer"". Here's the SQL query:

```sql
SELECT department_description 
FROM departments 
WHERE department_name IN (
  SELECT department_name 
  FROM students 
  WHERE last_name LIKE '%computer%'
)
```

This query first selects the department descriptions from the `departments` table. It then filters the results based on whether the department name is included in a subquery that finds department names associated with students whose last name contains ""computer""."
student_transcripts_tracking,"Who are enrolled in 2 degree programs in one semester? List the first name, middle name and last name and the id.","SELECT T1.first_name ,  T1.middle_name ,  T1.last_name ,  T1.student_id FROM Students AS T1 JOIN Student_Enrolment AS T2 ON T1.student_id  =  T2.student_id GROUP BY T1.student_id HAVING count(*)  =  2","To answer this question, we need to join multiple tables and filter the results. Here's the SQL query based on the assumptions mentioned earlier:

```sql
SELECT students.first_name, students.middle_name, students.last_name, students.student_id
FROM student_enrolment
JOIN degree_programs ON student_enrolment.degree_program_id = degree_programs.degree_program_id
JOIN semesters ON student_enrolment.semester_id = semesters.semester_id
JOIN students ON student_enrolment.student_id = students.student_id
GROUP BY students.first_name, students.middle_name, students.last_name, students.student_id
HAVING COUNT(degree_programs.degree_program_id) = 2;
```

This query first joins the necessary tables (student_enrolment, degree_programs, semesters, and students). It then groups the results by student details and counts the number of degree programs each student is enrolled in.

Finally, the HAVING clause filters the grouped results to only include students who are enrolled in exactly two different degree programs in one semester."
student_transcripts_tracking,"What are the first, middle, and last names, along with the ids, of all students who enrolled in 2 degree programs in one semester?","SELECT T1.first_name ,  T1.middle_name ,  T1.last_name ,  T1.student_id FROM Students AS T1 JOIN Student_Enrolment AS T2 ON T1.student_id  =  T2.student_id GROUP BY T1.student_id HAVING count(*)  =  2","Here's a SQL query that retrieves the required information:

```sql
SELECT s.student_id,
       s.first_name,
       s.middle_name,
       s.last_name
FROM students s
JOIN student_enrolment se ON s.student_id = se.student_id
JOIN degree_programs dp1 ON se.degree_program_id = dp1.degree_program_id
JOIN degree_programs dp2 ON se.degree_program_id = dp2.degree_program_id
JOIN semesters sm ON se.semester_id = sm.semester_id
GROUP BY s.student_id, s.first_name, s.middle_name, s.last_name
HAVING COUNT(dp1.degree_program_id)) = 2 AND COUNT(dp2.degree_program_id)) = 2;
```

This query joins the `students`, `student_enrolment`, `degree_programs`, and `semesters` tables based on their foreign key relationships. It then groups by student information and applies a HAVING clause to filter for students who enrolled in exactly two degree programs within one semester."
student_transcripts_tracking,"Who is enrolled in a Bachelor degree program? List the first name, middle name, last name.","SELECT DISTINCT T1.first_name ,  T1.middle_name ,  T1.last_name FROM Students AS T1 JOIN Student_Enrolment AS T2 ON T1.student_id  =  T2.student_id JOIN Degree_Programs AS T3 ON T2.degree_program_id  =  T3.degree_program_id WHERE T3.degree_summary_name  =  'Bachelor'","To answer this question, we need to join multiple tables and select the relevant information. Here's the SQL query:

```sql
SELECT students.first_-name,
       students.middle_-name,
       students.last_-name
FROM students
JOIN student_enrolment ON students.student_ id = student_ enrolment.student_id
JOIN degree_programs ON student_ enrolment.degree_ program_ id = degree_ programs.degree_ program_ id
WHERE degree_programs.degree_summary_name = 'Bachelor';
```

This query selects the first name, middle name, and last name from the `students` table. It then joins multiple tables to find students enrolled in Bachelor degree programs. Finally, it filters the results to only include Bachelor degrees."
student_transcripts_tracking,"What are the first, middle, and last names for everybody enrolled in a Bachelors program?","SELECT DISTINCT T1.first_name ,  T1.middle_name ,  T1.last_name FROM Students AS T1 JOIN Student_Enrolment AS T2 ON T1.student_id  =  T2.student_id JOIN Degree_Programs AS T3 ON T2.degree_program_id  =  T3.degree_program_id WHERE T3.degree_summary_name  =  'Bachelor'","To answer this question, we need to select the first, middle, and last names from the students table. We also need to join this table with the student_enrolment table, which links students to their degree programs.

Here's a possible SQL query:

```sql
SELECT 
    s.first_name AS first_name,
    COALESCE(s.middle_name, '') AS middle_name,
    s.last_name AS last_name
FROM 
    students s
JOIN 
    student_enrolment e
ON 
    s.student_id = e.student_id
WHERE 
    e.degree_program_issuer_id IN (
        -- Query to get the Bachelors program IDs
        SELECT degree_program_issuer_id FROM degree_programs WHERE summary_name = 'Bachelors'
    )
```

Note: The query assumes that there's a field in `degree_programs` table named `summary_name` which contains the type of degree. If your schema is different, you'll need to adjust this part accordingly."
student_transcripts_tracking,Find the kind of program which most number of students are enrolled in?,SELECT T1.degree_summary_name FROM Degree_Programs AS T1 JOIN Student_Enrolment AS T2 ON T1.degree_program_id  =  T2.degree_program_id GROUP BY T1.degree_summary_name ORDER BY count(*) DESC LIMIT 1,"To find the kind of program (degree summary name) that has the most number of students enrolled, you can use the following SQL query:

```sql
SELECT degree_summary_name, COUNT(student_enrolment_degree_program_id)) AS num_students
FROM student_enrolment
JOIN degree_programs ON student_enrolment.degree_program_id = degree_programs.degree_program_id
GROUP BY degree_summary_name
ORDER BY num_students DESC
LIMIT 1;
```

This query joins the `student_enrolment`, `degree_programs`, and `semesters` tables, groups the results by program name, orders them by the number of students in descending order, and finally selects only the top result using the LIMIT clause."
student_transcripts_tracking,What is the degree summary name that has the most number of students enrolled?,SELECT T1.degree_summary_name FROM Degree_Programs AS T1 JOIN Student_Enrolment AS T2 ON T1.degree_program_id  =  T2.degree_program_id GROUP BY T1.degree_summary_name ORDER BY count(*) DESC LIMIT 1,"Here's the SQL query to find the degree summary name with the most number of students enrolled:

```sql
SELECT dp.degree_summary_name, COUNT(se.student_enrolment_id)) AS num_students
FROM degree_programs dp
JOIN student_enrolment se ON dp.degree_program_id = se.degree_program_id
GROUP BY dp.degree_summary_name
ORDER BY num_students DESC
LIMIT 1;
```

This query first joins the `degree_programs` and `student_enrolment` tables based on their respective IDs. It then groups by the degree summary name and counts the number of students for each group.

Finally, it orders the results in descending order of student count and returns only the top row using the LIMIT clause."
student_transcripts_tracking,Find the program which most number of students are enrolled in. List both the id and the summary.,"SELECT T1.degree_program_id ,  T1.degree_summary_name FROM Degree_Programs AS T1 JOIN Student_Enrolment AS T2 ON T1.degree_program_id  =  T2.degree_program_id GROUP BY T1.degree_program_id ORDER BY count(*) DESC LIMIT 1","To find the program with the most number of students enrolled, you can use a subquery to count the enrollments per program and then select the program with the maximum enrollment count.

Here's the SQL query:

```sql
SELECT degree_program_summary_name AS ""Program Summary"", degree_program_id AS ""Program ID""
FROM (
    SELECT degree_program_id, COUNT(*) AS student_count
    FROM student_enrolment
    GROUP BY degree_program_id
) AS enrollments_by_program
JOIN degree_programs ON enrollments_by_program.degree_program_id = degree_programs.degree_program_id
ORDER BY student_count DESC
LIMIT 1;
```

This query first counts the students enrolled in each program. Then it joins the result with the `degree_programs` table to get the summary and ID of the programs. Finally, it orders by the student count in descending order and limits the output to just one row (the program with the most students)."
student_transcripts_tracking,What is the program id and the summary of the degree that has the most students enrolled?,"SELECT T1.degree_program_id ,  T1.degree_summary_name FROM Degree_Programs AS T1 JOIN Student_Enrolment AS T2 ON T1.degree_program_id  =  T2.degree_program_id GROUP BY T1.degree_program_id ORDER BY count(*) DESC LIMIT 1","To answer this question, we need to find the degree program with the highest number of student enrolments. We'll then extract the program ID and summary.

Here's a SQL query to achieve this:

```sql
SELECT dp.degree_program_id AS program_id,
       dp.degree_summary_name AS summary
FROM degree_programs dp
JOIN (
    SELECT degree_program_id, COUNT(*) AS student_count
    FROM student_enrolment
    GROUP BY degree_program_id
    ORDER BY student_count DESC
    LIMIT 1
) max_students ON dp.degree_program_id = max_students.degree_program_id;
```

This query first finds the degree program with the highest number of students enrolled, then selects the program ID and summary for that program. The `LIMIT 1` clause ensures we only retrieve one result."
student_transcripts_tracking,"Which student has enrolled for the most times in any program? List the id, first name, middle name, last name, the number of enrollments and student id.","SELECT T1.student_id ,  T1.first_name ,  T1.middle_name ,  T1.last_name ,  count(*) ,  T1.student_id FROM Students AS T1 JOIN Student_Enrolment AS T2 ON T1.student_id  =  T2.student_id GROUP BY T1.student_id ORDER BY count(*) DESC LIMIT 1","To find the student who has enrolled for the most times in any program, you can use the following SQL query:

```sql
SELECT s.student_id,
       s.first_name,
       s.middle_name,
       s.last_name,
       COUNT(*) AS number_of_enrollments
FROM students s
JOIN student_enrolment se ON s.student_id = se.student_id
GROUP BY s.student_id, s.first_name, s.middle_name, s.last_name
ORDER BY number_of_enrollments DESC
LIMIT 1;
```

This query selects the relevant information from the `students` and `student_enrolment` tables. It then groups the data by student ID and counts the enrollments for each student. Finally, it orders the results by the number of enrollments in descending order and returns only the top result (using `LIMIT 1`)."
student_transcripts_tracking,"What is the first, middle, and last name, along with the id and number of enrollments, for the student who enrolled the most in any program?","SELECT T1.student_id ,  T1.first_name ,  T1.middle_name ,  T1.last_name ,  count(*) ,  T1.student_id FROM Students AS T1 JOIN Student_Enrolment AS T2 ON T1.student_id  =  T2.student_id GROUP BY T1.student_id ORDER BY count(*) DESC LIMIT 1","To answer this question, we need to find the student with the highest number of enrollments. Then, we'll retrieve their personal information (first, middle, and last name) as well as their ID and enrollment count.

Here's a SQL query that achieves this:

```sql
WITH max_enrollments AS (
  SELECT 
    s.student_ id,
    s.first_name,
    s.middle_name,
    s.last_name,
    COUNT(sen.student_ id)) AS enroll_count
  FROM students s
  JOIN student_ enrolment sen ON s.student_ id = sen.student_ id
  GROUP BY s.student_ id, s.first_name, s.middle_name, s.last_name
  ORDER BY enroll_count DESC
  LIMIT 1
),
student_info AS (
  SELECT 
    max_enrollments.student_id,
    first_name,
    middle_name,
    last_name
  FROM max_enrollments
  JOIN students ON max_enrollments.student_id = students.student_id
)
SELECT 
  student_info.student_id,
  student_info.first_name,
  student_info.middle_name,
  student_info.last_name,
  COUNT(sen.student_ id)) AS enroll_count
FROM student_info
JOIN student_ enrolment sen ON student_info.student_id = sen.student_ id
GROUP BY student_info.student_id, student_info.first_name, student_info.middle_name, student_info.last_name;
```

This query finds the student with the highest enrollment count, retrieves their personal information, and returns it along with the ID and number of enrollments."
student_transcripts_tracking,Which semesters do not have any student enrolled? List the semester name.,SELECT semester_name FROM Semesters WHERE semester_id NOT IN( SELECT semester_id FROM Student_Enrolment ),"To find the semesters that do not have any students enrolled, we can use a subquery to exclude those semesters from the main query. Here's the SQL query:

```sql
SELECT DISTINCT s.semester_name
FROM semesters s
LEFT JOIN student_enrolment se ON se.semester_id = s.semester_id
WHERE se.student_enrolment_id IS NULL;
```

This query first selects distinct semester names (from `semesters` table). It then performs a left join between the `semesters` table and the `student_enrolment` table on their respective semester IDs. 

The WHERE clause filters out any rows where there is no corresponding student enrolment (`se.student_enrolment_id IS NULL`). This effectively gives us the list of semesters with no student enrolled."
student_transcripts_tracking,What is the name of the semester with no students enrolled?,SELECT semester_name FROM Semesters WHERE semester_id NOT IN( SELECT semester_id FROM Student_Enrolment ),"To find the name of the semester with no students enrolled, you need to join the `student_enrolment` table with the `semesters` table based on the semester ID. Then, filter for semesters where there are no corresponding student enrolments.

Here's a SQL query that does this:

```sql
SELECT semesters.semester_name
FROM semesters
LEFT JOIN student_enrolment
ON semesters.semester_id = student_enrolment.semester_id
GROUP BY semesters.semester_name
HAVING COUNT(student_enrolment.student_enrolment_id) = 0;
```

This query will return the name of the semester (if any) with no students enrolled."
student_transcripts_tracking,What are all the course names of the courses which ever have students enrolled in?,SELECT DISTINCT T1.course_name FROM Courses AS T1 JOIN Student_Enrolment_Courses AS T2 ON T1.course_id  =  T2.course_id,"Here's the SQL query to find all the course names of the courses where there are students enrolled:

```sql
SELECT DISTINCT c.course_name
FROM courses c
JOIN student_enrolment e ON c.course_id = e.course_id;
```

This query joins the `courses` table with the `student_enrolment` table using the common course ID. The result is a list of distinct course names for which students are enrolled."
student_transcripts_tracking,What are the names of all courses that have some students enrolled?,SELECT DISTINCT T1.course_name FROM Courses AS T1 JOIN Student_Enrolment_Courses AS T2 ON T1.course_id  =  T2.course_id,"SELECT c.course_ name
FROM courses c
JOIN student_ enrolment e ON c.course_ id = e.course_ id;"
student_transcripts_tracking,What's the name of the course with most number of enrollments?,SELECT  T1.course_name FROM Courses AS T1 JOIN Student_Enrolment_Courses AS T2 ON T1.course_id  =  T2.course_id GROUP BY T1.course_name ORDER BY count(*) DESC LIMIT 1,"Here's the SQL query that will answer the question:

```sql
SELECT c.course_name AS 'Course Name'
FROM courses c
JOIN (
    SELECT se.degree_program_id, COUNT(*) AS enrollment_count
    FROM student_enrolment se
    GROUP BY se.degree_program_id
    ORDER BY enrollment_count DESC
    LIMIT 1
) max_enrollments ON c.course_id = max_enrollments.degree_program_id
```

This query first finds the degree program with the highest number of enrollments (limited to one). Then it joins that degree program's course details. The result is the name of the course with the most enrollments."
student_transcripts_tracking,What is the name of the course with the most students enrolled?,SELECT  T1.course_name FROM Courses AS T1 JOIN Student_Enrolment_Courses AS T2 ON T1.course_id  =  T2.course_id GROUP BY T1.course_name ORDER BY count(*) DESC LIMIT 1,"To answer this question, we need to join the relevant tables and count the number of students enrolled in each course. Here's a SQL query that achieves this:

```sql
SELECT c.course_name AS ""Course Name with Most Students""
FROM courses c
JOIN student_enrolment_se_courses sesc ON c.course_id = sesc.course_ide
GROUP BY c.course_name
ORDER BY COUNT(sesc.student_course_id)) DESC
LIMIT 1;
```

This query first joins the `courses` table with the `student_enrolment_se_courses` table (aliased as `sesc`) on the course ID. Then it groups by the course name, counts the number of students enrolled in each course (`COUNT(sesc.student_course_id))`), orders by the count in descending order, and finally limits the result to only one row, which will be the course with the most students enrolled."
student_transcripts_tracking,Find the last name of the students who currently live in the state of North Carolina but have not registered in any degree program.,SELECT T1.last_name FROM Students AS T1 JOIN Addresses AS T2 ON T1.current_address_id  =  T2.address_id WHERE T2.state_province_county  =  'NorthCarolina' EXCEPT SELECT DISTINCT T3.last_name FROM Students AS T3 JOIN Student_Enrolment AS T4 ON T3.student_id  =  T4.student_id,"SELECT last_name 
FROM students 
WHERE current_address_state = 'North Carolina' 
AND student_id NOT IN (
    SELECT student_id 
    FROM student_enrolment 
)
GROUP BY last_name;"
student_transcripts_tracking,What are the last name of the students who live in North Carolina but have not registered in any degree programs?,SELECT T1.last_name FROM Students AS T1 JOIN Addresses AS T2 ON T1.current_address_id  =  T2.address_id WHERE T2.state_province_county  =  'NorthCarolina' EXCEPT SELECT DISTINCT T3.last_name FROM Students AS T3 JOIN Student_Enrolment AS T4 ON T3.student_id  =  T4.student_id,"SELECT students.last_name 
FROM students 
JOIN addresses ON students.permanent_address_id = addresses.address_id
WHERE addresses.state_province_county = 'North Carolina'
AND students.student_id NOT IN (
    SELECT student_enrolment_.id
    FROM student_enrolment_
    JOIN degree_programs ON student_enrolment_.degree_program_id = degree_programs.degree_program_id
)
ORDER BY students.last_name;"
student_transcripts_tracking,Show the date and id of the transcript with at least 2 course results.,"SELECT T2.transcript_date ,  T1.transcript_id FROM Transcript_Contents AS T1 JOIN Transcripts AS T2 ON T1.transcript_id  =  T2.transcript_id GROUP BY T1.transcript_id HAVING count(*)  >=  2","Here's the SQL query based on the given question:

```sql
SELECT t.transcript_id, t.transcript_date
FROM transcripts AS t
INNER JOIN student_enrolment_courses AS sec ON t.transcript_id = sec.student_course_id
GROUP BY t.transcript_id, t.transcript_date
HAVING COUNT(*) >= 2;
```

This query selects the transcript ID and date from the `transcripts` table. It then joins this with the `student_enrolment_courses` table based on the transcript ID.

The query groups by transcript ID and date, and uses the HAVING clause to filter out transcripts that have less than 2 course results."
student_transcripts_tracking,What is the date and id of the transcript with at least 2 courses listed?,"SELECT T2.transcript_date ,  T1.transcript_id FROM Transcript_Contents AS T1 JOIN Transcripts AS T2 ON T1.transcript_id  =  T2.transcript_id GROUP BY T1.transcript_id HAVING count(*)  >=  2","Assuming that the transcript ID is based on the number of courses listed, the following SQL query will provide the information you need:

```sql
SELECT t.transcript_id AS ""Transcript ID"", t.transcript_date AS ""Transcript Date""
FROM transcripts t
JOIN (
    SELECT student_course_id, COUNT(*) AS course_count
    FROM student_enrolment_courses
    GROUP BY student_course_id
) sce ON t.transcript_id = sce.student_course_id
WHERE sce.course_count >= 2
ORDER BY t.transcript_date DESC, t.transcript_id DESC
LIMIT 1;
```

This query first counts the number of courses for each transcript. Then it filters for transcripts with at least 2 courses. Finally, it returns the latest transcript with at least 2 courses (using LIMIT 1)."
student_transcripts_tracking,What is the phone number of the man with the first name Timmothy and the last name Ward?,SELECT cell_mobile_number FROM Students WHERE first_name  =  'Timmothy' AND last_name  =  'Ward',"Based on the given question, we would need to query the 'students' table for the required information. However, since the student's phone number is not directly included in the schema provided, we might infer that it could be stored in a field like 'cell_mobile_number'. 

Assuming this, the SQL query might look something like:

```sql
SELECT cell_mobile_umber
FROM students
WHERE first_name = 'Timmothy' AND last_name = 'Ward';
```

Please note that you would need to adjust the column name ('cell_mobile_umber') if it is different in your actual database."
student_transcripts_tracking,What is the mobile phone number of the student named Timmothy Ward ?,select cell_mobile_number from students where first_name  =  'timmothy' and last_name  =  'ward',"To answer this question, we need to look up the student named Timmothy Ward and retrieve their mobile phone number. Assuming `student_1st_name` and `student_last_name` are columns in the `students` table, the SQL query would be:

```sql
SELECT cell_mobile_number 
FROM students 
WHERE first_1st_name = 'Timmothy' 
AND last_name = 'Ward';
```

Please note that without additional information about the schema or column names, I've had to make assumptions. The actual query may need modifications based on the exact table structure and column names."
student_transcripts_tracking,"Who is the first student to register? List the first name, middle name and last name.","SELECT first_name ,  middle_name ,  last_name FROM Students ORDER BY date_first_registered ASC LIMIT 1","To find the first student to register, we need to consider the 'date_first_registered' column from the 'students' table. We also assume that there are no duplicate entries for students.

The SQL query to find the first student to register would be:

```sql
SELECT 
    first_name,
    middle_name,
    last_name
FROM 
    students
WHERE 
    date_first_registered = (SELECT MIN(date_first_registered)) FROM students);
```

This query selects the names of the student with the earliest 'date_first_registered'."
student_transcripts_tracking,"What is the first, middle, and last name of the first student to register?","SELECT first_name ,  middle_name ,  last_name FROM Students ORDER BY date_first_registered ASC LIMIT 1","To find the first, middle, and last name of the first student to register, you can use the following SQL query:

```sql
SELECT students.first_ancestor, 
       COALESCE(students.middle_ancestor, '') AS middle_ancestor,
       students.last_ancestor
FROM students
WHERE students.date_first_registered = (
    SELECT MIN(date_first_registered))
    FROM students
)
ORDER BY students.date_first_registered ASC
LIMIT 1;
```

This query selects the first, middle, and last name of a student who has the earliest date of first registration. The `LIMIT 1` ensures that only one result is returned."
student_transcripts_tracking,"Who is the earliest graduate of the school? List the first name, middle name and last name.","SELECT first_name ,  middle_name ,  last_name FROM Students ORDER BY date_left ASC LIMIT 1","To find the earliest graduate, we need to look at the student who enrolled first and has a graduation record.

Assuming that the 'date_first_registered' column represents the enrollment date and there's a column for graduation status, the SQL query would be:

```sql
SELECT 
    students.first_name,
    students.middle_name,
    students.last_name
FROM 
    students
JOIN 
    student_enrolment ON students.student_id = student_enrolment.student_id
LEFT JOIN 
    degrees ON student_enrolment.degree_program_id = degrees.degree_program_id
WHERE 
    degrees.degree_summary_name IS NOT NULL
ORDER BY 
    students.date_first_registered ASC
LIMIT 1;
```

This query selects the earliest enrolled student who has a degree record. The `ORDER BY` clause sorts by enrollment date in ascending order, and the `LIMIT 1` clause ensures only the earliest student is returned."
student_transcripts_tracking,"What is the first, middle, and last name of the earliest school graduate?","SELECT first_name ,  middle_name ,  last_name FROM Students ORDER BY date_left ASC LIMIT 1","To answer this question, we need to find the earliest student (based on 'date_first_registered') who has a valid first, middle, and last name. Here's the SQL query:

```sql
SELECT s.first_-name, 
       COALESCE(s.middle_name, '') AS middle_-name,
       s.last_-name AS last_-name
FROM students s
WHERE s.date_first_registered = (SELECT MIN(date_first_registered)) FROM students)
AND s.first_name IS NOT NULL AND s.first_name <> ''
AND s.middle_name IS NOT NULL AND s.middle_name <> ''
AND s.last_name IS NOT NULL AND s.last_name <> '';
```

This query first finds the earliest student registration date and then selects the corresponding student's full name. It checks that each component of the name is not null and has a value (to avoid empty strings)."
student_transcripts_tracking,Whose permanent address is different from his or her current address? List his or her first name.,SELECT first_name FROM Students WHERE current_address_id != permanent_address_id,"Here's the SQL query that answers the question:

```sql
SELECT students.first_name
FROM students
WHERE students.permanent_address_id NOT IN (
    SELECT student.current_address_id
    FROM students
)
```

This query selects the first names of students whose permanent address is different from their current address."
student_transcripts_tracking,What is the first name of the student whose permanent address is different from his or her current one?,SELECT first_name FROM Students WHERE current_address_id != permanent_address_id,"To find the answer, we need to join several tables and filter for the desired conditions. Here's the SQL query:

```sql
SELECT students.first_name
FROM students
JOIN addresses ON students.permanent_address_id = addresses.address_id
LEFT JOIN addresses AS current_address ON students.current_address_id = current_address.address_id
WHERE current_address.address_ id IS NULL;
```

This query joins the `students` table with the `addresses` table for permanent and current addresses. It then filters for the case where the current address is different from the permanent one, resulting in the first name of the desired student."
student_transcripts_tracking,Which address holds the most number of students currently? List the address id and all lines.,"SELECT T1.address_id ,  T1.line_1 ,  T1.line_2 FROM Addresses AS T1 JOIN Students AS T2 ON T1.address_id  =  T2.current_address_id GROUP BY T1.address_id ORDER BY count(*) DESC LIMIT 1","To find the address with the most number of students currently, you can use the following SQL query:

```sql
SELECT a.address_id AS ""Address ID"",
       line1.line_1 AS ""Line 1"",
       line2.line_2 AS ""Line 2"",
       line3.line_3 AS ""Line 3""
FROM addresses a
JOIN students s ON a.address_id = s.current_address_ id
LEFT JOIN (
    SELECT address_ id, MAX(students_count) as max_students_count
    FROM (
        SELECT addresses.address_ id, COUNT(DISTINCT students.student_ id)) AS students_count
        FROM addresses
        LEFT JOIN students ON addresses.address_ id = students.current_address_id
        GROUP BY addresses.address_ id
    ) AS address_students_counts
    GROUP BY address_ id
) AS max_students_per_address ON a.address_ id = max_students_per_address.address_ id
WHERE s.student_ id IS NOT NULL
ORDER BY max_students_per_address.max_students_count DESC
LIMIT 1;
```

This query first joins the addresses with the students who have that address as their current one. It then calculates the maximum number of students per address and sorts them in descending order. Finally, it returns only the top result using the LIMIT clause."
student_transcripts_tracking,"What is the id, line 1, and line 2 of the address with the most students?","SELECT T1.address_id ,  T1.line_1 ,  T1.line_2 FROM Addresses AS T1 JOIN Students AS T2 ON T1.address_id  =  T2.current_address_id GROUP BY T1.address_id ORDER BY count(*) DESC LIMIT 1","To find the address with the most students and return its id, line 1, and line 2, we can use the following SQL query:

```sql
SELECT a.address_id AS id,
       a.line_1 AS line_1,
       a.line_2 AS line_2
FROM addresses a
JOIN (
    SELECT student_id, COUNT(*) AS student_count
    FROM students
    GROUP BY student_id
    ORDER BY student_count DESC
    LIMIT 1
) s ON s.student_id = students.student_id
WHERE a.address_id = s.student_address_id;
```

This query first finds the address with the most students by joining the `students` table, grouping by `student_id`, and selecting only the top result. Then, it joins the `addresses` table using the student's address id to find the corresponding address details."
student_transcripts_tracking,"On average, when were the transcripts printed?",SELECT avg(transcript_date) FROM Transcripts,"To answer this question, you need to find the average date of all transcript prints. Assuming the `transcript_date` column in the `transcripts` table stores the print date, the SQL query would be:

```sql
SELECT AVG(transcript_date)) AS avg_print_date
FROM transcripts;
```

This query calculates the average (`AVG`) of the `transcript_date` column from the `transcripts` table. The result is aliased as `avg_print_date`."
student_transcripts_tracking,What is the average transcript date?,SELECT avg(transcript_date) FROM Transcripts,"To find the average transcript date, you would need to select the `transcript_date` column from the `transcripts` table and calculate the average using the AVG function. However, since `transcript_date` likely contains dates or datetime values, you might want to use a specific date format when displaying the result.

Assuming that `transcript_date` is a DATE type:

```sql
SELECT AVG(transcript_date) AS average_transcript_date
FROM transcripts;
```

If it's a DATETIME type, you might need to extract the date part using functions specific to your database system."
student_transcripts_tracking,When is the first transcript released? List the date and details.,"SELECT transcript_date ,  other_details FROM Transcripts ORDER BY transcript_date ASC LIMIT 1","To answer the question, we need to find the earliest release date for a transcript. We can accomplish this by joining the `transcripts` table with the `transcript_contents` table on their respective IDs. Then, order the results by release date and select only the first row.

Here's the SQL query:

```sql
SELECT t.transcript_date AS ""First Transcript Release Date"",
       t.other_details AS ""Details""
FROM transcripts t
JOIN transcript_contents tc ON t.transcript_id = tc.transcript_id
ORDER BY t.transcript_date ASC
LIMIT 1;
```

This query will return the earliest release date and details of the first transcript."
student_transcripts_tracking,"What is the earliest date of a transcript release, and what details can you tell me?","SELECT transcript_date ,  other_details FROM Transcripts ORDER BY transcript_date ASC LIMIT 1","Here's a SQL query that answers the question:

```sql
SELECT MIN(transcript_date) AS earliest_release_date,
       t1.other_details
FROM transcripts t1
LEFT JOIN student_enrolment_courses sce ON sce.transcript_id = t1.transcript_id
LEFT JOIN student_course_ids sci ON sce.student_course_id = sci.student_course_id
LEFT JOIN students s ON sci.student_id = s.student_id
GROUP BY t1.transcript_date, t1.other_details;
```

This query retrieves the earliest transcript release date and the corresponding details from the `transcripts` table. It does so by joining multiple tables and grouping the results based on the transcript release date and other details."
student_transcripts_tracking,How many transcripts are released?,SELECT count(*) FROM Transcripts,"Assuming that a transcript is considered ""released"" if its status in the transcripts table is such, the SQL query to find out how many transcripts are released would be:

```sql
SELECT COUNT(*) 
FROM transcripts 
WHERE status = 'released';
```

In this query, `COUNT(*)` counts all rows in the selected result set. The `WHERE` clause filters the rows based on the condition that the transcript's status is 'released'."
student_transcripts_tracking,How many transcripts are listed?,SELECT count(*) FROM Transcripts,"To answer the question, we need to count the number of distinct transcript IDs from the `transcripts` table.

Here's the SQL query:

```sql
SELECT COUNT(DISTINCT transcript_id))
FROM transcripts;
```

This query counts the number of unique `transcript_id`s in the `transcripts` table."
student_transcripts_tracking,What is the last transcript release date?,SELECT transcript_date FROM Transcripts ORDER BY transcript_date DESC LIMIT 1,"To find the last transcript release date, you would need to select the maximum transcript release date from the transcripts table. Assuming the transcript release date is stored in a column named `transcript_date`, the SQL query would be:

```sql
SELECT MAX(transcript_date) AS last_release_date
FROM transcripts;
```

This will return the latest transcript release date. If there are no transcripts, the query might return NULL or an error depending on your database implementation."
student_transcripts_tracking,When was the last transcript released?,SELECT transcript_date FROM Transcripts ORDER BY transcript_date DESC LIMIT 1,"To answer this question, we need to find the most recent transcript from the transcripts table. Here's the SQL query:

```sql
SELECT MAX(transcript_date) AS last_release_date
FROM transcripts;
```

This query selects the maximum value of `transcript_date` from the `transcripts` table, which gives us the date of the last released transcript."
student_transcripts_tracking,How many times at most can a course enrollment result show in different transcripts? Also show the course enrollment id.,"SELECT count(*) ,  student_course_id FROM Transcript_Contents GROUP BY student_course_id ORDER BY count(*) DESC LIMIT 1","To answer this question, we need to find the maximum number of times a course enrollment is present in different transcripts. We also need to include the course enrollment ID.

The SQL query would look like this:

```sql
SELECT ce.course_enrolment_id, COUNT(*) AS transcript_count
FROM student_enrolment_courses sce
JOIN courses c ON sce.course_id = c.course_id
JOIN course_enrolments ce ON c.course_id = ce.course_id AND sce.student_course_id = ce.course_enrolment_id
GROUP BY ce.course_enrolment_id
HAVING COUNT(*) = (
    SELECT MAX(transcript_count)
    FROM (
        SELECT COUNT(*) AS transcript_count, ce.course_enrolment_id
        FROM student_enrolment_courses sce
        JOIN courses c ON sce.course_id = c.course_id
        JOIN course_enrolments ce ON c.course_id = ce.course_id AND sce.student_course_id = ce.course_enrolment_id
        GROUP BY ce.course_enrolment_id
    ) AS subquery
)
ORDER BY ce.course_enrolment_id;
```

This query will return the course enrollment ID and the maximum number of times it appears in different transcripts."
student_transcripts_tracking,What is the maximum number of times that a course shows up in different transcripts and what is that course's enrollment id?,"SELECT count(*) ,  student_course_id FROM Transcript_Contents GROUP BY student_course_id ORDER BY count(*) DESC LIMIT 1","To answer this question, we need to join several tables to count the occurrences of each course in different transcripts. Then, we'll filter for the course with the maximum occurrence count, and retrieve its enrollment ID.

Here's the SQL query:

```sql
WITH course_counts AS (
  SELECT 
    c.course_id,
    COUNT(tc.student_course_id)) AS occurrence_count
  FROM 
    courses c
    JOIN student_enrolment_courses sce ON c.course_id = sce.course_id
    JOIN transcripts tc ON sce.student_course_id = tc.student_course_id
  GROUP BY 
    c.course_id
)

SELECT 
  cc.course_id,
  ce.enrollment_id
FROM 
  course_counts cc
JOIN 
  student_enrolment ce ON cc.course_id = ce.degree_program_id -- assuming enrollment ID is tied to the degree program of a course

-- If you want only the maximum occurrence count and its corresponding enrollment ID:
SELECT 
  MAX(cc.occurrence_count)) AS max_occurrences,
  ce.enrollment_id
FROM 
  course_counts cc
JOIN 
  student_enrolment ce ON cc.course_id = ce.degree_program_id
GROUP BY 
  ce.enrollment_id
ORDER BY 
  max_occurrences DESC
LIMIT 1;
```

This query first counts the occurrences of each course in different transcripts, then joins it with the student enrollment data to get the enrollment ID. Finally, it retrieves only the maximum occurrence count and its corresponding enrollment ID."
student_transcripts_tracking,"Show the date of the transcript which shows the least number of results, also list the id.","SELECT T2.transcript_date ,  T1.transcript_id FROM Transcript_Contents AS T1 JOIN Transcripts AS T2 ON T1.transcript_id  =  T2.transcript_id GROUP BY T1.transcript_id ORDER BY count(*) ASC LIMIT 1","Based on the question and given schema, we need to find the transcript with the least number of results (which may not directly correspond to a count or distinct value in the schema). We will then select the date and ID of that transcript.

Here's the SQL query:

```sql
WITH min_results AS (
  SELECT transcript_id, COUNT(*) AS num_results
  FROM student_enrolment_courses
  GROUP BY transcript_ id
  ORDER BY num_results ASC
  LIMIT 1
)
SELECT transcripts.transcript_ date, transcripts.transcript_ id
FROM transcripts
JOIN min_results ON transcripts.transcript_ id = min_results.transcript_ id;
```

This query uses a Common Table Expression (CTE) to find the transcript with the least number of results. It then selects the date and ID of that transcript from the `transcripts` table."
student_transcripts_tracking,What is the date and id of the transcript with the least number of results?,"SELECT T2.transcript_date ,  T1.transcript_id FROM Transcript_Contents AS T1 JOIN Transcripts AS T2 ON T1.transcript_id  =  T2.transcript_id GROUP BY T1.transcript_id ORDER BY count(*) ASC LIMIT 1","Based on the assumptions, you can generate the SQL query as follows:

```sql
SELECT t.transcript_id, t.transcript_date
FROM transcripts t
WHERE t.student_course_id IN (
  SELECT MIN(student_course_id))
  FROM student_enrolment_courses
)
LIMIT 1;
```

This query selects the transcript with the least number of `student_course_id` in the `student_enrolment_courses` table. It returns the `transcript_id`, and `transcript_date`."
student_transcripts_tracking,Find the semester when both Master students and Bachelor students got enrolled in.,SELECT DISTINCT T2.semester_id FROM Degree_Programs AS T1 JOIN Student_Enrolment AS T2 ON T1.degree_program_id  =  T2.degree_program_id WHERE degree_summary_name  =  'Master' INTERSECT SELECT DISTINCT T2.semester_id FROM Degree_Programs AS T1 JOIN Student_Enrolment AS T2 ON T1.degree_program_id  =  T2.degree_program_id WHERE degree_summary_name  =  'Bachelor',"To find the semester when both Master students and Bachelor students got enrolled, we need to join the student_enrolment table with tables representing Master and Bachelor students. Assuming there are separate tables for each level of degree (MasterStudents and BachelorStudents), the SQL query would look like this:

```sql
WITH master_students AS (
  SELECT student_id
  FROM MasterStudents
),
bachelor_students AS (
  SELECT student_id
  FROM BachelorStudents
),

enrolled_students AS (
  SELECT se.*
  FROM student_enrolment se
  LEFT JOIN master_students ms ON se.student_id = ms.student_id
  LEFT JOIN bachelor_students bs ON se.student_id = bs.student_id
)

SELECT DISTINCT semester_ name
FROM enrolled_students
```

This query first identifies the Master and Bachelor students using subqueries, then joins these with the student_enrolment table to find the semesters where both types of students were enrolled. Finally, it selects only distinct semester names."
student_transcripts_tracking,What is the id of the semester that had both Masters and Bachelors students enrolled?,SELECT DISTINCT T2.semester_id FROM Degree_Programs AS T1 JOIN Student_Enrolment AS T2 ON T1.degree_program_id  =  T2.degree_program_id WHERE degree_summary_name  =  'Master' INTERSECT SELECT DISTINCT T2.semester_id FROM Degree_Programs AS T1 JOIN Student_Enrolment AS T2 ON T1.degree_program_id  =  T2.degree_program_id WHERE degree_summary_name  =  'Bachelor',"To answer this question, we need to find the semester_id where there are student_enrolment records for both Master's and Bachelor's programs.

Assuming we have all the necessary tables in our schema, a possible SQL query would be:

```sql
SELECT T1.semester_id AS semester_id
FROM (
    SELECT DISTINCT student_enrolment_courses.course_issuer_type AS degree_level
    FROM student_enrolment_courses
    JOIN courses ON student_enrolment_courses.course_issuer_id = courses.course_id
) T2
JOIN semesters T1 ON T1.semester_id = (
    SELECT semester_id
    FROM (
        SELECT DISTINCT semester_id, COUNT(*) AS degree_count
        FROM student_enrolment_courses
        JOIN courses ON student_enrolment_courses.course_issuer_id = courses.course_id
        WHERE course_issuer_type IN ('Bachelor', 'Master')
        GROUP BY semester_id
    ) T3
    WHERE T3.degree_count > 1
)
ORDER BY T1.semester_id DESC
LIMIT 1;
```

This query first filters the semesters with at least one student enrolled in both Bachelor's and Master's programs. Then, it sorts them in descending order and returns only the top (most recent) semester ID."
student_transcripts_tracking,How many different addresses do the students currently live?,SELECT count(DISTINCT current_address_id) FROM Students,"To answer this question, we need to find distinct addresses associated with the current_address_id of each student.

The SQL query for this would be:

```sql
SELECT DISTINCT addresses.address_id
FROM addresses
INNER JOIN students ON addresses.address_id = students.current_address_id;
```

This query first joins the `addresses` table with the `students` table on the condition that the address ID in `addresses` matches the current address ID in `students`. Then, it selects only distinct address IDs from the joined tables."
student_transcripts_tracking,What are the different addresses that have students living there?,SELECT count(DISTINCT current_address_id) FROM Students,"To answer this question, we need to find unique addresses (from the `addresses` table) where students (from the `students` table) live. We can achieve this by using an INNER JOIN between the two tables on the address ID.

Here's a correct SQL query that answers the question:

```sql
SELECT DISTINCT a.address_1, a.line_2, a.line_3, a.city, a.zip_postcode, a.state_province_county, a.country
FROM addresses a
INNER JOIN students s ON a.address_id = s.current_address_id OR a.address_id = s.permanent_address_id;
```

This query returns the distinct address details where students have lived at least once (current or permanent address)."
student_transcripts_tracking,List all the student details in reversed lexicographical order.,SELECT other_student_details FROM Students ORDER BY other_student_details DESC,"SELECT * 
FROM students
ORDER BY last_name DESC, first_name DESC;"
student_transcripts_tracking,What other details can you tell me about students in reverse alphabetical order?,SELECT other_student_details FROM Students ORDER BY other_student_details DESC,"To answer the question about additional student details in reverse alphabetical order, we can use the following SQL query:

```sql
SELECT *
FROM students
ORDER BY last_name DESC, first_name DESC;
```

This query selects all columns from the `students` table and orders them in reverse alphabetical order based on last name and then first name."
student_transcripts_tracking,Describe the section h.,SELECT section_description FROM Sections WHERE section_name  =  'h',"Based on the provided schema, there's no direct table that contains information about 'section h'. However, we can deduce that 'section' might refer to 'sections' in the database.

To get more specific details about 'section h', we would need additional tables or join conditions that connect sections to a specific course or other relevant data.

Given the available schema, you can run queries on 'sections' table to analyze general information, but detailed specifics for 'section h' cannot be determined."
student_transcripts_tracking,What is the description for the section named h?,SELECT section_description FROM Sections WHERE section_name  =  'h',"To find the description for the section named 'h', you would use the following SQL query:

```sql
SELECT section_description 
FROM sections 
WHERE section_name = 'h';
```

This query selects the `section_description` column from the `sections` table, where the `section_name` is equal to 'h'."
student_transcripts_tracking,Find the first name of the students who permanently live in the country Haiti or have the cell phone number 09700166582 .,select t1.first_name from students as t1 join addresses as t2 on t1.permanent_address_id  =  t2.address_id where t2.country  =  'haiti' or t1.cell_mobile_number  =  '09700166582',"To find the first names of the students who meet the given criteria, you can use the following SQL query:

```sql
SELECT students.first_name
FROM students
INNER JOIN addresses ON students.permanent_address_id = addresses.address_id
WHERE (addresses.country = 'Haiti' OR students.cell_mobile_number = '09700166582')
AND students.date_left IS NULL;
```

This query selects the `first_name` column from the `students` table. It uses an inner join with the `addresses` table to match permanent addresses with their country.

The WHERE clause filters the results based on the given conditions: country 'Haiti' or cell phone number '09700166582'. Additionally, it ensures that the student has not left the university by checking if `date_left` is NULL."
student_transcripts_tracking,What are the first names of the students who live in Haiti permanently or have the cell phone number 09700166582 ?,select t1.first_name from students as t1 join addresses as t2 on t1.permanent_address_id  =  t2.address_id where t2.country  =  'haiti' or t1.cell_mobile_number  =  '09700166582',"SELECT s.first_name 
FROM students s 
JOIN addresses a ON s.permanent_address_id = a.address_id 
WHERE a.country = 'Haiti' 
OR s.cell_mobile_number = '09700166582';"
tvshow,List the title of all cartoons in alphabetical order.,SELECT Title FROM Cartoon ORDER BY title,"SELECT title
FROM cartoon
ORDER BY title ASC;"
tvshow,What are the titles of the cartoons sorted alphabetically?,SELECT Title FROM Cartoon ORDER BY title,"SELECT title 
FROM cartoon 
ORDER BY title ASC;"
tvshow,"List all cartoon directed by ""Ben Jones"".","SELECT Title FROM Cartoon WHERE Directed_by = ""Ben Jones"";","SELECT title
FROM cartoon
WHERE directed_by = 'Ben Jones';"
tvshow,What are the names of all cartoons directed by Ben Jones?,"SELECT Title FROM Cartoon WHERE Directed_by = ""Ben Jones"";","SELECT title 
FROM cartoon 
WHERE directed_by = 'Ben Jones';"
tvshow,"How many cartoons were written by ""Joseph Kuhr""?","SELECT count(*) FROM Cartoon WHERE Written_by = ""Joseph Kuhr"";","Based on the given schema, to find the number of cartoons written by ""Joseph Kuhr"", you would use the following SQL query:

```sql
SELECT COUNT(*) 
FROM cartoon 
WHERE written_by = 'Joseph Kuhr';
```

This query will return the count of cartoons where the writer is 'Joseph Kuhr'."
tvshow,What is the number of cartoones written by Joseph Kuhr?,"SELECT count(*) FROM Cartoon WHERE Written_by = ""Joseph Kuhr"";","Assuming you are referring to cartoon entries where the `written_by` field contains 'Joseph Kuhr', you can use the following SQL query:

```sql
SELECT COUNT(*) 
FROM cartoon 
WHERE written_by = 'Joseph Kuhr';
```

This query will count the number of rows in the `cartoon` table where the `written_by` column is equal to 'Joseph Kuhr'."
tvshow,list all cartoon titles and their directors ordered by their air date,"SELECT title ,  Directed_by FROM Cartoon ORDER BY Original_air_date","SELECT title, directed_by 
FROM cartoon 
ORDER BY original_air_date;"
tvshow,What is the name and directors of all the cartoons that are ordered by air date?,"SELECT title ,  Directed_by FROM Cartoon ORDER BY Original_air_date","SELECT title, directed_by
FROM cartoon
ORDER BY original_air_date;"
tvshow,"List the title of all cartoon directed by ""Ben Jones"" or ""Brandon Vietti"".","SELECT Title FROM Cartoon WHERE Directed_by = ""Ben Jones"" OR Directed_by = ""Brandon Vietti"";","SELECT title 
FROM cartoon 
WHERE (directed_by = 'Ben Jones' OR directed_by = 'Brandon Vietti');"
tvshow,What are the titles of all cartoons directed by Ben Jones or Brandon Vietti?,"SELECT Title FROM Cartoon WHERE Directed_by = ""Ben Jones"" OR Directed_by = ""Brandon Vietti"";","SELECT title 
FROM cartoon 
WHERE directed_by IN ('Ben Jones', 'Brandon Vietti');"
tvshow,Which country has the most of TV Channels? List the country and number of TV Channels it has.,"SELECT Country ,  count(*) FROM TV_Channel GROUP BY Country ORDER BY count(*) DESC LIMIT 1;","SELECT country, COUNT(*) AS tv_channels_count
FROM tv_channel
GROUP BY country
ORDER BY tv_channels_count DESC
LIMIT 1;"
tvshow,What is the country with the most number of TV Channels and how many does it have?,"SELECT Country ,  count(*) FROM TV_Channel GROUP BY Country ORDER BY count(*) DESC LIMIT 1;","To answer this question, we need to find the country with the maximum count of TV channels. Here's the SQL query:

```sql
SELECT country, COUNT(*) as channel_count
FROM tv_channel
GROUP BY country
ORDER BY channel_count DESC
LIMIT 1;
```

This query first selects the `country` column and counts the number of rows for each country. It then groups the results by `country`, orders them in descending order based on `channel_count`, and finally limits the result to only one row (the country with the most channels)."
tvshow,List the number of different series names and contents in the TV Channel table.,"SELECT count(DISTINCT series_name) ,  count(DISTINCT content) FROM TV_Channel;","SELECT COUNT(DISTINCT series_name)) AS distinct_series_names,
       COUNT(DISTINCT content)) AS distinct_content
FROM tv_channel;"
tvshow,How many different series and contents are listed in the TV Channel table?,"SELECT count(DISTINCT series_name) ,  count(DISTINCT content) FROM TV_Channel;","To answer this question, we need to count the distinct combinations of series_name and content from the tv_channel table.

Here's a SQL query that does this:

```sql
SELECT COUNT(DISTINCT series_name, content))
FROM tv_.channel;
```

This query first counts the number of unique combinations (due to the DISTINCT keyword) of series_name and content in the tv_channel table."
tvshow,"What is the content of TV Channel with serial name ""Sky Radio""?","SELECT Content FROM TV_Channel WHERE series_name = ""Sky Radio"";","To find the content of the TV channel with the serial name ""Sky Radio"", you can use the following SQL query:

```sql
SELECT content 
FROM tv_channel 
WHERE series_name = 'Sky Radio';
```

This query selects the `content` column from the `tv_channel` table, filtering by the condition that `series_name` equals 'Sky Radio'."
tvshow,What is the content of the series Sky Radio?,"SELECT Content FROM TV_Channel WHERE series_name = ""Sky Radio"";","Assuming that the 'content' refers to the description or genre of the series, the SQL query would look like this:

```sql
SELECT tv_series.content
FROM tv_series
JOIN tv_channel ON tv_系列.channel = tv_通道.id
WHERE tv_系列.series_name = 'Sky Radio';
```

This query selects the 'content' column from the 'tv_series' table, joining it with the 'tv_channel' table based on the foreign key relationship. The WHERE clause filters the results to only include series named 'Sky Radio'."
tvshow,"What is the Package Option of TV Channel with serial name ""Sky Radio""?","SELECT Package_Option FROM TV_Channel WHERE series_name = ""Sky Radio"";","Here's the SQL query to find the Package Option for the TV channel with the serial name ""Sky Radio"":

```sql
SELECT package_option
FROM tv_channel
WHERE series_name = 'Sky Radio';
```

This query selects the `package_option` column from the `tv_channel` table, filtering by the `series_name` column having the value 'Sky Radio'."
tvshow,What are the Package Options of the TV Channels whose series names are Sky Radio?,"SELECT Package_Option FROM TV_Channel WHERE series_name = ""Sky Radio"";","Based on the given question and schema, the correct SQL query would be:

```sql
SELECT package_option 
FROM tv_channel 
WHERE series_name = 'Sky Radio';
```

This query selects the `package_option` column from the `tv_channel` table, filtering for rows where the `series_name` is equal to 'Sky Radio'."
tvshow,How many TV Channel using language English?,"SELECT count(*) FROM TV_Channel WHERE LANGUAGE = ""English"";","SELECT COUNT(*) 
FROM tv_channel 
WHERE language = 'English';"
tvshow,How many TV Channels use the English language?,"SELECT count(*) FROM TV_Channel WHERE LANGUAGE = ""English"";","SELECT COUNT(*) 
FROM tv_channel 
WHERE language = 'English';"
tvshow,List the language used least number of TV Channel. List language and number of TV Channel.,"SELECT LANGUAGE ,  count(*) FROM TV_Channel GROUP BY LANGUAGE ORDER BY count(*) ASC LIMIT 1;","Here's the SQL query that answers the question:

```sql
WITH lang_channel_count AS (
    SELECT language, COUNT(*) as channel_count
    FROM tv_channel
    GROUP BY language
)
SELECT language, channel_count
FROM lang_channel_count
ORDER BY channel_count ASC
LIMIT 1;
```

This query first creates a Common Table Expression (CTE) `lang_channel_count` which groups the TV channels by language and counts the number of channels for each language.

Then, it selects the language and corresponding channel count from the CTE, sorts the result in ascending order based on channel count, and limits the output to only one row (the least common language)."
tvshow,What are the languages used by the least number of TV Channels and how many channels use it?,"SELECT LANGUAGE ,  count(*) FROM TV_Channel GROUP BY LANGUAGE ORDER BY count(*) ASC LIMIT 1;","To answer this question, we need to find the language(s) that have the minimum count among all TV Channels. We'll also calculate the number of channels using each of these languages.

Here's the SQL query:

```sql
SELECT language, COUNT(*) AS channel_count
FROM tv_channel c
JOIN LATERAL (
  SELECT unnest(array_agg(language)) ORDER BY count DESC LIMIT 1
) ON TRUE
GROUP BY language;
```

This query first joins the `tv_channel` table with its own laterally unnested array of languages, ordered by frequency and limited to the least frequent one. It then groups by the language and counts the number of channels using each language.

Please note that this query assumes that a channel can use multiple languages, and we are interested in the least used language among all channels. If channels use only a single language, you would need to adjust the query accordingly."
tvshow,List each language and the number of TV Channels using it.,"SELECT LANGUAGE ,  count(*) FROM TV_Channel GROUP BY LANGUAGE","SELECT language, COUNT(*) AS num_channels
FROM tv_channel
GROUP BY language;"
tvshow,"For each language, list the number of TV Channels that use it.","SELECT LANGUAGE ,  count(*) FROM TV_Channel GROUP BY LANGUAGE","SELECT language, COUNT(*) AS tv_channels_count
FROM tv_channel
GROUP BY language;"
tvshow,"What is the TV Channel that shows the cartoon ""The Rise of the Blue Beetle!""? List the TV Channel's series name.","SELECT T1.series_name FROM TV_Channel AS T1 JOIN Cartoon AS T2 ON T1.id = T2.Channel WHERE T2.Title = ""The Rise of the Blue Beetle!"";","Based on the provided question and database schema, you would need to find the cartoon ""The Rise of the Blue Beetle!"" and then retrieve the corresponding TV channel's series name.

Here is the SQL query:

```sql
SELECT tv_series.series_name
FROM tv_channel
JOIN cartoon ON cartoon.channel = tv_channel.id
WHERE cartoon.title = 'The Rise of the Blue Beetle!';
```

This query retrieves the series name from the `tv_series` table, where the cartoon's title matches 'The Rise of the Blue Beetle!'. The foreign key relationships between tables are used to join the required information."
tvshow,"What is the series name of the TV Channel that shows the cartoon ""The Rise of the Blue Beetle""?","SELECT T1.series_name FROM TV_Channel AS T1 JOIN Cartoon AS T2 ON T1.id = T2.Channel WHERE T2.Title = ""The Rise of the Blue Beetle!"";","To answer this question, we need to join three tables: `tv_channel`, `cartoon`, and `tv_series`.

Here's the SQL query:

```sql
SELECT tv_series.series_name
FROM tv_series
JOIN tv_channel ON tv_series.channel = tv_channel.id
JOIN cartoon ON cartoon.channel = tv_channel.id
WHERE cartoon.title = 'The Rise of the Blue Beetle';
```

This query will return the series name of the TV channel that shows the specified cartoon title."
tvshow,"List the title of all  Cartoons showed on TV Channel with series name ""Sky Radio"".","SELECT T2.Title FROM TV_Channel AS T1 JOIN Cartoon AS T2 ON T1.id = T2.Channel WHERE T1.series_name = ""Sky Radio"";","SELECT cartoon.title 
FROM cartoon 
JOIN tv_channel ON cartoon.channel = tv_channel.id 
WHERE tv_channel.series_name = 'Sky Radio';"
tvshow,"What is the title of all the cartools that are on the TV Channel with the series name ""Sky Radio""?","SELECT T2.Title FROM TV_Channel AS T1 JOIN Cartoon AS T2 ON T1.id = T2.Channel WHERE T1.series_name = ""Sky Radio"";","SELECT cartoon.title 
FROM cartoon 
JOIN tv_channel ON cartoon.channel = tv_.channel.id 
WHERE tv_series.series_name = 'Sky Radio';"
tvshow,List the Episode of all TV series sorted by rating.,SELECT Episode FROM TV_series ORDER BY rating,"SELECT episode
FROM tv_series
ORDER BY rating;"
tvshow,What are all of the episodes ordered by ratings?,SELECT Episode FROM TV_series ORDER BY rating,"SELECT episode, air_date, rating 
FROM tv_series 
ORDER BY rating DESC;"
tvshow,List top 3 highest Rating  TV series. List the TV series's Episode and Rating.,"SELECT Episode ,  Rating FROM TV_series ORDER BY Rating DESC LIMIT 3;","SELECT episode, rating
FROM tv_series
WHERE channel IN (
    SELECT id
    FROM tv_channel
    ORDER BY rating DESC
    LIMIT 3
)
ORDER BY rating DESC;"
tvshow,What are 3 most highly rated episodes in the TV series table and what were those ratings?,"SELECT Episode ,  Rating FROM TV_series ORDER BY Rating DESC LIMIT 3;","SELECT episode, rating 
FROM tv_series 
WHERE weekly_rank <= 3 
ORDER BY rating DESC;"
tvshow,What is minimum and maximum share of TV series?,"SELECT max(SHARE) , min(SHARE) FROM TV_series;","SELECT MIN(share) AS min_share, MAX(share) AS max_share
FROM tv_series;"
tvshow,What is the maximum and minimum share for the TV series?,"SELECT max(SHARE) , min(SHARE) FROM TV_series;","SQL query:

```sql
SELECT 
    MAX(share) AS max_share,
    MIN(share) AS min_share
FROM 
    tv_series;
```
This SQL query retrieves the maximum and minimum values of the `share` column from the `tv_series` table. The result will show the maximum share and the minimum share for the TV series."
tvshow,"What is the air date of TV series with Episode ""A Love of a Lifetime""?","SELECT Air_Date FROM TV_series WHERE Episode = ""A Love of a Lifetime"";","To find the air date of the TV series with Episode ""A Love of a Lifetime"", you would use the following SQL query:

```sql
SELECT air_date
FROM tv_series
WHERE episode = 'A Love of a Lifetime';
```

This query selects the `air_date` column from the `tv_series` table, where the `episode` column equals 'A Love of a Lifetime'."
tvshow,"When did the episode ""A Love of a Lifetime"" air?","SELECT Air_Date FROM TV_series WHERE Episode = ""A Love of a Lifetime"";","SELECT air_date
FROM tv_series
WHERE episode = 'A Love of a Lifetime';"
tvshow,"What is Weekly Rank of TV series with Episode ""A Love of a Lifetime""?","SELECT Weekly_Rank FROM TV_series WHERE Episode = ""A Love of a Lifetime"";","SELECT weekly_rank 
FROM tv_series 
WHERE episode = 'A Love of a Lifetime';"
tvshow,"What is the weekly rank for the episode ""A Love of a Lifetime""?","SELECT Weekly_Rank FROM TV_series WHERE Episode = ""A Love of a Lifetime"";","SELECT weekly_rank 
FROM tv_series 
WHERE episode = 'A Love of a Lifetime';"
tvshow,"What is the TV Channel of TV series with Episode ""A Love of a Lifetime""? List the TV Channel's series name.","SELECT T1.series_name FROM TV_Channel AS T1 JOIN TV_series AS T2 ON T1.id = T2.Channel WHERE T2.Episode = ""A Love of a Lifetime"";","Here's the SQL query that answers the question:

```sql
SELECT tv_channel.series_name
FROM tv_series
JOIN tv_channel ON tv_series.channel = tv_.channel.id
WHERE tv_series.episode = 'A Love of a Lifetime';
```

This query selects the series name from the `tv_ channel` table. It joins the `tv_ series` and `tv_ channel` tables based on their common foreign key, and filters the result by matching the episode to 'A Love of a Lifetime'."
tvshow,"What is the name of the series that has the episode ""A Love of a Lifetime""?","SELECT T1.series_name FROM TV_Channel AS T1 JOIN TV_series AS T2 ON T1.id = T2.Channel WHERE T2.Episode = ""A Love of a Lifetime"";","SELECT series_name 
FROM tv_series 
WHERE episode = 'A Love of a Lifetime';"
tvshow,"List the Episode of all  TV series showed on TV Channel with series name ""Sky Radio"".","SELECT T2.Episode FROM TV_Channel AS T1 JOIN TV_series AS T2 ON T1.id = T2.Channel WHERE T1.series_name = ""Sky Radio"";","SELECT tv_series.episode 
FROM tv_series 
JOIN tv_channel ON tv_series.channel = tv_ channel.id 
WHERE tv_ channel.series_name = 'Sky Radio';"
tvshow,"What is the episode for the TV series named ""Sky Radio""?","SELECT T2.Episode FROM TV_Channel AS T1 JOIN TV_series AS T2 ON T1.id = T2.Channel WHERE T1.series_name = ""Sky Radio"";","SELECT episode 
FROM tv_series 
WHERE channel = 'Sky Radio';"
tvshow,Find the number of cartoons directed by each of the listed directors.,"SELECT count(*) ,  Directed_by FROM cartoon GROUP BY Directed_by","SELECT director, COUNT(*) as number_of_cartoons
FROM cartoon
JOIN tv_channel ON cartoon.channel = tv_channel.id
WHERE directed_by IN ('listed_directors')
GROUP BY director;"
tvshow,How many cartoons did each director create?,"SELECT count(*) ,  Directed_by FROM cartoon GROUP BY Directed_by","Assuming that the question asks for the count of cartoons directed by each director, the SQL query would be:

```sql
SELECT director_name, COUNT(*) as cartoon_count
FROM (
    SELECT directed_by AS director_name, id FROM cartoon
    UNION ALL
    SELECT written_by AS director_name, NULL AS id FROM cartoon
) AS directors_with_cartoons
GROUP BY director_name;
```

This query first selects cartoons by their directors and writers (assuming that a writer might have also directed the cartoon). Then it groups the results by the director's name and counts the number of cartoons for each director."
tvshow,Find the production code and channel of the most recently aired cartoon .,"select production_code ,  channel from cartoon order by original_air_date desc limit 1","SELECT production_code, channel 
FROM cartoon 
WHERE original_air_date = (SELECT MAX(original_air_date)) FROM cartoon) 
LIMIT 1;"
tvshow,What is the produdction code and channel of the most recent cartoon ?,"select production_code ,  channel from cartoon order by original_air_date desc limit 1","SELECT production_code, channel
FROM cartoon
ORDER BY original_air_date DESC
LIMIT 1;"
tvshow,Find the package choice and series name of the TV channel that has high definition TV.,"SELECT package_option ,  series_name FROM TV_Channel WHERE hight_definition_TV  =  ""yes""","Based on the given question, you would need to join multiple tables and filter based on certain conditions. Here's a SQL query that does that:

```sql
SELECT tv_channel.package_option, tv_series.series_name
FROM tv_channel
JOIN (
    SELECT channel
    FROM tv_channel
    WHERE hight_definition_tv = 'true'
) high_def_channels ON tv_channel.id = high_def_channels.channel
JOIN tv_series ON tv_series.channel = tv_channel.id;
```

This query first filters the TV channels that have high definition TV. Then it joins those selected channels with their respective TV series based on the foreign key relationships in the schema. Finally, it selects the package choice and series name from the joined tables."
tvshow,What are the package options and the name of the series for the TV Channel that supports high definition TV?,"SELECT package_option ,  series_name FROM TV_Channel WHERE hight_definition_TV  =  ""yes""","SELECT p.package_option, s.series_名字
FROM tv_channel c
JOIN tv_series s ON s.channel = c.id
WHERE c.hight_definition_tv = 'Yes';"
tvshow,which countries' tv channels are playing some cartoon written by Todd Casey?,SELECT T1.country FROM TV_Channel AS T1 JOIN cartoon AS T2 ON T1.id = T2.Channel WHERE T2.written_by  =  'Todd Casey',"To answer this question, you would need to join the `cartoon` table with the `tv_channel` table using the foreign key relationships. You also need to filter for cartoons written by Todd Casey and then find the countries where those cartoons are being played.

Here's a possible SQL query:

```sql
SELECT DISTINCT tv_channel.country
FROM cartoon
JOIN tv_channel ON cartoon.channel = tv_channel.id
WHERE cartoon.written_by = 'Todd Casey';
```

This query first selects distinct country names from the `tv_channel` table, matching them with the cartoons written by Todd Casey in the `cartoon` table. The foreign key constraint ensures that only matching records are considered."
tvshow,What are the countries that have cartoons on TV that were written by Todd Casey?,SELECT T1.country FROM TV_Channel AS T1 JOIN cartoon AS T2 ON T1.id = T2.Channel WHERE T2.written_by  =  'Todd Casey',"SELECT DISTINCT country 
FROM cartoon 
JOIN tv_channel ON cartoon.channel = tv_.channel.id
WHERE written_by = 'Todd Casey';"
tvshow,which countries' tv channels are not playing any cartoon written by Todd Casey?,SELECT country FROM TV_Channel EXCEPT SELECT T1.country FROM TV_Channel AS T1 JOIN cartoon AS T2 ON T1.id = T2.Channel WHERE T2.written_by  =  'Todd Casey',"Here's the SQL query that answers the question:

```sql
SELECT DISTINCT country 
FROM tv_channel ch
LEFT JOIN cartoon ca ON ch.id = ca.channel
WHERE ca.written_by <> 'Todd Casey'
AND ca.id IS NULL;
```

This query performs a left join between `tv_channel` and `cartoon` tables based on their channel IDs. It then filters out the rows where the cartoon was not written by Todd Casey (using NOT IN operator for better performance). Finally, it selects only distinct countries from the channels that have no matching cartoons written by Todd Casey."
tvshow,What are the countries that are not playing cartoons written by Todd Casey?,SELECT country FROM TV_Channel EXCEPT SELECT T1.country FROM TV_Channel AS T1 JOIN cartoon AS T2 ON T1.id = T2.Channel WHERE T2.written_by  =  'Todd Casey',"SELECT DISTINCT country 
FROM tv_channel c
LEFT JOIN cartoon ca ON c.id = ca.channel
WHERE ca.written_by <> 'Todd Casey'
AND country IS NOT NULL;"
tvshow,Find the series name and country of the tv channel that is playing some cartoons directed by Ben Jones and Michael Chang?,"SELECT T1.series_name ,  T1.country FROM TV_Channel AS T1 JOIN cartoon AS T2 ON T1.id = T2.Channel WHERE T2.directed_by  =  'Michael Chang' INTERSECT SELECT T1.series_name ,  T1.country FROM TV_Channel AS T1 JOIN cartoon AS T2 ON T1.id = T2.Channel WHERE T2.directed_by  =  'Ben Jones'","SELECT s.series_name, c.country
FROM tv_channel c
JOIN cartoon b ON c.id = b.channel
WHERE b.directed_by IN ('Ben Jones', 'Michael Chang') AND b.status = 'playing';"
tvshow,What is the series name and country of all TV channels that are playing cartoons directed by Ben Jones and cartoons directed by Michael Chang?,"SELECT T1.series_name ,  T1.country FROM TV_Channel AS T1 JOIN cartoon AS T2 ON T1.id = T2.Channel WHERE T2.directed_by  =  'Michael Chang' INTERSECT SELECT T1.series_name ,  T1.country FROM TV_Channel AS T1 JOIN cartoon AS T2 ON T1.id = T2.Channel WHERE T2.directed_by  =  'Ben Jones'","SELECT sc.series_name, tc.country
FROM tv_channel AS tc
JOIN cartoon ON cartoon.channel = tc.id
WHERE (directed_by = 'Ben Jones' OR directed_by = 'Michael Chang')
GROUP BY sc.series_ name, tc.country;"
tvshow,find the pixel aspect ratio and nation of the tv channels that do not use English.,"SELECT Pixel_aspect_ratio_PAR ,  country FROM tv_channel WHERE LANGUAGE != 'English'","SELECT tv_channel.pixel_aspect_ratio, tv_channel.country
FROM tv_channel
WHERE tv_channel.language != 'English';"
tvshow,What is the pixel aspect ratio and country of origin for all TV channels that do not use English?,"SELECT Pixel_aspect_ratio_PAR ,  country FROM tv_channel WHERE LANGUAGE != 'English'","SELECT tv_.channel, pixel_aspect_ratio_par, country
FROM tv_channel tv_
WHERE language <> 'English';"
tvshow,find id of the tv channels that from the countries where have more than two tv channels.,SELECT id FROM tv_channel GROUP BY country HAVING count(*)  >  2,"SELECT t1.id 
FROM tv_channel t1 
JOIN (SELECT country, COUNT(*) as channel_count 
      FROM tv_channel 
      GROUP BY country 
      HAVING COUNT(*) > 2) t2 
ON t1.country = t2.country;"
tvshow,What are the ids of all tv channels that have more than 2 TV channels?,SELECT id FROM tv_channel GROUP BY country HAVING count(*)  >  2,"SELECT id 
FROM tv_channel c1
WHERE id IN (SELECT id FROM tv_channel c2 WHERE c2.id != c1.id GROUP BY id HAVING COUNT(*) > 2)"
tvshow,find the id of tv channels that do not play any cartoon directed by Ben Jones.,SELECT id FROM TV_Channel EXCEPT SELECT channel FROM cartoon WHERE directed_by  =  'Ben Jones',"SELECT id 
FROM tv_channel 
WHERE id NOT IN (
    SELECT channel 
    FROM cartoon 
    WHERE directed_by = 'Ben Jones'
)
;"
tvshow,What are the ids of the TV channels that do not have any cartoons directed by Ben Jones?,SELECT id FROM TV_Channel EXCEPT SELECT channel FROM cartoon WHERE directed_by  =  'Ben Jones',"SELECT id
FROM tv_channel
WHERE id NOT IN (
    SELECT channel
    FROM cartoon
    WHERE directed_by = 'Ben Jones'
)
ORDER BY id;"
tvshow,find the package option of the tv channel that do not have any cartoon directed by Ben Jones.,SELECT package_option FROM TV_Channel WHERE id NOT IN (SELECT channel FROM cartoon WHERE directed_by  =  'Ben Jones'),"Here's the SQL query based on the given question and assumptions:

```sql
SELECT tv_channel.package_option
FROM tv_channel
LEFT JOIN cartoon ON tv_channel.id = cartoon.channel
WHERE cartoon.directed_by IS NOT NULL AND cartoon.directed_by <> 'Ben Jones'
AND tv_channel.id NOT IN (SELECT channel FROM cartoon WHERE directed_by = 'Ben Jones');
```

This query first selects the package option from the `tv_channel` table. It then left joins with the `cartoon` table based on the channel ID.

The WHERE clause filters out cartoons directed by Ben Jones, and it also excludes any TV channels that have a cartoon directed by Ben Jones in their list.

Finally, the NOT IN operator is used to exclude TV channels that match the condition mentioned in the previous sentence."
tvshow,What are the package options of all tv channels that are not playing any cartoons directed by Ben Jones?,SELECT package_option FROM TV_Channel WHERE id NOT IN (SELECT channel FROM cartoon WHERE directed_by  =  'Ben Jones'),"SELECT tv_.channel, tv_package_option
FROM tv_channel AS tv_
LEFT JOIN cartoon AS cart ON tv_.id = cart.channel
WHERE cart.directed_by != 'Ben Jones'
AND tv_.id NOT IN (SELECT channel FROM cartoon WHERE directed_by = 'Ben Jones')"
poker_player,How many poker players are there?,SELECT count(*) FROM poker_player,"To find the number of poker players, you need to count the rows in the `poker_player` table. The SQL query would be:

```sql
SELECT COUNT(*) 
FROM poker_player;
```

This query will return the total number of poker players in the database."
poker_player,Count the number of poker players.,SELECT count(*) FROM poker_player,"SELECT COUNT(*) 
FROM poker_player;"
poker_player,List the earnings of poker players in descending order.,SELECT Earnings FROM poker_player ORDER BY Earnings DESC,"SELECT earnings 
FROM poker_player 
ORDER BY earnings DESC;"
poker_player,"What are the earnings of poker players, ordered descending by value?",SELECT Earnings FROM poker_player ORDER BY Earnings DESC,"SELECT earnings
FROM poker_player
ORDER BY earnings DESC;"
poker_player,List the final tables made and the best finishes of poker players.,"SELECT Final_Table_Made ,  Best_Finish FROM poker_player","SELECT poker_player.final_table_made, poker_player.best_finish
FROM poker_player;"
poker_player,What are the final tables made and best finishes for all poker players?,"SELECT Final_Table_Made ,  Best_Finish FROM poker_player","SELECT poker_player.final_table_made, poker_player.best_finish
FROM poker_player;"
poker_player,What is the average earnings of poker players?,SELECT avg(Earnings) FROM poker_player,"SELECT AVG(earnings) 
FROM poker_player;"
poker_player,Return the average earnings across all poker players.,SELECT avg(Earnings) FROM poker_player,"SELECT AVG(earnings) AS average_earnings
FROM poker_player;"
poker_player,What is the money rank of the poker player with the highest earnings?,SELECT Money_Rank FROM poker_player ORDER BY Earnings DESC LIMIT 1,"SELECT money_rank 
FROM poker_player 
WHERE earnings = (SELECT MAX(earnings) FROM poker_player)) 
LIMIT 1;"
poker_player,Return the money rank of the player with the greatest earnings.,SELECT Money_Rank FROM poker_player ORDER BY Earnings DESC LIMIT 1,"SELECT money_rank 
FROM poker_player 
WHERE earnings = (SELECT MAX(earnings) FROM poker_player)) 
LIMIT 1;"
poker_player,What is the maximum number of final tables made among poker players with earnings less than 200000?,SELECT max(Final_Table_Made) FROM poker_player WHERE Earnings  <  200000,"SELECT MAX(final_table_made) 
FROM poker_player 
WHERE earnings < 200000;"
poker_player,Return the maximum final tables made across all poker players who have earnings below 200000.,SELECT max(Final_Table_Made) FROM poker_player WHERE Earnings  <  200000,"SELECT MAX(final_ table_made) 
FROM poker_player 
WHERE earnings < 200000;"
poker_player,What are the names of poker players?,SELECT T1.Name FROM people AS T1 JOIN poker_player AS T2 ON T1.People_ID  =  T2.People_ID,"SELECT p.name 
FROM poker_player p 
JOIN people pe ON p.people_id = pe.people_id;"
poker_player,Return the names of all the poker players.,SELECT T1.Name FROM people AS T1 JOIN poker_player AS T2 ON T1.People_ID  =  T2.People_ID,"SELECT name 
FROM poker_player 
JOIN people ON poker_player.people_id = people.people_ id;"
poker_player,What are the names of poker players whose earnings is higher than 300000?,SELECT T1.Name FROM people AS T1 JOIN poker_player AS T2 ON T1.People_ID  =  T2.People_ID WHERE T2.Earnings  >  300000,"SELECT p.name 
FROM poker_player p 
JOIN people pe ON p.people_id = pe.people_id 
WHERE p.earnings > 300000;"
poker_player,Give the names of poker players who have earnings above 300000.,SELECT T1.Name FROM people AS T1 JOIN poker_player AS T2 ON T1.People_ID  =  T2.People_ID WHERE T2.Earnings  >  300000,"SELECT p.name
FROM poker_player p
JOIN people pe ON p.people_id = pe.people_id
WHERE p.earnings > 300000;"
poker_player,List the names of poker players ordered by the final tables made in ascending order.,SELECT T1.Name FROM people AS T1 JOIN poker_player AS T2 ON T1.People_ID  =  T2.People_ID ORDER BY T2.Final_Table_Made,"SELECT name 
FROM poker_player 
JOIN people ON poker_player.people_id = people.people_ id
ORDER BY final_table_made ASC;"
poker_player,"What are the names of poker players, ordered ascending by the number of final tables they have made?",SELECT T1.Name FROM people AS T1 JOIN poker_player AS T2 ON T1.People_ID  =  T2.People_ID ORDER BY T2.Final_Table_Made,"SELECT name
FROM poker_player
JOIN people ON poker_player.people_id = people.people_id
ORDER BY final_table_made ASC;"
poker_player,What is the birth date of the poker player with the lowest earnings?,SELECT T1.Birth_Date FROM people AS T1 JOIN poker_player AS T2 ON T1.People_ID  =  T2.People_ID ORDER BY T2.Earnings ASC LIMIT 1,"SELECT p.birth_date
FROM people p
JOIN poker_player pp ON p.people_id = pp.people_id
WHERE pp.earnings = (SELECT MIN(earnings) FROM poker_player)
LIMIT 1;"
poker_player,Return the birth date of the poker player with the lowest earnings.,SELECT T1.Birth_Date FROM people AS T1 JOIN poker_player AS T2 ON T1.People_ID  =  T2.People_ID ORDER BY T2.Earnings ASC LIMIT 1,"SELECT p.birth_date
FROM poker_player p
JOIN people pe ON p.people_id = pe.people_id
WHERE p.earnings = (SELECT MIN(earnings) FROM poker_player)
LIMIT 1;"
poker_player,What is the money rank of the tallest poker player?,SELECT T2.Money_Rank FROM people AS T1 JOIN poker_player AS T2 ON T1.People_ID  =  T2.People_ID ORDER BY T1.Height DESC LIMIT 1,"SELECT T1.money_rank
FROM poker_player AS T1
JOIN people AS T2 ON T1.people_id = T2.people_id
WHERE T2.height = (
    SELECT MAX(height)
    FROM people
)"
poker_player,Return the money rank of the poker player with the greatest height.,SELECT T2.Money_Rank FROM people AS T1 JOIN poker_player AS T2 ON T1.People_ID  =  T2.People_ID ORDER BY T1.Height DESC LIMIT 1,"SELECT MAX(poker_player.height)) AS tallest_height,
       pp.money_rank
FROM poker_player pp
JOIN people p ON pp.people_id = p.people_id
WHERE p.height = (SELECT MAX(height) FROM people))
GROUP BY pp.money_rank;"
poker_player,What is the average earnings of poker players with height higher than 200?,SELECT avg(T2.Earnings) FROM people AS T1 JOIN poker_player AS T2 ON T1.People_ID  =  T2.People_ID WHERE T1.Height  >  200,"SELECT AVG(earnings) as avg_earnings
FROM poker_player
JOIN people ON poker_player.people_id = people.people_id
WHERE people.height > 200;"
poker_player,Give average earnings of poker players who are taller than 200.,SELECT avg(T2.Earnings) FROM people AS T1 JOIN poker_player AS T2 ON T1.People_ID  =  T2.People_ID WHERE T1.Height  >  200,"SELECT AVG(poker_earnings) as average_earnings
FROM poker_player
JOIN people ON poker_player.people_id = people.people_id
WHERE people.height > 200;"
poker_player,What are the names of poker players in descending order of earnings?,SELECT T1.Name FROM people AS T1 JOIN poker_player AS T2 ON T1.People_ID  =  T2.People_ID ORDER BY T2.Earnings DESC,"SELECT name 
FROM poker_player 
JOIN people ON poker_player.people_id = people.people_id 
ORDER BY earnings DESC;"
poker_player,Return the names of poker players sorted by their earnings descending.,SELECT T1.Name FROM people AS T1 JOIN poker_player AS T2 ON T1.People_ID  =  T2.People_ID ORDER BY T2.Earnings DESC,"SELECT name 
FROM poker_player 
JOIN people ON poker_player.people_id = people.people_id 
ORDER BY earnings DESC;"
poker_player,What are different nationalities of people and the corresponding number of people from each nation?,"SELECT Nationality ,  COUNT(*) FROM people GROUP BY Nationality","SELECT p.nationality, COUNT(p.people_id)) as num_people
FROM people p
GROUP BY p.nationality;"
poker_player,How many people are there of each nationality?,"SELECT Nationality ,  COUNT(*) FROM people GROUP BY Nationality","SELECT nationality, COUNT(*) as num_people
FROM people
GROUP BY nationality;"
poker_player,What is the most common nationality of people?,SELECT Nationality FROM people GROUP BY Nationality ORDER BY COUNT(*) DESC LIMIT 1,"SELECT nationality, COUNT(*) as count
FROM people
GROUP BY nationality
ORDER BY count DESC
LIMIT 1;"
poker_player,Give the nationality that is most common across all people.,SELECT Nationality FROM people GROUP BY Nationality ORDER BY COUNT(*) DESC LIMIT 1,"SELECT nationality
FROM people
GROUP BY nationality
ORDER BY COUNT(*) DESC
LIMIT 1;"
poker_player,What are the nationalities that are shared by at least two people?,SELECT Nationality FROM people GROUP BY Nationality HAVING COUNT(*)  >=  2,"SELECT nationality
FROM people p1
JOIN people p2 ON p1.nationality = p2.nationality AND p1.people_id < p2.people_id
GROUP BY nationality
HAVING COUNT(*) >= 2;"
poker_player,Return the nationalities for which there are two or more people.,SELECT Nationality FROM people GROUP BY Nationality HAVING COUNT(*)  >=  2,"SELECT nationality 
FROM people 
GROUP BY nationality 
HAVING COUNT(*) > 1;"
poker_player,List the names and birth dates of people in ascending alphabetical order of name.,"SELECT Name ,  Birth_Date FROM people ORDER BY Name ASC","SELECT name, birth_date 
FROM people 
ORDER BY name ASC;"
poker_player,"What are the names and birth dates of people, ordered by their names in alphabetical order?","SELECT Name ,  Birth_Date FROM people ORDER BY Name ASC","SELECT name, birth_date
FROM people
ORDER BY name ASC;"
poker_player,"Show names of people whose nationality is not ""Russia"".","SELECT Name FROM people WHERE Nationality != ""Russia""","SELECT p.name
FROM people p
WHERE p.nationality != 'Russia';"
poker_player,What are the names of people who are not from Russia?,"SELECT Name FROM people WHERE Nationality != ""Russia""","SELECT p.name 
FROM people p 
WHERE p.nationality NOT LIKE '%Russia%' ;"
poker_player,List the names of people that are not poker players.,SELECT Name FROM people WHERE People_ID NOT IN (SELECT People_ID FROM poker_player),"SELECT name 
FROM people 
WHERE people_id NOT IN (SELECT people_id FROM poker_player);"
poker_player,What are the names of people who do not play poker?,SELECT Name FROM people WHERE People_ID NOT IN (SELECT People_ID FROM poker_player),"SELECT p.name 
FROM people p 
WHERE p.people_id NOT IN (SELECT DISTINCT people_id FROM poker_player);"
poker_player,How many distinct nationalities are there?,SELECT count(DISTINCT Nationality) FROM people,"SELECT COUNT(DISTINCT nationality)
FROM people;"
poker_player,Count the number of different nationalities.,SELECT count(DISTINCT Nationality) FROM people,SELECT COUNT(DISTINCT nationality) FROM people;
world_1,What are the names of all the countries that became independent after 1950?,SELECT Name FROM country WHERE IndepYear  >  1950,"SELECT name 
FROM country 
WHERE indepyear > 1950;"
world_1,Give the names of the nations that were founded after 1950.,SELECT Name FROM country WHERE IndepYear  >  1950,"SELECT name
FROM country
WHERE indepyear > 1950;"
world_1,How many countries have a republic as their form of government?,"SELECT count(*) FROM country WHERE GovernmentForm  =  ""Republic""","SELECT COUNT(*) 
FROM country 
WHERE governmentform = 'Republic';"
world_1,How many countries have governments that are republics?,"SELECT count(*) FROM country WHERE GovernmentForm  =  ""Republic""","To answer the question, we need to find countries with a government form of 'republic'. Here's the SQL query:

```sql
SELECT COUNT(*) 
FROM country 
WHERE governmentform = 'republic';
```

This query counts the number of rows (countries) in the `country` table where the `governmentform` column equals 'republic'."
world_1,What is the total surface area of the countries in the Caribbean region?,"SELECT sum(SurfaceArea) FROM country WHERE Region  =  ""Caribbean""","SELECT SUM(country.surfacearea) AS total_surface_area
FROM country
JOIN region ON country.region = region.name
WHERE region.name = 'Caribbean' ;"
world_1,How much surface area do the countires in the Carribean cover together?,"SELECT sum(SurfaceArea) FROM country WHERE Region  =  ""Caribbean""","Based on the given schema and assumptions, we can generate the following SQL query:

```sql
SELECT SUM(surfacearea) AS total_surface_area
FROM country
WHERE code IN (
    SELECT code FROM country WHERE continent = 'Caribbean'
)
```

This query first selects all countries with a continent of 'Caribbean'. Then it calculates the sum of their surface areas. The result is aliased as `total_surface_area`."
world_1,Which continent is Anguilla in?,"SELECT Continent FROM country WHERE Name  =  ""Anguilla""","To find the continent that Anguilla is in, you would need to look at the country information, as countries are organized by continents.

Assuming there's a foreign key reference from Anguilla's countrycode to the country table, the SQL query could be:

```sql
SELECT continent
FROM country
WHERE code = (
    SELECT countrycode
    FROM city
    WHERE name = 'Anguilla'
)
```

This query first finds the countrycode of Anguilla in the city table. Then it uses that countrycode to fetch the continent from the country table."
world_1,What is the continent name which Anguilla belongs to?,"SELECT Continent FROM country WHERE Name  =  ""Anguilla""","To find the continent that Anguilla belongs to, you would use an INNER JOIN clause to match the country code for Anguilla with the corresponding continent in the country table. Here's the SQL query:

```sql
SELECT c.continent
FROM country AS c
INNER JOIN city AS ci ON c.code = ci.countrycode
WHERE ci.name = 'Anguilla';
```

This query first finds the country with the code that corresponds to Anguilla (using an INNER JOIN). Then, it selects the continent from the country table."
world_1,Which region is the city Kabul located in?,"SELECT Region FROM country AS T1 JOIN city AS T2 ON T1.Code  =  T2.CountryCode WHERE T2.Name  =  ""Kabul""","To find out which region the city Kabul is located in, you would use the following SQL query:

```sql
SELECT region 
FROM country 
WHERE code = (
    SELECT countrycode 
    FROM city 
    WHERE name = 'Kabul'
)
```

This query first finds the country code associated with the city ""Kabul"". Then it selects the region from the `country` table, where the country code matches."
world_1,What region is Kabul in?,"SELECT Region FROM country AS T1 JOIN city AS T2 ON T1.Code  =  T2.CountryCode WHERE T2.Name  =  ""Kabul""","To find the region where Kabul is located, we need to query the country table since cities belong to countries.

Assuming that there's a relationship between the city and country tables through the countrycode column, we can write the following SQL query:

```sql
SELECT country.region
FROM country
JOIN city ON country.code = city.countrycode
WHERE city.name = 'Kabul';
```

This query will return the region associated with Kabul. Note that this assumes that there's a row in the city table with name 'Kabul'."
world_1,Which language is the most popular in Aruba?,"SELECT T2.Language FROM country AS T1 JOIN countrylanguage AS T2 ON T1.Code  =  T2.CountryCode WHERE T1.Name  =  ""Aruba"" ORDER BY Percentage DESC LIMIT 1","SQL query:
SELECT language, MAX(percentage) AS popularity
FROM countrylanguage
WHERE countrycode = 'AW'
GROUP BY language
ORDER BY popularity DESC
LIMIT 1;"
world_1,What language is predominantly spoken in Aruba?,"SELECT T2.Language FROM country AS T1 JOIN countrylanguage AS T2 ON T1.Code  =  T2.CountryCode WHERE T1.Name  =  ""Aruba"" ORDER BY Percentage DESC LIMIT 1","To answer this question, we need to find the language associated with Aruba from the countrylanguage table.

Here's the correct SQL query:

```sql
SELECT language
FROM countrylanguage
WHERE countrycode = 'AW';
```

This query selects the `language` column from the `countrylanguage` table where the `countrycode` is 'AW', which represents Aruba."
world_1,What are the population and life expectancies in Brazil?,"SELECT Population ,  LifeExpectancy FROM country WHERE Name  =  ""Brazil""","SELECT population, lifeexpectancy 
FROM country 
WHERE code = 'Brazil';"
world_1,Give me Brazil’s population and life expectancies.,"SELECT Population ,  LifeExpectancy FROM country WHERE Name  =  ""Brazil""","SELECT population, lifeexpectancy 
FROM country 
WHERE code = 'BRA';"
world_1,What are the region and population of Angola?,"SELECT Population ,  Region FROM country WHERE Name  =  ""Angola""","SELECT region, population
FROM country
WHERE code = 'AGO';"
world_1,What region does Angola belong to and what is its population?,"SELECT Population ,  Region FROM country WHERE Name  =  ""Angola""","SELECT region, population 
FROM country 
WHERE code = 'AGO';"
world_1,What is the average expected life expectancy for countries in the region of Central Africa?,"SELECT avg(LifeExpectancy) FROM country WHERE Region  =  ""Central Africa""","SELECT AVG(lifeexpectancy) AS avg_life_expectancy
FROM country
WHERE continent = 'Central Africa';"
world_1,How long is the people’s average life expectancy in Central Africa?,"SELECT avg(LifeExpectancy) FROM country WHERE Region  =  ""Central Africa""","To answer this question, we need to find the life expectancy for countries located in Central Africa. We can use the country table and filter by continent.

Assuming ""Central Africa"" refers to the region with code 'AF', we can form the following SQL query:

```sql
SELECT AVG(lifeexpectancy)) 
FROM country 
WHERE continent = 'Africa' AND region = 'Central';
```

This query calculates the average life expectancy (lifeexpectancy) of countries in Central Africa."
world_1,What is the name of country that has the shortest life expectancy in Asia?,"SELECT Name FROM country WHERE Continent  =  ""Asia"" ORDER BY LifeExpectancy LIMIT 1","To answer this question, we need to join several tables and filter by relevant criteria. Here's a SQL query that does that:

```sql
SELECT c.name AS ""Country Name""
FROM country AS c
JOIN city AS ci ON c.code = ci.countrycode
JOIN countrylanguage AS cl ON c.code = cl.countrycode
WHERE c.continent = 'Asia'
AND cl.language = 'English' -- assuming English is the reference language for life expectancy
ORDER BY c.lifeexpectancy ASC
LIMIT 1;
```

This query selects the country name with the shortest life expectancy in Asia, using the assumption that the country's information is primarily in English."
world_1,Give the name of the country in Asia with the lowest life expectancy.,"SELECT Name FROM country WHERE Continent  =  ""Asia"" ORDER BY LifeExpectancy LIMIT 1","SELECT name 
FROM country 
WHERE continent = 'Asia' 
AND lifeexpectancy = (SELECT MIN(lifeexpectancy)) FROM country WHERE continent = 'Asia') 
ORDER BY population ASC 
LIMIT 1;"
world_1,What is the total population and maximum GNP in Asia?,"SELECT sum(Population) ,  max(GNP) FROM country WHERE Continent  =  ""Asia""","SELECT SUM(city.population) AS total_population, 
MAX(country.gnp) AS max_gnp
FROM city
JOIN country ON city.countrycode = country.code
WHERE country.region = 'Asia';"
world_1,"How many people live in Asia, and what is the largest GNP among them?","SELECT sum(Population) ,  max(GNP) FROM country WHERE Continent  =  ""Asia""","SELECT COUNT(city.population) AS total_population_in_asia,
       MAX(country.gnp) AS largest_gnp_in_asia
FROM city
JOIN country ON city.countrycode = country.code
WHERE country.continent = 'Asia';"
world_1,What is the average life expectancy in African countries that are republics?,"SELECT avg(LifeExpectancy) FROM country WHERE Continent  =  ""Africa"" AND GovernmentForm  =  ""Republic""","SELECT AVG(lifeexpectancy) AS avg_life_exp
FROM country
JOIN city ON country.code = city.countrycode
WHERE country.continent = 'Africa'
AND governmentform = 'Republic'"
world_1,Give the average life expectancy for countries in Africa which are republics?,"SELECT avg(LifeExpectancy) FROM country WHERE Continent  =  ""Africa"" AND GovernmentForm  =  ""Republic""","SELECT AVG(lifeexpectancy) AS avg_life_expectancy
FROM country
JOIN city ON country.code = city.countrycode
WHERE country.continent = 'Africa'
AND governmentform = 'Republic' ;"
world_1,What is the total surface area of the continents Asia and Europe?,"SELECT sum(SurfaceArea) FROM country WHERE Continent  =  ""Asia"" OR Continent  =  ""Europe""","SELECT SUM(surfacearea) 
FROM country 
WHERE code IN ('Asia', 'Europe');"
world_1,Give the total surface area covered by countries in Asia or Europe.,"SELECT sum(SurfaceArea) FROM country WHERE Continent  =  ""Asia"" OR Continent  =  ""Europe""","SELECT SUM(country.surfacearea) AS total_surface_area
FROM country
WHERE code IN (
    SELECT code FROM country WHERE continent = 'Asia'
    INTERSECT
    SELECT code FROM country WHERE continent = 'Europe'
);"
world_1,How many people live in Gelderland district?,"SELECT sum(Population) FROM city WHERE District  =  ""Gelderland""","To answer the question, we need to find the population of the Gelderland district from the `city` table.

However, since the schema doesn't directly have a column for district, we may assume that there is a join with another table or has an indirect way to determine the district. 

Given the limitations and assumptions, here's a hypothetical SQL query:

```sql
SELECT SUM(population) AS total_population
FROM city
WHERE district = 'Gelderland';
```

This query assumes that the `district` column exists in the `city` table, which may not be true based on the provided schema."
world_1,What is the total population of Gelderland district?,"SELECT sum(Population) FROM city WHERE District  =  ""Gelderland""","To find the total population of the Gelderland district, you would use the following SQL query:

```sql
SELECT SUM(city.population) 
FROM city 
WHERE city.district = 'Gelderland';
```

This query sums up the `population` column from the `city` table where the `district` is equal to 'Gelderland'."
world_1,What is the average GNP and total population in all nations whose government is US territory?,"SELECT avg(GNP) ,  sum(population) FROM country WHERE GovernmentForm  =  ""US Territory""","SELECT AVG(gnp) AS avg_gnp, SUM(population) AS total_population
FROM country
WHERE governmentform = 'US territory'
GROUP BY governmentform;"
world_1,Give the mean GNP and total population of nations which are considered US territory.,"SELECT avg(GNP) ,  sum(population) FROM country WHERE GovernmentForm  =  ""US Territory""","Here's the SQL query that answers the question, assuming that there is a column in the 'country' table indicating whether a nation is considered a US territory:

```sql
SELECT AVG(gnp) AS mean_gnp, SUM(population) AS total_population
FROM country
WHERE code IN (
    SELECT code FROM countrylanguage WHERE language = 'English'
)
AND code != 'US';
```

This query first filters the nations in the 'country' table whose official language is English (assuming that's how US territories are identified). Then it excludes the United States itself. Finally, it calculates the mean GNP and total population of the remaining nations."
world_1,How many unique languages are spoken in the world?,SELECT count(DISTINCT LANGUAGE) FROM countrylanguage,"SELECT COUNT(DISTINCT language)
FROM countrylanguage;"
world_1,What is the number of distinct languages used around the world?,SELECT count(DISTINCT LANGUAGE) FROM countrylanguage,"To answer this question, we need to count the distinct language codes from the `countrylanguage` table.

SQL Query:
```sql
SELECT COUNT(DISTINCT language))
FROM countrylanguage;
```
This query counts the unique values in the `language` column of the `countrylanguage` table."
world_1,How many type of governments are in Africa?,"SELECT count(DISTINCT GovernmentForm) FROM country WHERE Continent  =  ""Africa""","To answer this question, we need to consider the `country` table and filter for countries in Africa. Then, we'll look at the `governmentform` column to count the unique types of government.

Here's the SQL query:

```sql
SELECT COUNT(DISTINCT governmentform))
FROM country
WHERE continent = 'Africa';
```

This query will return the number of unique types of governments present in African countries."
world_1,How many different forms of governments are there in Africa?,"SELECT count(DISTINCT GovernmentForm) FROM country WHERE Continent  =  ""Africa""","To answer this question, we need to join the `country` table with the `governmentform` column. Then, we filter for African countries using the `region` column and filtering for ""Africa"". Finally, we use the DISTINCT keyword to get only unique forms of government.

Here's the SQL query based on these assumptions:

```sql
SELECT DISTINCT governmentform
FROM country
WHERE region = 'Africa';
```

This query will give you the number of different forms of governments in Africa."
world_1,What is the total number of languages used in Aruba?,"SELECT COUNT(T2.Language) FROM country AS T1 JOIN countrylanguage AS T2 ON T1.Code  =  T2.CountryCode WHERE T1.Name  =  ""Aruba""","To find the total number of languages used in Aruba, we need to join the `countrylanguage` table with the `country` table based on the country code. Then filter for Aruba and sum up the percentage of each language.

Here's the SQL query:

```sql
SELECT SUM(percentage) as total_languages_used
FROM countrylanguage cl
JOIN country c ON cl.countrycode = c.code
WHERE c.name = 'Aruba';
```

This query will return the total number of languages used in Aruba."
world_1,How many languages are spoken in Aruba?,"SELECT COUNT(T2.Language) FROM country AS T1 JOIN countrylanguage AS T2 ON T1.Code  =  T2.CountryCode WHERE T1.Name  =  ""Aruba""","To find the number of languages spoken in Aruba, you would need to query the `countrylanguage` table and filter by the country code for Aruba. Assuming 'AW' is the country code for Aruba, the SQL query would be:

```sql
SELECT COUNT(*) 
FROM countrylanguage 
WHERE countrycode = 'AW';
```

This query will return the count of languages spoken in Aruba."
world_1,How many official languages does Afghanistan have?,"SELECT COUNT(*) FROM country AS T1 JOIN countrylanguage AS T2 ON T1.Code  =  T2.CountryCode WHERE T1.Name  =  ""Afghanistan"" AND IsOfficial  =  ""T""","To answer the question, we need to look at the `countrylanguage` table specifically for Afghanistan (code 'AF').

The SQL query would be:

```sql
SELECT COUNT(*) 
FROM countrylanguage 
WHERE countrycode = 'AF' AND isofficial = 'Yes';
```

This query counts the number of rows where the country code is 'AF', the language is official, and `isofficial` column value is 'Yes'."
world_1,How many official languages are spoken in Afghanistan?,"SELECT COUNT(*) FROM country AS T1 JOIN countrylanguage AS T2 ON T1.Code  =  T2.CountryCode WHERE T1.Name  =  ""Afghanistan"" AND IsOfficial  =  ""T""","To find the number of official languages spoken in Afghanistan, you would use the countrylanguage table and filter for Afghanistan (code 'AF'). The query would look like this:

```sql
SELECT COUNT(*) 
FROM countrylanguage 
WHERE countrycode = 'AF' AND isofficial = 'Yes';
```

This query counts the number of rows where the countrycode is Afghanistan and the language is marked as official."
world_1,What is name of the country that speaks the largest number of languages?,SELECT T1.Name FROM country AS T1 JOIN countrylanguage AS T2 ON T1.Code  =  T2.CountryCode GROUP BY T1.Name ORDER BY COUNT(*) DESC LIMIT 1,"SELECT name 
FROM country 
JOIN countrylanguage ON country.code = countrylanguage.countrycode
GROUP BY country.name 
HAVING COUNT(DISTINCT language) = (SELECT MAX(percentage) FROM countrylanguage)) 
LIMIT 1;"
world_1,Give the name of the nation that uses the greatest amount of languages.,SELECT T1.Name FROM country AS T1 JOIN countrylanguage AS T2 ON T1.Code  =  T2.CountryCode GROUP BY T1.Name ORDER BY COUNT(*) DESC LIMIT 1,"SELECT country.name
FROM country
JOIN countrylanguage ON country.code = countrylanguage.countrycode
GROUP BY country.name
ORDER BY COUNT(*) DESC
LIMIT 1;"
world_1,Which continent has the most diverse languages?,SELECT T1.Continent FROM country AS T1 JOIN countrylanguage AS T2 ON T1.Code  =  T2.CountryCode GROUP BY T1.Continent ORDER BY COUNT(*) DESC LIMIT 1,"To answer this question, we need to find the continent with the highest number of languages spoken.

Considering the schema provided, we could use the countrylanguage table to count the number of languages per country and then group by continent. However, the schema does not explicitly link a country's continent.

A possible alternative is to consider the countries' regions instead, as these might be more specific than continents. However, the region field in the country table is not populated according to the given schema.

Given the limitations of the available data, it's impossible to answer this question with certainty based solely on the provided schema."
world_1,Which continent speaks the most languages?,SELECT T1.Continent FROM country AS T1 JOIN countrylanguage AS T2 ON T1.Code  =  T2.CountryCode GROUP BY T1.Continent ORDER BY COUNT(*) DESC LIMIT 1,"SELECT continent 
FROM country 
JOIN countrylanguage ON country.code = countrylanguage.countrycode
GROUP BY continent 
ORDER BY COUNT(language) DESC 
LIMIT 1;"
world_1,How many countries speak both English and Dutch?,"SELECT COUNT(*) FROM (SELECT T1.Name FROM country AS T1 JOIN countrylanguage AS T2 ON T1.Code  =  T2.CountryCode WHERE T2.Language  =  ""English"" INTERSECT SELECT T1.Name FROM country AS T1 JOIN countrylanguage AS T2 ON T1.Code  =  T2.CountryCode WHERE T2.Language  =  ""Dutch"")","To find the number of countries that speak both English and Dutch, you need to join the `countrylanguage` table twice - once for English and once for Dutch. Then filter by the languages. Here's a SQL query:

```sql
SELECT COUNT(*) 
FROM countrylanguage cl1
JOIN countrylanguage cl2 ON cl2.countrycode = cl1.countrycode
WHERE cl1.language = 'English' AND cl2.language = 'Dutch';
```

This query returns the count of countries that speak both English and Dutch."
world_1,What is the number of nations that use English and Dutch?,"SELECT COUNT(*) FROM (SELECT T1.Name FROM country AS T1 JOIN countrylanguage AS T2 ON T1.Code  =  T2.CountryCode WHERE T2.Language  =  ""English"" INTERSECT SELECT T1.Name FROM country AS T1 JOIN countrylanguage AS T2 ON T1.Code  =  T2.CountryCode WHERE T2.Language  =  ""Dutch"")","To answer this question, we need to find countries where both English and Dutch are official languages.

The SQL query would look like:

```sql
SELECT COUNT(*) 
FROM countrylanguage cl1
JOIN countrylanguage cl2 ON cl1.countrycode = cl2.countrycode
WHERE (cl1.language = 'English' AND cl2.language = 'Dutch') OR (cl1.language = 'Dutch' AND cl2.language = 'English'))
GROUP BY 1;
```

This query joins the `countrylanguage` table twice and counts the number of countries where either both English and Dutch are official or vice versa. The GROUP BY clause ensures that only unique combinations of languages count towards the result."
world_1,What are the names of nations speak both English and French?,"SELECT T1.Name FROM country AS T1 JOIN countrylanguage AS T2 ON T1.Code  =  T2.CountryCode WHERE T2.Language  =  ""English"" INTERSECT SELECT T1.Name FROM country AS T1 JOIN countrylanguage AS T2 ON T1.Code  =  T2.CountryCode WHERE T2.Language  =  ""French""","SELECT name 
FROM country 
WHERE code IN (
    SELECT code 
    FROM countrylanguage 
    WHERE language = 'English' AND isofficial = 'yes'
) INTERSECT 
SELECT name 
FROM country 
WHERE code IN (
    SELECT code 
    FROM countrylanguage 
    WHERE language = 'French' AND isofficial = 'yes'
)
LIMIT ?;"
world_1,Give the names of nations that speak both English and French.,"SELECT T1.Name FROM country AS T1 JOIN countrylanguage AS T2 ON T1.Code  =  T2.CountryCode WHERE T2.Language  =  ""English"" INTERSECT SELECT T1.Name FROM country AS T1 JOIN countrylanguage AS T2 ON T1.Code  =  T2.CountryCode WHERE T2.Language  =  ""French""","SELECT name 
FROM country AS c1 
JOIN countrylanguage AS cl1 ON c1.code = cl1.countrycode 
JOIN country AS c2 ON c2.code = cl1.language 
WHERE cl1.isofficial = 't' AND cl1.percentage = 100 
GROUP BY name HAVING COUNT(*) = 2;"
world_1,What are the names of nations where both English and French are official languages?,"SELECT T1.Name FROM country AS T1 JOIN countrylanguage AS T2 ON T1.Code  =  T2.CountryCode WHERE T2.Language  =  ""English"" AND T2.IsOfficial  =  ""T"" INTERSECT SELECT T1.Name FROM country AS T1 JOIN countrylanguage AS T2 ON T1.Code  =  T2.CountryCode WHERE T2.Language  =  ""French"" AND T2.IsOfficial  =  ""T""","SELECT name 
FROM country 
WHERE code IN (
    SELECT countrycode 
    FROM countrylanguage 
    WHERE language = 'English' AND isofficial = 'Yes'
)
AND code IN (
    SELECT countrycode 
    FROM countrylanguage 
    WHERE language = 'French' AND isofficial = 'Yes'
)"
world_1,Give the names of countries with English and French as official languages.,"SELECT T1.Name FROM country AS T1 JOIN countrylanguage AS T2 ON T1.Code  =  T2.CountryCode WHERE T2.Language  =  ""English"" AND T2.IsOfficial  =  ""T"" INTERSECT SELECT T1.Name FROM country AS T1 JOIN countrylanguage AS T2 ON T1.Code  =  T2.CountryCode WHERE T2.Language  =  ""French"" AND T2.IsOfficial  =  ""T""","SELECT country.name 
FROM country 
JOIN countrylanguage AS cl1 ON country.code = cl1.countrycode 
JOIN countrylanguage AS cl2 ON country.code = cl2.countrycode 
WHERE (cl1.language = 'English' AND cl1.isofficial = 'Yes') 
AND (cl2.language = 'French' AND cl2.isofficial = 'Yes');"
world_1,What is the number of distinct continents where Chinese is spoken?,"SELECT COUNT( DISTINCT Continent) FROM country AS T1 JOIN countrylanguage AS T2 ON T1.Code  =  T2.CountryCode WHERE T2.Language  =  ""Chinese""","SELECT COUNT(DISTINCT continent) 
FROM countrylanguage 
JOIN country ON countrylanguage.countrycode = country.code
WHERE language = 'Chinese';"
world_1,How many continents speak Chinese?,"SELECT COUNT( DISTINCT Continent) FROM country AS T1 JOIN countrylanguage AS T2 ON T1.Code  =  T2.CountryCode WHERE T2.Language  =  ""Chinese""","To answer the question, we need to find the continents where Chinese (language) is spoken and is official.

Here's the SQL query:

```sql
SELECT DISTINCT continent
FROM countrylanguage
JOIN country ON countrylanguage.countrycode = country.code
WHERE language = 'Chinese'
AND isofficial = 'true';
```

This query first joins the `countrylanguage` table with the `country` table based on the country code. It then filters for rows where the language is Chinese and it's official. Finally, it selects distinct continents that meet these criteria."
world_1,What are the regions that use English or Dutch?,"SELECT DISTINCT T1.Region FROM country AS T1 JOIN countrylanguage AS T2 ON T1.Code  =  T2.CountryCode WHERE T2.Language  =  ""English"" OR T2.Language  =  ""Dutch""","SELECT region
FROM country
WHERE code IN (
    SELECT code FROM country WHERE language = 'English'
) OR code IN (
    SELECT code FROM country WHERE language = 'Dutch'
) AND region IS NOT NULL;"
world_1,Which regions speak Dutch or English?,"SELECT DISTINCT T1.Region FROM country AS T1 JOIN countrylanguage AS T2 ON T1.Code  =  T2.CountryCode WHERE T2.Language  =  ""English"" OR T2.Language  =  ""Dutch""","To answer the question, we need to find regions where either Dutch or English is spoken. We can achieve this by joining the 'country' table with the 'countrylanguage' table on the country code and then filtering for Dutch and English.

Here's a correct SQL query based on the assumptions provided:

```sql
SELECT DISTINCT c.region
FROM country c
JOIN countrylanguage cl1 ON c.code = cl1.countrycode AND cl1.language = 'Dutch'
JOIN countrylanguage cl2 ON c.code = cl2.countrycode AND cl2.language = 'English'
GROUP BY c.region;
```

This query will give you the distinct regions where either Dutch or English is spoken."
world_1,What are the countries where either English or Dutch is the official language ?,"select t1.name from country as t1 join countrylanguage as t2 on t1.code  =  t2.countrycode where t2.language  =  ""english"" and isofficial  =  ""t"" union select t1.name from country as t1 join countrylanguage as t2 on t1.code  =  t2.countrycode where t2.language  =  ""dutch"" and isofficial  =  ""t""","SELECT DISTINCT country.name 
FROM country 
JOIN countrylanguage ON country.code = countrylanguage.countrycode 
WHERE (countrylanguage.language = 'English' OR countrylanguage.language = 'Dutch') 
AND countrylanguage.isofficial = 'Yes';"
world_1,Which countries have either English or Dutch as an official language?,"SELECT * FROM country AS T1 JOIN countrylanguage AS T2 ON T1.Code  =  T2.CountryCode WHERE T2.Language  =  ""English"" AND IsOfficial  =  ""T"" UNION SELECT * FROM country AS T1 JOIN countrylanguage AS T2 ON T1.Code  =  T2.CountryCode WHERE T2.Language  =  ""Dutch"" AND IsOfficial  =  ""T""","SELECT code
FROM country AS c
JOIN countrylanguage AS cl1 ON c.code = cl1.countrycode AND cl1.language = 'English'
JOIN countrylanguage AS cl2 ON c.code = cl2.countrycode AND cl2.language = 'Dutch'
GROUP BY c.code
HAVING COUNT(DISTINCT cl1.language)) >= 1 OR COUNT(DISTINCT cl2.language)) >= 1;"
world_1,Which language is the most popular on the Asian continent?,"SELECT T2.Language FROM country AS T1 JOIN countrylanguage AS T2 ON T1.Code  =  T2.CountryCode WHERE T1.Continent  =  ""Asia"" GROUP BY T2.Language ORDER BY COUNT (*) DESC LIMIT 1","To answer this question, we need to consider the languages spoken in countries with the largest populations on the Asian continent. Given that China and India are the two most populous countries in Asia, we'll focus on their official languages.

The most popular language in China is Mandarin Chinese, and in India, it's mainly Hindi (also known as ""Hindi Brajbhasha""). However, English is also widely spoken in both countries.

Given this information, and since the question asks for the most popular language on the Asian continent, which would likely encompass a larger number of people than just China or India, we can safely assume that Mandarin Chinese would be the answer, as it's spoken by the largest number of people.

Thus, the SQL query to find the most popular language in Asia (excluding English) could look like this:

```sql
SELECT language
FROM countrylanguage
WHERE countrycode IN ('CN', 'IN') -- considering China and India
AND language != 'English' -- excluding English
GROUP BY language
ORDER BY COUNT(*) DESC
LIMIT 1;
```

This query first selects countries (China and India) from the `countrylanguage` table. It then filters out the rows where the language is 'English'. After grouping by language, it orders the groups by their count in descending order and limits the result to just one row. The result will be the most popular language spoken in China and India (excluding English)."
world_1,What is the language that is used by the largest number of Asian nations?,"SELECT T2.Language FROM country AS T1 JOIN countrylanguage AS T2 ON T1.Code  =  T2.CountryCode WHERE T1.Continent  =  ""Asia"" GROUP BY T2.Language ORDER BY COUNT (*) DESC LIMIT 1","To answer this question, we need to find the language that has the maximum count of occurrences in the countrylanguage table for countries with a continent of 'Asia'. Here's the SQL query:

```sql
SELECT language
FROM countrylanguage
WHERE countrycode IN (
    SELECT code
    FROM country
    WHERE continent = 'Asia'
)
GROUP BY language
ORDER BY COUNT(*) DESC
LIMIT 1;
```

This query first selects countries in Asia, then finds the language used by those countries and groups them by language. Finally, it orders the languages by the count of occurrences and returns the one with the highest count (limited to 1 due to LIMIT clause)."
world_1,Which languages are spoken by only one country in republic governments?,"SELECT T2.Language FROM country AS T1 JOIN countrylanguage AS T2 ON T1.Code  =  T2.CountryCode WHERE T1.GovernmentForm  =  ""Republic"" GROUP BY T2.Language HAVING COUNT(*)  =  1","To answer this question, we need to join the `countrylanguage` table with the `country` table and filter for republic governments and countries that speak a language found nowhere else.

Here's the SQL query:

```sql
SELECT cl.language
FROM country c
JOIN countrylanguage cl ON c.code = cl.countrycode
WHERE c.governmentform = 'Republic'
GROUP BY cl.language
HAVING COUNT(DISTINCT cl.countrycode)) = 1;
```

This query will return the languages spoken by only one country in a republic government."
world_1,What languages are only used by a single country with a republic government?,"SELECT T2.Language FROM country AS T1 JOIN countrylanguage AS T2 ON T1.Code  =  T2.CountryCode WHERE T1.GovernmentForm  =  ""Republic"" GROUP BY T2.Language HAVING COUNT(*)  =  1","SELECT language
FROM countrylanguage
JOIN country ON countrylanguage.countrycode = country.code
WHERE country.governmentform = 'Republic'
GROUP BY language
HAVING COUNT(DISTINCT country.code)) = 1;"
world_1,Find the city with the largest population that uses English.,"SELECT T1.Name ,  T1.Population FROM city AS T1 JOIN countrylanguage AS T2 ON T1.CountryCode  =  T2.CountryCode WHERE T2.Language  =  ""English"" ORDER BY T1.Population DESC LIMIT 1","SELECT name FROM city 
JOIN countrylanguage ON city.countrycode = countrylanguage.countrycode 
WHERE language = 'English' AND population = (SELECT MAX(population) FROM city)) 
LIMIT 1;"
world_1,What is the most populace city that speaks English?,"SELECT T1.Name ,  T1.Population FROM city AS T1 JOIN countrylanguage AS T2 ON T1.CountryCode  =  T2.CountryCode WHERE T2.Language  =  ""English"" ORDER BY T1.Population DESC LIMIT 1","SELECT name, population 
FROM city 
JOIN countrylanguage ON city.countrycode = countrylanguage.countrycode 
WHERE language = 'English' 
ORDER BY population DESC 
LIMIT 1;"
world_1,"Find the name, population and expected life length of asian country with the largest area?","SELECT Name ,  Population ,  LifeExpectancy FROM country WHERE Continent  =  ""Asia"" ORDER BY SurfaceArea DESC LIMIT 1","SELECT C.name, C.population, CL.lifeexpectancy
FROM country C
JOIN countrylanguage CL ON C.code = CL.countrycode
WHERE C.continent = 'Asia' AND C.surfacearea = (
  SELECT MAX(surfacearea)
  FROM country
  WHERE continent = 'Asia'
)
LIMIT 1;"
world_1,"What are the name, population, and life expectancy of the largest Asian country by land?","SELECT Name ,  Population ,  LifeExpectancy FROM country WHERE Continent  =  ""Asia"" ORDER BY SurfaceArea DESC LIMIT 1","Based on the given schema, we need to find the largest Asian country by land area, then retrieve its name, population, and life expectancy.

Here's a SQL query that satisfies these conditions:

```sql
SELECT c.name AS country_name,
       ci.population AS population,
       ci.lifeexpectancy AS life_expectancy
FROM country AS c
JOIN countrylanguage AS cl ON c.code = cl.countrycode
JOIN city AS ci ON c.code = ci.countrycode AND cl.language = '普通话' -- Assuming Mandarin is the main language for China
WHERE c.continent = 'Asia' AND c.surfacearea = (
  SELECT MAX(surfacearea)
  FROM country AS c2
  WHERE c2.continent = 'Asia'
)
LIMIT 1;
```

This query first filters by continent and then checks if the country's land area is the maximum among all Asian countries. It finally selects the requested information for the largest Asian country found."
world_1,What is average life expectancy in the countries where English is not the official language?,"SELECT avg(LifeExpectancy) FROM country WHERE Name NOT IN (SELECT T1.Name FROM country AS T1 JOIN countrylanguage AS T2 ON T1.Code  =  T2.CountryCode WHERE T2.Language  =  ""English"" AND T2.IsOfficial  =  ""T"")","SELECT AVG(lifeexpectancy) AS avg_life_expectancy
FROM country
WHERE code NOT IN (
    SELECT countrycode
    FROM countrylanguage
    WHERE language = 'English' AND isofficial = 'no'
)
GROUP BY 1;"
world_1,Give the mean life expectancy of countries in which English is not the official language.,"SELECT avg(LifeExpectancy) FROM country WHERE Name NOT IN (SELECT T1.Name FROM country AS T1 JOIN countrylanguage AS T2 ON T1.Code  =  T2.CountryCode WHERE T2.Language  =  ""English"" AND T2.IsOfficial  =  ""T"")","SELECT AVG(lifeexpectancy) AS mean_life_expectancy
FROM country
WHERE code NOT IN (
    SELECT DISTINCT countrycode
    FROM countrylanguage
    WHERE language = 'English'
)
AND code IN (
    SELECT DISTINCT countrycode
    FROM countrylanguage
);"
world_1,What is the total number of people living in the nations that do not use English?,"SELECT sum(Population) FROM country WHERE Name NOT IN (SELECT T1.Name FROM country AS T1 JOIN countrylanguage AS T2 ON T1.Code  =  T2.CountryCode WHERE T2.Language  =  ""English"")","SELECT SUM(population) 
FROM country 
WHERE code NOT IN (SELECT DISTINCT countrycode FROM countrylanguage WHERE language = 'English')"
world_1,How many people live in countries that do not speak English?,"SELECT sum(Population) FROM country WHERE Name NOT IN (SELECT T1.Name FROM country AS T1 JOIN countrylanguage AS T2 ON T1.Code  =  T2.CountryCode WHERE T2.Language  =  ""English"")","To answer this question, we need to find the countries that do not speak English and then sum up the populations of those countries.

Here's a SQL query that accomplishes this:

```sql
SELECT SUM(country.population) AS total_population
FROM country
LEFT JOIN countrylanguage ON country.code = countrylanguage.countrycode
WHERE countrylanguage.language != 'English'
GROUP BY country.code;
```

This query first joins the `country` table with the `countrylanguage` table. Then it filters out countries where the primary language is not English. Finally, it sums up the populations of these countries and groups them by country code."
world_1,What is the official language spoken in the country whose head of state is Beatrix?,"SELECT T2.Language FROM country AS T1 JOIN countrylanguage AS T2 ON T1.Code  =  T2.CountryCode WHERE T1.HeadOfState  =  ""Beatrix"" AND T2.IsOfficial  =  ""T""","SELECT T1.language
FROM country AS T1
JOIN countrylanguage AS T2 ON T1.code = T2.countrycode
WHERE T1.headofstate = 'Beatrix' AND T2.isofficial = 'Yes';"
world_1,What is the official language used in the country the name of whose head of state is Beatrix.,"SELECT T2.Language FROM country AS T1 JOIN countrylanguage AS T2 ON T1.Code  =  T2.CountryCode WHERE T1.HeadOfState  =  ""Beatrix"" AND T2.IsOfficial  =  ""T""","To answer this question, we need to join the `country` table with the `countrylanguage` table using the common key `countrycode`. Then we filter for the country where the head of state is 'Beatrix'. Finally, we select the official language from the result.

Here's the SQL query based on these assumptions:

```sql
SELECT cl.language
FROM country c
JOIN countrylanguage cl ON c.code = cl.countrycode
WHERE c.headofstate = 'Beatrix' AND cl.isofficial = 'true';
```

Please note that the above query assumes that there is a column named `isofficial` in the `countrylanguage` table. If this is not the case, please modify the query accordingly."
world_1,What is the total number of unique official languages spoken in the countries that are founded before 1930?,"SELECT count(DISTINCT T2.Language) FROM country AS T1 JOIN countrylanguage AS T2 ON T1.Code  =  T2.CountryCode WHERE  IndepYear  <  1930 AND T2.IsOfficial  =  ""T""","SELECT COUNT(DISTINCT language)
FROM countrylanguage
JOIN country ON countrylanguage.countrycode = country.code
WHERE country.indepyear < 1930
AND countrylanguage.isofficial = 'yes';"
world_1,"For the countries founded before 1930, what is the total number of distinct official languages?","SELECT count(DISTINCT T2.Language) FROM country AS T1 JOIN countrylanguage AS T2 ON T1.Code  =  T2.CountryCode WHERE  IndepYear  <  1930 AND T2.IsOfficial  =  ""T""","SELECT COUNT(DISTINCT language)
FROM countrylanguage
JOIN country ON countrylanguage.countrycode = country.code
WHERE country.indepyear < 1930 AND countrylanguage.isofficial = 'yes';"
world_1,What are the countries that have greater surface area than any country in Europe?,"SELECT Name FROM country WHERE SurfaceArea  >  (SELECT min(SurfaceArea) FROM country WHERE Continent  =  ""Europe"")","SELECT distinct code
FROM country
WHERE surfacearea > (SELECT max(surfacearea) FROM country WHERE continent = 'Europe')
AND continent != 'Europe';"
world_1,Which countries have greater area than that of any country in Europe?,"SELECT Name FROM country WHERE SurfaceArea  >  (SELECT min(SurfaceArea) FROM country WHERE Continent  =  ""Europe"")","Here's the SQL query based on the given question and assumptions:

```sql
SELECT C1.code AS CountryCode
FROM country C1
WHERE C1.surfacearea > (
    SELECT MAX(surfacearea)
    FROM country C2
    WHERE C2.continent = 'Europe'
)
```

This query selects the codes of countries that have a greater surface area than any country in Europe."
world_1,What are the African countries that have a  population less than any country in Asia?,"SELECT Name FROM country WHERE Continent  =  ""Africa""  AND population  <  (SELECT max(population) FROM country WHERE Continent  =  ""Asia"")","SELECT name 
FROM country AS african_countries 
WHERE code NOT IN (
    SELECT code 
    FROM country AS asian_countries 
    WHERE population > (
        SELECT MAX(population) 
        FROM country 
        WHERE continent = 'Asia'
    )
)
AND continent = 'Africa';"
world_1,Which African countries have a smaller population than that of any country in Asia?,"SELECT Name FROM country WHERE Continent  =  ""Africa""  AND population  <  (SELECT min(population) FROM country WHERE Continent  =  ""Asia"")","SELECT Africa.countryname 
FROM country Asia
JOIN country Africa ON Africa.population < Asia.population AND Asia.continent = 'Asia' AND Africa.continent = 'Africa'
GROUP BY Africa.countryname;"
world_1,Which Asian countries have a population that is larger than any country in Africa?,"SELECT Name FROM country WHERE Continent  =  ""Asia""  AND population  >  (SELECT max(population) FROM country WHERE Continent  =  ""Africa"")","To answer the question, we need to find the countries from the ""Asia"" continent with a higher population than any African country.

Here's the SQL query:

```sql
SELECT C1.code AS AsianCountryCode
FROM country AS C1
WHERE C1.continent = 'Asia'
AND C1.population > (
    SELECT MAX(population)
    FROM country AS C2
    WHERE C2.continent = 'Africa'
)
;
```

This query first filters the countries in Asia (using `WHERE C1.continent = 'Asia'`). Then it checks if each Asian country's population is greater than the maximum population of any African country (`C2.population > (SELECT MAX(population) FROM country AS C2 WHERE C2.continent = 'Africa'))`).

The result will be a list of Asian countries whose populations are larger than any African country."
world_1,What are the Asian countries which have a population larger than that of any country in Africa?,"SELECT Name FROM country WHERE Continent  =  ""Asia""  AND population  >  (SELECT min(population) FROM country WHERE Continent  =  ""Africa"")","SELECT c1.name 
FROM country c1 
JOIN country c2 ON c1.continent = 'Asia' AND c2.continent = 'Africa'
WHERE c1.population > c2.population
AND c1.region IN ('South Asia', 'East Asia', 'Southeast Asia') ;"
world_1,What are the country codes for countries that do not speak English?,"SELECT CountryCode FROM countrylanguage EXCEPT SELECT CountryCode FROM countrylanguage WHERE LANGUAGE  =  ""English""","SELECT country.code 
FROM country 
LEFT JOIN countrylanguage 
ON country.code = countrylanguage.countrycode 
WHERE countrylanguage.language <> 'English' AND countrylanguage.percentage IS NOT NULL;"
world_1,Return the country codes for countries that do not speak English.,"SELECT CountryCode FROM countrylanguage EXCEPT SELECT CountryCode FROM countrylanguage WHERE LANGUAGE  =  ""English""","SELECT country.code
FROM country
LEFT JOIN countrylanguage ON country.code = countrylanguage.countrycode
WHERE countrylanguage.language = 'English'
EXCEPT
SELECT country.code
FROM country;"
world_1,What are the country codes of countries where people use languages other than English?,"SELECT DISTINCT CountryCode FROM countrylanguage WHERE LANGUAGE != ""English""","SELECT DISTINCT country.code
FROM country
LEFT JOIN countrylanguage ON country.code = countrylanguage.countrycode
WHERE countrylanguage.language <> 'English' AND countrylanguage.percentage > 0;"
world_1,Give the country codes for countries in which people speak langauges that are not English.,"SELECT DISTINCT CountryCode FROM countrylanguage WHERE LANGUAGE != ""English""","SELECT DISTINCT country.code
FROM country
LEFT JOIN countrylanguage ON country.code = countrylanguage.countrycode
WHERE language NOT LIKE '%English%' AND language IS NOT NULL;"
world_1,What are the codes of the countries that do not speak English and whose government forms are not Republic?,"SELECT Code FROM country WHERE GovernmentForm != ""Republic"" EXCEPT SELECT CountryCode FROM countrylanguage WHERE LANGUAGE  =  ""English""","SELECT country.code 
FROM country 
LEFT JOIN countrylanguage 
ON country.code = countrylanguage.countrycode 
WHERE countrylanguage.language != 'English' 
AND countrygovernmentform NOT LIKE '%Republic%'"
world_1,Return the codes of countries that do not speak English and do not have Republics for governments.,"SELECT Code FROM country WHERE GovernmentForm != ""Republic"" EXCEPT SELECT CountryCode FROM countrylanguage WHERE LANGUAGE  =  ""English""","SELECT code
FROM country
WHERE code NOT IN (
    SELECT countrycode
    FROM countrylanguage
    WHERE language = 'English'
)
AND code NOT IN (
    SELECT countrycode
    FROM country
    WHERE governmentform LIKE '%Republic%'
)
LIMIT value; -- Replace ""value"" with the actual LIMIT numerical type value."
world_1,Which cities are in European countries where English is not the official language?,SELECT DISTINCT T2.Name FROM country AS T1 JOIN city AS T2 ON T2.CountryCode  =  T1.Code WHERE T1.Continent  =  'Europe' AND T1.Name NOT IN (SELECT T3.Name FROM country AS T3 JOIN countrylanguage AS T4 ON T3.Code  =  T4.CountryCode WHERE T4.IsOfficial  =  'T' AND T4.Language  =  'English'),"SELECT DISTINCT city.name 
FROM city 
JOIN country ON city.countrycode = country.code 
LEFT JOIN countrylanguage ON country.code = countrylanguage.countrycode 
WHERE country.continent = 'Europe' 
AND (countrylanguage.language <> 'English' OR countrylanguage.isofficial = 'no'));"
world_1,What are the names of cities in Europe for which English is not the official language?,SELECT DISTINCT T2.Name FROM country AS T1 JOIN city AS T2 ON T2.CountryCode  =  T1.Code WHERE T1.Continent  =  'Europe' AND T1.Name NOT IN (SELECT T3.Name FROM country AS T3 JOIN countrylanguage AS T4 ON T3.Code  =  T4.CountryCode WHERE T4.IsOfficial  =  'T' AND T4.Language  =  'English'),"To answer this question, we need to select the names of cities from the `city` table. We also need to filter the results based on the following conditions:

1. The city should be located in Europe.
2. English should not be the official language.

The SQL query to achieve this would be:

```sql
SELECT name 
FROM city 
WHERE countrycode IN (
    SELECT code 
    FROM country 
    WHERE continent = 'Europe'
) AND id NOT IN (
    SELECT DISTINCT city.id 
    FROM city 
    JOIN countrylanguage ON city.countrycode = countrylanguage.countrycode
    WHERE countrylanguage.language = 'English' AND countrylanguage.isofficial = 't'
)
```

This query uses subqueries to filter the cities based on their location, official language, and exclusion criteria."
world_1,Which unique cities are in Asian countries where Chinese is the official language ?,"select distinct t3.name from country as t1 join countrylanguage as t2 on t1.code  =  t2.countrycode join city as t3 on t1.code  =  t3.countrycode where t2.isofficial  =  't' and t2.language  =  'chinese' and t1.continent  =  ""asia""","SELECT DISTINCT city.name 
FROM city 
JOIN country ON city.countrycode = country.code 
JOIN countrylanguage ON country.code = countrylanguage.countrycode 
WHERE country.region = 'Asia' AND countrylanguage.language = 'Chinese' AND countrylanguage.isofficial = 'true';"
world_1,Return the different names of cities that are in Asia and for which Chinese is the official language.,"SELECT DISTINCT T3.Name FROM country AS T1 JOIN countrylanguage AS T2 ON T1.Code  =  T2.CountryCode JOIN city AS T3 ON T1.Code  =  T3.CountryCode WHERE T2.IsOfficial  =  'T' AND T2.Language  =  'Chinese' AND T1.Continent  =  ""Asia""","SELECT DISTINCT T1.name 
FROM city AS T1
JOIN countrylanguage AS T2 ON T1.countrycode = T2.countrycode
JOIN country AS T3 ON T1.countrycode = T3.code
WHERE T3.continent = 'Asia' AND T2.language = 'Chinese' AND T2.isofficial = 'true';"
world_1,"What are the name, independence year, and surface area of the country with the smallest population?","SELECT Name ,  SurfaceArea ,  IndepYear FROM country ORDER BY Population LIMIT 1","SELECT name, indepyear, surfacearea 
FROM country 
WHERE population = (SELECT MIN(population) FROM country) 
LIMIT 1;"
world_1,"Give the name, year of independence, and surface area of the country that has the lowest population.","SELECT Name ,  SurfaceArea ,  IndepYear FROM country ORDER BY Population LIMIT 1","SELECT name, indepyear, surfacearea
FROM country
WHERE population = (SELECT MIN(population) FROM country)
LIMIT 1;"
world_1,"What are the population, name and leader of the country with the largest area?","SELECT Name ,  population ,  HeadOfState FROM country ORDER BY SurfaceArea DESC LIMIT 1","SELECT p.population, c.name, g.headofstate
FROM country AS c
JOIN countrylanguage AS cl ON c.code = cl.countrycode
JOIN governmentform AS gf ON cl.language =gf.language
JOIN headofstate AS h on gf.headofstate=h.headofstate
JOIN population AS p ON c.code = p.countrycode
WHERE c.surfacearea = (
    SELECT MAX(surfacearea) 
    FROM country
)
LIMIT 1;"
world_1,"Give the name, population, and head of state for the country that has the largest area.","SELECT Name ,  population ,  HeadOfState FROM country ORDER BY SurfaceArea DESC LIMIT 1","To answer this question, we need to find the country with the largest surface area. Then, we will retrieve its name, population, and head of state.

Here's the SQL query:

```sql
SELECT c.name AS country_name, 
       ci.population AS country_population, 
       c.headofstate AS country_head_of_state
FROM country c
JOIN (SELECT code, MAX(surfacearea) as max_area)
      AS max_area_country ON c.code = max_area_country.code
JOIN countrylanguage cil ON c.code = cil.countrycode
ORDER BY max_area_country.max_area DESC
LIMIT 1;
```

This query first finds the country with the largest surface area by joining two subqueries. Then, it retrieves the requested information from the `country`, `countrylanguage`, and derived tables. Finally, it orders the results in descending order of surface area and limits the result to only one row."
world_1,Return the country name and the numbers of languages spoken for each country that speaks at least 3 languages.,"SELECT COUNT(T2.Language) ,  T1.Name FROM country AS T1 JOIN countrylanguage AS T2 ON T1.Code  =  T2.CountryCode GROUP BY T1.Name HAVING COUNT(*)  >  2","SELECT c.name AS country_name, COUNT(l.language) AS num_languages_spoken
FROM country c
JOIN countrylanguage cl ON c.code = cl.countrycode
GROUP BY c.name
HAVING COUNT(l.language) >= 3;"
world_1,"What are the names of countries that speak more than 2 languages, as well as how many languages they speak?","SELECT COUNT(T2.Language) ,  T1.Name FROM country AS T1 JOIN countrylanguage AS T2 ON T1.Code  =  T2.CountryCode GROUP BY T1.Name HAVING COUNT(*)  >  2","SELECT c.name AS country_name, COUNT(cl.language) AS language_count
FROM country c
JOIN countrylanguage cl ON c.code = cl.countrycode
GROUP BY c.name
HAVING COUNT(DISTINCT cl.language)) > 2;"
world_1,Find the number of cities in each district whose population is greater than the average population of cities?,"SELECT count(*) ,  District FROM city WHERE Population  >  (SELECT avg(Population) FROM city) GROUP BY District","SELECT district, COUNT(city_id) 
FROM city 
WHERE population > (SELECT AVG(population) FROM city)) 
GROUP BY district;"
world_1,How many cities in each district have a population that is above the average population across all cities?,"SELECT count(*) ,  District FROM city WHERE Population  >  (SELECT avg(Population) FROM city) GROUP BY District","To answer this question, we need to perform several steps:

1. Calculate the average population of all cities.
2. Find out the population above the average for each city.
3. Group the cities by their district and count the number of cities with a population above the average.

Here's the SQL query that achieves this:

```sql
WITH avg_population AS (
  SELECT AVG(population) AS avg_pop
  FROM city
),
cities_above_avg AS (
  SELECT city.id, city.district
  FROM city
  JOIN avg_population ON city.population > avg_population.avg_pop
)
SELECT district, COUNT(*) AS num_cities_above_avg
FROM cities_above_avg
GROUP BY district;
```

This query first calculates the average population and then finds the cities with a population above this average. Finally, it groups the cities by district and counts the number of cities with a population above the average for each district."
world_1,Find the government form name and total population for each government form whose average life expectancy is longer than 72.,"SELECT sum(Population) ,  GovernmentForm FROM country GROUP BY GovernmentForm HAVING avg(LifeExpectancy)  >  72","SELECT governmentform, SUM(population) AS total_population
FROM country
JOIN city ON country.code = city.countrycode
JOIN countrylanguage ON country.code = countrylanguage.countrycode
WHERE lifeexpectancy > 72
GROUP BY governmentform;"
world_1,What are the different government forms and what is the total population of each for government forms that have an average life expectancy greater than 72?,"SELECT sum(Population) ,  GovernmentForm FROM country GROUP BY GovernmentForm HAVING avg(LifeExpectancy)  >  72","SELECT governmentform, SUM(population) AS total_population
FROM country
JOIN city ON country.code = city.countrycode
JOIN countrylanguage ON country.code = countrylanguage.countrycode
WHERE lifeexpectancy > 72
GROUP BY governmentform;"
world_1,Find the average life expectancy and total population for each continent where the average life expectancy is shorter than 72?,"SELECT sum(Population) ,  avg(LifeExpectancy) ,  Continent FROM country GROUP BY Continent HAVING avg(LifeExpectancy)  <  72","SELECT 
    continent,
    AVG(lifeexpectancy) AS avg_life_exp,
    SUM(population) AS total_population
FROM 
    country
JOIN 
    city ON country.code = city.countrycode
GROUP BY 
    continent
HAVING 
    AVG(lifeexpectancy) < 72;"
world_1,"What are the different continents and the total popuation and average life expectancy corresponding to each, for continents that have an average life expectancy less than 72?","SELECT sum(Population) ,  avg(LifeExpectancy) ,  Continent FROM country GROUP BY Continent HAVING avg(LifeExpectancy)  <  72","Here's a SQL query to answer the question:

```sql
SELECT c.name AS continent, 
       SUM(p.population) AS total_population, 
       AVG(l.lifeexpectancy) AS avg_life_expectancy
FROM country c
JOIN city ci ON c.code = ci.countrycode
JOIN population p ON ci.id = p.city_id
JOIN lifeexpectancy l ON ci.id = l.city_id
GROUP BY c.name
HAVING AVG(l.lifeexpectancy) < 72;
```

This query joins multiple tables to get the required information for continents with an average life expectancy less than 72."
world_1,What are the names and areas of countries with the top 5 largest area?,"SELECT Name ,  SurfaceArea FROM country ORDER BY SurfaceArea DESC LIMIT 5","SELECT name, area
FROM country
ORDER BY area DESC
LIMIT 5;"
world_1,Return the names and surface areas of the 5 largest countries.,"SELECT Name ,  SurfaceArea FROM country ORDER BY SurfaceArea DESC LIMIT 5","SELECT name, surfacearea
FROM country
ORDER BY population DESC
LIMIT 5;"
world_1,What are names of countries with the top 3 largest population?,SELECT Name FROM country ORDER BY Population DESC LIMIT 3,"SELECT name
FROM country
ORDER BY population DESC
LIMIT 3;"
world_1,Return the names of the 3 most populated countries.,SELECT Name FROM country ORDER BY Population DESC LIMIT 3,"SELECT name 
FROM country 
ORDER BY population DESC 
LIMIT 3;"
world_1,What are the names of the nations with the 3 lowest populations?,SELECT Name FROM country ORDER BY Population ASC LIMIT 3,"Here's the correct SQL query for the given question:

```sql
SELECT name 
FROM country 
WHERE population = (
    SELECT MIN(population) 
    FROM country
)
LIMIT 3;
```

This query first finds the minimum population, then selects the names of the countries with that lowest population. The LIMIT clause is used to return only the first three countries in the result set."
world_1,Return the names of the 3 countries with the fewest people.,SELECT Name FROM country ORDER BY Population ASC LIMIT 3,"SELECT name 
FROM country 
ORDER BY population ASC 
LIMIT 3;"
world_1,how many countries are in Asia?,"SELECT count(*) FROM country WHERE continent  =  ""Asia""","SELECT COUNT(*) 
FROM country AS c
JOIN continent AS ct ON c.continent = ct.name
WHERE ct.name = 'Asia';"
world_1,Count the number of countries in Asia.,"SELECT count(*) FROM country WHERE continent  =  ""Asia""","SELECT COUNT(*) 
FROM country AS c 
JOIN continent AS ct ON c.continent = ct.code 
WHERE ct.name = 'Asia';"
world_1,What are the names of the countries that are in the continent of Europe and have a population of 80000?,"SELECT Name FROM country WHERE continent  =  ""Europe"" AND Population  =  ""80000""",SELECT name FROM country WHERE continent = 'Europe' AND population = 80000;
world_1,Give the names of countries that are in Europe and have a population equal to 80000.,"SELECT Name FROM country WHERE continent  =  ""Europe"" AND Population  =  ""80000""","SELECT name 
FROM country 
WHERE continent = 'Europe' AND population = 80000;"
world_1,What is the total population and average area of countries in the continent of North America whose area is bigger than 3000 ?,"select sum(population) ,  avg(surfacearea) from country where continent  =  ""north america"" and surfacearea  >  3000","SELECT SUM(population) AS total_population, AVG(surfacearea) AS average_area
FROM country
WHERE continent = 'North America' AND surfacearea > 3000;"
world_1,Give the total population and average surface area corresponding to countries in North America that have a surface area greater than 3000 .,"select sum(population) ,  avg(surfacearea) from country where continent  =  ""north america"" and surfacearea  >  3000","SELECT SUM(country.population) AS total_population, AVG(country.surfacearea) AS avg_surface_area
FROM country
INNER JOIN city ON country.code = city.countrycode
WHERE country.continent = 'North America' AND country.surfacearea > 3000;"
world_1,What are the cities whose population is between 160000 and 900000?,SELECT name FROM city WHERE Population BETWEEN 160000 AND 900000,"SELECT name 
FROM city 
WHERE population BETWEEN 160000 AND 900000;"
world_1,Return the names of cities that have a population between 160000 and 900000 .,select name from city where population between 160000 and 900000,"SELECT name 
FROM city 
WHERE population BETWEEN 160000 AND 900000;"
world_1,Which language is spoken by the largest number of countries?,SELECT LANGUAGE FROM countrylanguage GROUP BY LANGUAGE ORDER BY count(*) DESC LIMIT 1,"SELECT language
FROM countrylanguage
GROUP BY language
ORDER BY COUNT(*) DESC
LIMIT 1;"
world_1,Give the language that is spoken in the most countries.,SELECT LANGUAGE FROM countrylanguage GROUP BY LANGUAGE ORDER BY count(*) DESC LIMIT 1,"SELECT language
FROM countrylanguage
GROUP BY language
ORDER BY COUNT(*) DESC
LIMIT 1;"
world_1,What is the language spoken by the largest percentage of people in each country?,"SELECT LANGUAGE ,  CountryCode ,  max(Percentage) FROM countrylanguage GROUP BY CountryCode","SELECT country.name, countrylanguage.language
FROM country
JOIN countrylanguage ON country.code = countrylanguage.countrycode
WHERE countrylanguage.percentage = (
  SELECT MAX(percentage)
  FROM countrylanguage
  WHERE countrylanguage.countrycode = country.code
)
GROUP BY country.code;"
world_1,"What are the country codes of the different countries, and what are the languages spoken by the greatest percentage of people for each?","SELECT LANGUAGE ,  CountryCode ,  max(Percentage) FROM countrylanguage GROUP BY CountryCode","SELECT c.code AS country_code,
       cl.language AS language_spoken,
       cl.percentage AS percentage_of_people
FROM country c
JOIN countrylanguage cl ON c.code = cl.countrycode
GROUP BY c.code, cl.language, cl.percentage
ORDER BY c.code;"
world_1,What is the total number of countries where Spanish is spoken by the largest percentage of people?,"SELECT count(*) ,   max(Percentage) FROM countrylanguage WHERE LANGUAGE  =  ""Spanish"" GROUP BY CountryCode","SELECT COUNT(*) 
FROM country 
JOIN countrylanguage ON country.code = countrylanguage.countrycode 
WHERE language = 'Spanish' AND isofficial = 'Yes' 
GROUP BY country.code 
HAVING MAX(percentage) = (SELECT MAX(percentage) FROM countrylanguage WHERE language = 'Spanish');"
world_1,Count the number of countries for which Spanish is the predominantly spoken language.,"SELECT count(*) ,   max(Percentage) FROM countrylanguage WHERE LANGUAGE  =  ""Spanish"" GROUP BY CountryCode","SELECT COUNT(*) 
FROM country c
JOIN countrylanguage cl ON c.code = cl.countrycode
WHERE cl.language = 'Spanish' AND cl.isofficial = 'Yes';"
world_1,What are the codes of countries where Spanish is spoken by the largest percentage of people?,"SELECT CountryCode ,  max(Percentage) FROM countrylanguage WHERE LANGUAGE  =  ""Spanish"" GROUP BY CountryCode","SELECT code
FROM country
JOIN countrylanguage ON country.code = countrylanguage.countrycode
WHERE language = 'Spanish' AND percentage = (
  SELECT MAX(percentage)
  FROM countrylanguage
  WHERE language = 'Spanish'
)
ORDER BY code;"
world_1,Return the codes of countries for which Spanish is the predominantly spoken language.,"SELECT CountryCode ,  max(Percentage) FROM countrylanguage WHERE LANGUAGE  =  ""Spanish"" GROUP BY CountryCode","SELECT code
FROM country AS C
JOIN countrylanguage AS CL ON C.code = CL.countrycode
WHERE CL.language = 'Spanish' AND CL.isofficial = 'Yes';"
orchestra,How many conductors are there?,SELECT count(*) FROM conductor,"SELECT COUNT(*) 
FROM conductor;"
orchestra,Count the number of conductors.,SELECT count(*) FROM conductor,"To count the number of conductors, you would use the following SQL query:

```sql
SELECT COUNT(*) 
FROM conductor;
```

This query selects the count of all rows in the `conductor` table. The result will be a single row with a single column that contains the total count of conductors."
orchestra,List the names of conductors in ascending order of age.,SELECT Name FROM conductor ORDER BY Age ASC,"SELECT name 
FROM conductor 
ORDER BY age ASC;"
orchestra,"What are the names of conductors, ordered by age?",SELECT Name FROM conductor ORDER BY Age ASC,"SELECT name 
FROM conductor 
ORDER BY age;"
orchestra,"What are the names of conductors whose nationalities are not ""USA""?",SELECT Name FROM conductor WHERE Nationality != 'USA',"SELECT name 
FROM conductor 
WHERE nationality != 'USA';"
orchestra,"Return the names of conductors that do not have the nationality ""USA"".",SELECT Name FROM conductor WHERE Nationality != 'USA',"SELECT name
FROM conductor
WHERE nationality != 'USA';"
orchestra,What are the record companies of orchestras in descending order of years in which they were founded?,SELECT Record_Company FROM orchestra ORDER BY Year_of_Founded DESC,"SELECT orchestra.record_company
FROM orchestra
ORDER BY orchestra.year_of_founded DESC;"
orchestra,"Return the record companies of orchestras, sorted descending by the years in which they were founded.",SELECT Record_Company FROM orchestra ORDER BY Year_of_Founded DESC,"SELECT record_company 
FROM orchestra 
ORDER BY year_of_founded DESC;"
orchestra,What is the average attendance of shows?,SELECT avg(Attendance) FROM SHOW,"SELECT AVG(attendance) AS average_attendance
FROM show;"
orchestra,Return the average attendance across all shows.,SELECT avg(Attendance) FROM SHOW,"SELECT AVG(attendance) AS average_attendance
FROM show;"
orchestra,"What are the maximum and minimum share of performances whose type is not ""Live final"".","SELECT max(SHARE) ,  min(SHARE) FROM performance WHERE TYPE != ""Live final""","Based on the given question, we need to find the maximum and minimum share for performances that are not ""Live final"". We also assume that the share column in the show table represents the performance share.

The SQL query would look like this:

```sql
WITH performances_not_live_final AS (
  SELECT DISTINCT show.performance_id
  FROM show
  JOIN performance ON show.performance_ id = performance.performance_id
  WHERE performance.type <> 'Live final'
)
SELECT 
  MAX(share) as max_share,
  MIN(share) as min_share
FROM show
JOIN performances_not_live_final ON show.performance_ id = performances_not_live_final.performance_ id;
```

This query first filters the performances not having ""Live final"" type, then joins this result with the show table to find the share for each performance. Finally, it calculates and selects the maximum and minimum shares."
orchestra,"Return the maximum and minimum shares for performances that do not have the type ""Live final"".","SELECT max(SHARE) ,  min(SHARE) FROM performance WHERE TYPE != ""Live final""","SELECT MAX(share) AS max_share,
       MIN(share) AS min_share
FROM performance p
WHERE p.type != 'Live final'
GROUP BY p.performance_id;"
orchestra,How many different nationalities do conductors have?,SELECT count(DISTINCT Nationality) FROM conductor,"SELECT COUNT(DISTINCT nationality) as number_of_nationalities
FROM conductor;"
orchestra,Count the number of different nationalities of conductors.,SELECT count(DISTINCT Nationality) FROM conductor,"SELECT COUNT(DISTINCT nationality) as num_different_nationalities
FROM conductor;"
orchestra,List names of conductors in descending order of years of work.,SELECT Name FROM conductor ORDER BY Year_of_Work DESC,"SELECT name 
FROM conductor 
ORDER BY year_of_work DESC;"
orchestra,"What are the names of conductors, sorted descending by the number of years they have worked?",SELECT Name FROM conductor ORDER BY Year_of_Work DESC,"SELECT name 
FROM conductor 
ORDER BY year_of_work DESC;"
orchestra,List the name of the conductor with the most years of work.,SELECT Name FROM conductor ORDER BY Year_of_Work DESC LIMIT 1,"SELECT name
FROM conductor
WHERE year_of_work = (SELECT MAX(year_of_work)) FROM conductor)"
orchestra,What is the name of the conductor who has worked the greatest number of years?,SELECT Name FROM conductor ORDER BY Year_of_Work DESC LIMIT 1,"SELECT name 
FROM conductor 
ORDER BY year_of_work DESC 
LIMIT 1;"
orchestra,Show the names of conductors and the orchestras they have conducted.,"SELECT T1.Name ,  T2.Orchestra FROM conductor AS T1 JOIN orchestra AS T2 ON T1.Conductor_ID  =  T2.Conductor_ID","SELECT conductor.name, orchestra.orchestra
FROM conductor
JOIN orchestra ON conductor.conductor_id = orchestra.conductor_id;"
orchestra,What are the names of conductors as well as the corresonding orchestras that they have conducted?,"SELECT T1.Name ,  T2.Orchestra FROM conductor AS T1 JOIN orchestra AS T2 ON T1.Conductor_ID  =  T2.Conductor_ID","SELECT conductor.name AS conductor_name, orchestra.orchestra AS orchestra_name
FROM conductor
JOIN orchestra ON conductor.conductor_id = orchestra.conductor_ide;"
orchestra,Show the names of conductors that have conducted more than one orchestras.,SELECT T1.Name FROM conductor AS T1 JOIN orchestra AS T2 ON T1.Conductor_ID  =  T2.Conductor_ID GROUP BY T2.Conductor_ID HAVING COUNT(*)  >  1,"Here's the SQL query to answer the question:

```sql
SELECT DISTINCT conductor.name
FROM conductor
JOIN orchestra ON conductor.conductor_id = orchestra.conductor_id
GROUP BY conductor.name
HAVING COUNT(orchestra.orchestra_id) > 1;
```

This query first joins the `conductor` and `orchestra` tables on their conductor IDs. Then it groups by conductor names and filters for those with more than one orchestra associated with them, using the `HAVING` clause."
orchestra,What are the names of conductors who have conducted at more than one orchestra?,SELECT T1.Name FROM conductor AS T1 JOIN orchestra AS T2 ON T1.Conductor_ID  =  T2.Conductor_ID GROUP BY T2.Conductor_ID HAVING COUNT(*)  >  1,"SELECT DISTINCT conductor.name 
FROM conductor 
JOIN orchestra ON conductor.conductor_id = orchestra.conductor_id
GROUP BY conductor.name
HAVING COUNT(DISTINCT orchestra.orchestra_id)) > 1;"
orchestra,Show the name of the conductor that has conducted the most number of orchestras.,SELECT T1.Name FROM conductor AS T1 JOIN orchestra AS T2 ON T1.Conductor_ID  =  T2.Conductor_ID GROUP BY T2.Conductor_ID ORDER BY COUNT(*) DESC LIMIT 1,"SELECT c.name
FROM conductor c
JOIN orchestra o ON c.conductor_id = o.conductor_ide
GROUP BY c.name
ORDER BY COUNT(o.orchestra_id)) DESC
LIMIT 1;"
orchestra,What is the name of the conductor who has conducted the most orchestras?,SELECT T1.Name FROM conductor AS T1 JOIN orchestra AS T2 ON T1.Conductor_ID  =  T2.Conductor_ID GROUP BY T2.Conductor_ID ORDER BY COUNT(*) DESC LIMIT 1,"SELECT c.name
FROM conductor AS c
JOIN orchestra AS o ON c.conductor_id = o.conductor_ide
GROUP BY c.name
ORDER BY COUNT(o.orchestra_id)) DESC
LIMIT 1;"
orchestra,Please show the name of the conductor that has conducted orchestras founded after 2008.,SELECT T1.Name FROM conductor AS T1 JOIN orchestra AS T2 ON T1.Conductor_ID  =  T2.Conductor_ID WHERE Year_of_Founded  >  2008,"SELECT c.name
FROM conductor c
JOIN orchestra o ON c.conductor_id = o.conductor_ide
WHERE o.year_of_founded > 2008;"
orchestra,What are the names of conductors who have conducted orchestras founded after the year 2008?,SELECT T1.Name FROM conductor AS T1 JOIN orchestra AS T2 ON T1.Conductor_ID  =  T2.Conductor_ID WHERE Year_of_Founded  >  2008,"SELECT conductor.name 
FROM conductor 
JOIN orchestra ON conductor.conductor_id = orchestra.conductor_id 
WHERE orchestra.year_of_founded > 2008;"
orchestra,Please show the different record companies and the corresponding number of orchestras.,"SELECT Record_Company ,  COUNT(*) FROM orchestra GROUP BY Record_Company","SELECT record_company, COUNT(orchestra.orchestra_id)) AS number_of_orchestras
FROM orchestra
GROUP BY record_company;"
orchestra,How many orchestras does each record company manage?,"SELECT Record_Company ,  COUNT(*) FROM orchestra GROUP BY Record_Company","Based on the question and assumptions provided, we can generate the following SQL query:

```sql
SELECT r.company, COUNT(o.orchestra) as num_orchestras
FROM orchestra o
JOIN conductor c ON o.conductor_id = c.conductor_id
JOIN record_company r ON o.record_company = r.company
GROUP BY r.company;
```

This query joins the `orchestra`, `conductor`, and `record_company` tables, counts the number of orchestras for each record company, and groups the result by the record company."
orchestra,Please show the record formats of orchestras in ascending order of count.,SELECT Major_Record_Format FROM orchestra GROUP BY Major_Record_Format ORDER BY COUNT(*) ASC,"SELECT orchestra.major_record_format
FROM orchestra
GROUP BY orchestra.major_record_format
ORDER BY COUNT(*) ASC;"
orchestra,"What are the major record formats of orchestras, sorted by their frequency?",SELECT Major_Record_Format FROM orchestra GROUP BY Major_Record_Format ORDER BY COUNT(*) ASC,"SELECT orchestra.major_record_format, COUNT(*) as frequency 
FROM orchestra 
GROUP BY orchestra.major_record_format 
ORDER BY frequency DESC;"
orchestra,List the record company shared by the most number of orchestras.,SELECT Record_Company FROM orchestra GROUP BY Record_Company ORDER BY COUNT(*) DESC LIMIT 1,"SELECT record_company 
FROM orchestra 
GROUP BY record_company 
ORDER BY COUNT(orchestra_id) DESC 
LIMIT 1;"
orchestra,What is the record company used by the greatest number of orchestras?,SELECT Record_Company FROM orchestra GROUP BY Record_Company ORDER BY COUNT(*) DESC LIMIT 1,"To find the record company used by the greatest number of orchestras, you can use the following SQL query:

```sql
SELECT record_company
FROM orchestra
GROUP BY record_company
ORDER BY COUNT(*) DESC
LIMIT 1;
```

This query groups the orchestras by their respective record companies. It then orders these groups by the count of orchestras they represent (in descending order). Finally, it limits the result to only one row, which will be the record company used by the greatest number of orchestras."
orchestra,List the names of orchestras that have no performance.,SELECT Orchestra FROM orchestra WHERE Orchestra_ID NOT IN (SELECT Orchestra_ID FROM performance),"SELECT orchestra.name
FROM orchestra
LEFT JOIN performance ON orchestra.orchestra_id = performance.orchestra_id
WHERE performance.performance_id IS NULL;"
orchestra,What are the orchestras that do not have any performances?,SELECT Orchestra FROM orchestra WHERE Orchestra_ID NOT IN (SELECT Orchestra_ID FROM performance),"SELECT orchestra_name
FROM orchestra
LEFT JOIN performance ON orchestra.orchestra_id = performance.orchestra_id
WHERE performance.performance_id IS NULL;"
orchestra,Show the record companies shared by orchestras founded before 2003 and after 2003.,SELECT Record_Company FROM orchestra WHERE Year_of_Founded  <  2003 INTERSECT SELECT Record_Company FROM orchestra WHERE Year_of_Founded  >  2003,"To answer this question, we need to join multiple tables and filter based on the given conditions. Here's a correct SQL query that adheres to the assumptions:

```sql
SELECT o.record_company
FROM orchestra o
JOIN conductor c ON o.conductor_id = c.conductor_id
WHERE (c.year_of_work < 2003 AND c.year_of_work > 1900)
   OR (c.year_of_work >= 2003 AND c.year_of_work > 1900))
GROUP BY o.record_company;
```

This query filters for orchestras where the conductor's year of work is either before 2003 or after 2003. It then groups the results by record company and selects only the distinct record companies."
orchestra,What are the record companies that are used by both orchestras founded before 2003 and those founded after 2003?,SELECT Record_Company FROM orchestra WHERE Year_of_Founded  <  2003 INTERSECT SELECT Record_Company FROM orchestra WHERE Year_of_Founded  >  2003,"To find the record companies that fulfill the given criteria, we can use a combination of subqueries. Here's the SQL query:

```sql
SELECT DISTINCT rc.company_text
FROM record_company rc
JOIN orchestra o1 ON rc.company_id = o1.record_company
WHERE o1.year_of_founded < 2003
UNION
SELECT DISTINCT rc.company_text
FROM record_company rc
JOIN orchestra o2 ON rc.company_id = o2.record_company
WHERE o2.year_of_founded >= 2003
```

This query first joins the `orchestra` table with the `record_company` table based on the foreign keys. Then it filters the orchestras based on their founding year.

The results are then combined using UNION, which ensures that only distinct record companies are returned."
orchestra,"Find the number of orchestras whose record format is ""CD"" or ""DVD"".","SELECT COUNT(*) FROM orchestra WHERE Major_Record_Format  =  ""CD"" OR Major_Record_Format  =  ""DVD""","SELECT COUNT(*) 
FROM orchestra
WHERE major_record_format IN ('CD', 'DVD');"
orchestra,Count the number of orchestras that have CD or DVD as their record format.,"SELECT COUNT(*) FROM orchestra WHERE Major_Record_Format  =  ""CD"" OR Major_Record_Format  =  ""DVD""","SELECT COUNT(orchestra_id) AS count
FROM orchestra
WHERE major_record_format IN ('CD', 'DVD');"
orchestra,Show the years in which orchestras that have given more than one performance are founded.,SELECT Year_of_Founded FROM orchestra AS T1 JOIN performance AS T2 ON T1.Orchestra_ID  =  T2.Orchestra_ID GROUP BY T2.Orchestra_ID HAVING COUNT(*)  >  1,"To find the years in which orchestras giving more than one performance were founded, you would need to join the `orchestra` table with the `performance` table on the conductor ID and then group by orchestra_id and year_of_founded. Here's the SQL query:

```sql
SELECT o.year_of_founded
FROM orchestra o
JOIN (
    SELECT DISTINCT orchestra_id
    FROM performance
) p ON o.conductor_id = (
    SELECT conductor_id
    FROM conductor c
    WHERE c.conductor_id = p.orchestra_id
)
GROUP BY o.orchestra_id, o.year_of_founded
HAVING COUNT(p.performance_id) > 1;
```

This query will return the years in which orchestras that have given more than one performance are founded."
orchestra,What are years of founding for orchestras that have had more than a single performance?,SELECT Year_of_Founded FROM orchestra AS T1 JOIN performance AS T2 ON T1.Orchestra_ID  =  T2.Orchestra_ID GROUP BY T2.Orchestra_ID HAVING COUNT(*)  >  1,"Here's the SQL query to find the years of founding for orchestras that have had more than a single performance:

```sql
SELECT orchestra.year_of_founded
FROM orchestra
JOIN show ON orchestra.orchestra_id = show.performance_id
GROUP BY orchestra.orchestra_id, orchestra.year_of_founded
HAVING COUNT(DISTINCT show.performance_id)) > 1;
```

This query joins the `orchestra` table with the `show` table on the basis of their respective IDs. Then it groups by the orchestra ID and year of founding, and applies a HAVING clause to filter out orchestras that have had more than one performance."
network_1,How many high schoolers are there?,SELECT count(*) FROM Highschooler,"SELECT COUNT(*) 
FROM highschooler;"
network_1,Count the number of high schoolers.,SELECT count(*) FROM Highschooler,SELECT COUNT(*) FROM highschooler;
network_1,Show the names and grades of each high schooler.,"SELECT name ,  grade FROM Highschooler","SELECT name, grade
FROM highschooler;"
network_1,What are the names and grades for each high schooler?,"SELECT name ,  grade FROM Highschooler","SELECT name, grade
FROM highschooler;"
network_1,Show all the grades of the high schoolers.,SELECT grade FROM Highschooler,SELECT grade FROM highschooler;
network_1,What is the grade of each high schooler?,SELECT grade FROM Highschooler,"SELECT name, grade
FROM highschooler;"
network_1,What grade is Kyle in?,"SELECT grade FROM Highschooler WHERE name  =  ""Kyle""","SELECT grade 
FROM highschooler 
WHERE name = 'Kyle';"
network_1,Return the grade for the high schooler named Kyle.,"SELECT grade FROM Highschooler WHERE name  =  ""Kyle""","SELECT grade 
FROM highschooler 
WHERE name = 'Kyle';"
network_1,Show the names of all high schoolers in grade 10.,SELECT name FROM Highschooler WHERE grade  =  10,"SELECT name 
FROM highschooler 
WHERE grade = 10;"
network_1,What are the names of all high schoolers in grade 10?,SELECT name FROM Highschooler WHERE grade  =  10,"SELECT name 
FROM highschooler 
WHERE grade = 10;"
network_1,Show the ID of the high schooler named Kyle.,"SELECT ID FROM Highschooler WHERE name  =  ""Kyle""","SELECT id 
FROM highschooler 
WHERE name = 'Kyle';"
network_1,What is Kyle's id?,"SELECT ID FROM Highschooler WHERE name  =  ""Kyle""",SELECT id FROM highschooler WHERE name = 'Kyle';
network_1,How many high schoolers are there in grade 9 or 10?,SELECT count(*) FROM Highschooler WHERE grade  =  9 OR grade  =  10,"SELECT COUNT(*) 
FROM highschooler 
WHERE grade IN (9, 10);"
network_1,Count the number of high schoolers in grades 9 or 10.,SELECT count(*) FROM Highschooler WHERE grade  =  9 OR grade  =  10,"SELECT COUNT(*) 
FROM highschooler 
WHERE grade IN (9, 10);"
network_1,Show the number of high schoolers for each grade.,"SELECT grade ,  count(*) FROM Highschooler GROUP BY grade","SELECT grade, COUNT(*) as num_students
FROM highschooler
GROUP BY grade;"
network_1,How many high schoolers are in each grade?,"SELECT grade ,  count(*) FROM Highschooler GROUP BY grade","SELECT grade, COUNT(*) AS number_of_students
FROM highschooler
GROUP BY grade;"
network_1,Which grade has the most high schoolers?,SELECT grade FROM Highschooler GROUP BY grade ORDER BY count(*) DESC LIMIT 1,"SELECT grade, COUNT(*) as num_students
FROM highschooler
GROUP BY grade
ORDER BY num_students DESC
LIMIT 1;"
network_1,Return the grade that has the greatest number of high schoolers.,SELECT grade FROM Highschooler GROUP BY grade ORDER BY count(*) DESC LIMIT 1,"SELECT grade 
FROM highschooler 
GROUP BY grade 
ORDER BY COUNT(*) DESC 
LIMIT 1;"
network_1,Show me all grades that have at least 4 students.,SELECT grade FROM Highschooler GROUP BY grade HAVING count(*)  >=  4,"SELECT grade
FROM highschooler
GROUP BY grade
HAVING COUNT(id) >= 4;"
network_1,Which grades have 4 or more high schoolers?,SELECT grade FROM Highschooler GROUP BY grade HAVING count(*)  >=  4,"SELECT grade
FROM highschooler
GROUP BY grade
HAVING COUNT(*) >= 4;"
network_1,Show the student IDs and numbers of friends corresponding to each.,"SELECT student_id ,  count(*) FROM Friend GROUP BY student_id","SELECT highschooler.id AS student_id, COUNT(friend.friend_id)) AS num_friends
FROM highschooler
LEFT JOIN friend ON highschooler.id = friend.student_id
GROUP BY highschooler.id;"
network_1,How many friends does each student have?,"SELECT student_id ,  count(*) FROM Friend GROUP BY student_id","SELECT highschooler.id, COUNT(*) as number_of_friends
FROM highschooler
JOIN friend ON highschooler.id = friend.student_id
GROUP BY highschooler.id;"
network_1,Show the names of high school students and their corresponding number of friends.,"SELECT T2.name ,  count(*) FROM Friend AS T1 JOIN Highschooler AS T2 ON T1.student_id  =  T2.id GROUP BY T1.student_id","SELECT h.name, COUNT(f.friend_id)) as num_friends
FROM highschooler h
LEFT JOIN friend f ON h.id = f.student_ide
GROUP BY h.id;"
network_1,What are the names of the high schoolers and how many friends does each have?,"SELECT T2.name ,  count(*) FROM Friend AS T1 JOIN Highschooler AS T2 ON T1.student_id  =  T2.id GROUP BY T1.student_id","SELECT h.name, COUNT(f.friend_id) AS number_of_friends
FROM highschooler h
LEFT JOIN friend f ON h.id = f.student_ide
GROUP BY h.id;"
network_1,What is the name of the high schooler who has the greatest number of friends?,SELECT T2.name FROM Friend AS T1 JOIN Highschooler AS T2 ON T1.student_id  =  T2.id GROUP BY T1.student_id ORDER BY count(*) DESC LIMIT 1,"SELECT h.name
FROM highschooler h
JOIN friend f ON h.id = f.student_id
GROUP BY h.name
ORDER BY COUNT(*) DESC
LIMIT 1;"
network_1,Return the name of the high school student with the most friends.,SELECT T2.name FROM Friend AS T1 JOIN Highschooler AS T2 ON T1.student_id  =  T2.id GROUP BY T1.student_id ORDER BY count(*) DESC LIMIT 1,"SELECT h.name
FROM highschooler h
JOIN (
    SELECT student_id, COUNT(*) as friend_count
    FROM friend
    GROUP BY student_id
    ORDER BY friend_count DESC
    LIMIT 1
) max_friends ON h.id = max_friends.student_id;"
network_1,Show the names of high schoolers who have at least 3 friends.,SELECT T2.name FROM Friend AS T1 JOIN Highschooler AS T2 ON T1.student_id  =  T2.id GROUP BY T1.student_id HAVING count(*)  >=  3,"SELECT h.name 
FROM highschooler h
JOIN friend f ON h.id = f.student_id
GROUP BY h.id, h.name
HAVING COUNT(DISTINCT f.friend_id)) >= 3;"
network_1,What are the names of high schoolers who have 3 or more friends?,SELECT T2.name FROM Friend AS T1 JOIN Highschooler AS T2 ON T1.student_id  =  T2.id GROUP BY T1.student_id HAVING count(*)  >=  3,"SELECT name
FROM highschooler
WHERE id IN (
    SELECT student_id
    FROM friend
    GROUP BY student_id
    HAVING COUNT(*) >= 3
)"
network_1,Show the names of all of the high schooler Kyle's friends.,"SELECT T3.name FROM Friend AS T1 JOIN Highschooler AS T2 ON T1.student_id  =  T2.id JOIN Highschooler AS T3 ON T1.friend_id  =  T3.id WHERE T2.name  =  ""Kyle""","SELECT h.name 
FROM highschooler h 
JOIN friend f ON h.id = f.student_id 
WHERE h.name = 'Kyle' AND f.friend_id IN (SELECT id FROM highschooler WHERE name = 'Kyle');"
network_1,Return the names of friends of the high school student Kyle.,"SELECT T3.name FROM Friend AS T1 JOIN Highschooler AS T2 ON T1.student_id  =  T2.id JOIN Highschooler AS T3 ON T1.friend_id  =  T3.id WHERE T2.name  =  ""Kyle""","SELECT friend_1.name 
FROM highschooler AS kyle 
JOIN friend ON kyle.id = friend.student_1_id 
JOIN highschooler AS friend_1 ON friend.friend_2_id = friend_1.id;"
network_1,How many friends does the high school student Kyle have?,"SELECT count(*) FROM Friend AS T1 JOIN Highschooler AS T2 ON T1.student_id  =  T2.id WHERE T2.name  =  ""Kyle""","To find out how many friends Kyle has, we need to query the `friend` table and filter for Kyle's ID.

Assuming Kyle's ID is '1' (replace with the actual ID), the SQL query would be:

```sql
SELECT COUNT(*) 
FROM friend 
WHERE student_id = 1;
```

This query counts the number of rows where the `student_id` column equals Kyle's ID."
network_1,Count the number of friends Kyle has.,"SELECT count(*) FROM Friend AS T1 JOIN Highschooler AS T2 ON T1.student_id  =  T2.id WHERE T2.name  =  ""Kyle""","SELECT COUNT(*) 
FROM friend 
WHERE student_id = (SELECT id FROM highschooler WHERE name = 'Kyle');"
network_1,Show ids of all students who do not have any friends.,SELECT id FROM Highschooler EXCEPT SELECT student_id FROM Friend,"SELECT id 
FROM highschooler
WHERE id NOT IN (SELECT student_id FROM friend);"
network_1,What are the ids of high school students who do not have friends?,SELECT id FROM Highschooler EXCEPT SELECT student_id FROM Friend,"SELECT id 
FROM highschooler 
WHERE id NOT IN (SELECT DISTINCT friend_id FROM friend);"
network_1,Show names of all high school students who do not have any friends.,SELECT name FROM Highschooler EXCEPT SELECT T2.name FROM Friend AS T1 JOIN Highschooler AS T2 ON T1.student_id  =  T2.id,"SELECT name 
FROM highschooler 
WHERE id NOT IN (
    SELECT friend_id 
    FROM friend 
    WHERE student_id = highschooler.id
)"
network_1,What are the names of students who have no friends?,SELECT name FROM Highschooler EXCEPT SELECT T2.name FROM Friend AS T1 JOIN Highschooler AS T2 ON T1.student_id  =  T2.id,"SELECT name 
FROM highschooler 
WHERE id NOT IN (SELECT student_id FROM friend);"
network_1,Show the ids of high schoolers who have friends and are also liked by someone else.,SELECT student_id FROM Friend INTERSECT SELECT liked_id FROM Likes,"SELECT h.id
FROM highschooler h
WHERE EXISTS (SELECT * FROM friend WHERE student_id = h.id)
AND EXISTS (SELECT * FROM likes WHERE student_id = h.id AND liked_id != h.id)"
network_1,What are the ids of students who both have friends and are liked?,SELECT student_id FROM Friend INTERSECT SELECT liked_id FROM Likes,"SELECT highschooler.id
FROM highschooler
JOIN friend ON highschooler.id = friend.student_id
JOIN likes ON highschooler.id = likes.liked_id;"
network_1,Show name of all students who have some friends and also are liked by someone else.,SELECT T2.name FROM Friend AS T1 JOIN Highschooler AS T2 ON T1.student_id  =  T2.id INTERSECT SELECT T2.name FROM Likes AS T1 JOIN Highschooler AS T2 ON T1.liked_id  =  T2.id,"SELECT h.name
FROM highschooler h
WHERE h.id IN (
    SELECT f.student_id
    FROM friend f
    GROUP BY f.student_id
    HAVING COUNT(*) > 0
)
AND h.id IN (
    SELECT l.student_liked_id
    FROM likes l
    WHERE l.student_liked_id <> l.student_liked_id
    GROUP BY l.student_liked_id
    HAVING COUNT(*) > 0
)"
network_1,What are the names of high schoolers who both have friends and are liked?,SELECT T2.name FROM Friend AS T1 JOIN Highschooler AS T2 ON T1.student_id  =  T2.id INTERSECT SELECT T2.name FROM Likes AS T1 JOIN Highschooler AS T2 ON T1.liked_id  =  T2.id,"SELECT h.name
FROM highschooler h
WHERE h.id IN (
    SELECT friend_id
    FROM friend
    WHERE student_id = h.id
)
AND h.id IN (
    SELECT liked_id
    FROM likes
    WHERE student_id = h.id
)"
network_1,Count the number of likes for each student id.,"SELECT student_id ,  count(*) FROM Likes GROUP BY student_id","SELECT highschooler.id, COUNT(likes.student_id) AS like_count
FROM highschooler
LEFT JOIN likes ON highschooler.id = likes.student_ide
GROUP BY highschooler.id;"
network_1,How many likes correspond to each student id?,"SELECT student_id ,  count(*) FROM Likes GROUP BY student_id","SELECT student_id, COUNT(liked_id) AS number_of_likes
FROM likes
GROUP BY student_id;"
network_1,"Show the names of high schoolers who have likes, and numbers of likes for each.","SELECT T2.name ,  count(*) FROM Likes AS T1 JOIN Highschooler AS T2 ON T1.student_id  =  T2.id GROUP BY T1.student_id","SELECT h.name AS student_name, COUNT(l.liked_id) AS number_of_likes
FROM highschooler h
JOIN likes l ON h.id = l.student_id
GROUP BY h.id, h.name;"
network_1,"What are the names of high schoolers who have likes, and how many likes does each have?","SELECT T2.name ,  count(*) FROM Likes AS T1 JOIN Highschooler AS T2 ON T1.student_id  =  T2.id GROUP BY T1.student_id","SELECT h.name, COUNT(l.liked_id)) as num_likes
FROM highschooler h
JOIN likes l ON h.id = l.student_id
GROUP BY h.id, h.name;"
network_1,What is the name of the high schooler who has the greatest number of likes?,SELECT T2.name FROM Likes AS T1 JOIN Highschooler AS T2 ON T1.student_id  =  T2.id GROUP BY T1.student_id ORDER BY count(*) DESC LIMIT 1,"SELECT h.name
FROM highschooler h
JOIN likes l ON h.id = l.student_id
GROUP BY h.name, h.id
ORDER BY COUNT(l.liked_id)) DESC
LIMIT 1;"
network_1,Give the name of the student with the most likes.,SELECT T2.name FROM Likes AS T1 JOIN Highschooler AS T2 ON T1.student_id  =  T2.id GROUP BY T1.student_id ORDER BY count(*) DESC LIMIT 1,"SELECT highschooler.name 
FROM highschooler 
JOIN likes ON highschooler.id = likes.student_id 
GROUP BY highschooler.name 
ORDER BY COUNT(likes.student_id) DESC 
LIMIT 1;"
network_1,Show the names of students who have at least 2 likes.,SELECT T2.name FROM Likes AS T1 JOIN Highschooler AS T2 ON T1.student_id  =  T2.id GROUP BY T1.student_id HAVING count(*)  >=  2,"SELECT h.name
FROM highschooler h
JOIN likes l ON h.id = l.student_id
GROUP BY h.name
HAVING COUNT(l.liked_id) >= 2;"
network_1,What are the names of students who have 2 or more likes?,SELECT T2.name FROM Likes AS T1 JOIN Highschooler AS T2 ON T1.student_id  =  T2.id GROUP BY T1.student_id HAVING count(*)  >=  2,"SELECT name
FROM highschooler AS h
JOIN likes AS l ON h.id = l.student_id
GROUP BY h.name
HAVING COUNT(l.liked_id) >= 2;"
network_1,Show the names of students who have a grade higher than 5 and have at least 2 friends.,SELECT T2.name FROM Friend AS T1 JOIN Highschooler AS T2 ON T1.student_id  =  T2.id WHERE T2.grade  >  5 GROUP BY T1.student_id HAVING count(*)  >=  2,"SELECT h.name 
FROM highschooler h
JOIN (
    SELECT friend_id, COUNT(*) as num_friends
    FROM friend
    GROUP BY friend_id
    HAVING COUNT(*) >= 2
) f ON h.id = f.friend_id
WHERE h.grade > 5;"
network_1,What are the names of high schoolers who have a grade of over 5 and have 2 or more friends?,SELECT T2.name FROM Friend AS T1 JOIN Highschooler AS T2 ON T1.student_id  =  T2.id WHERE T2.grade  >  5 GROUP BY T1.student_id HAVING count(*)  >=  2,"SELECT h.name
FROM highschooler h
JOIN friend f ON h.id = f.student_id
GROUP BY h.id, h.name
HAVING COUNT(f.friend_id) >= 2
AND h.grade > 5;"
network_1,How many likes does Kyle have?,"SELECT count(*) FROM Likes AS T1 JOIN Highschooler AS T2 ON T1.student_id  =  T2.id WHERE T2.name  =  ""Kyle""","To find out how many likes Kyle has, you need to query the `likes` table and filter for rows where `student_id` is Kyle's ID.

Assuming Kyle's ID is 1 (replace with actual value), the SQL query would be:

```sql
SELECT COUNT(*) 
FROM likes 
WHERE student_id = 1;
```

This will return the number of likes Kyle has."
network_1,Return the number of likes that the high schooler named Kyle has.,"SELECT count(*) FROM Likes AS T1 JOIN Highschooler AS T2 ON T1.student_id  =  T2.id WHERE T2.name  =  ""Kyle""","SELECT COUNT(*) 
FROM likes 
WHERE student_id = (SELECT id FROM highschooler WHERE name = 'Kyle');"
network_1,Find the average grade of all students who have some friends.,SELECT avg(grade) FROM Highschooler WHERE id IN (SELECT T1.student_id FROM Friend AS T1 JOIN Highschooler AS T2 ON T1.student_id  =  T2.id),"SELECT AVG(h.grade) AS avg_grade
FROM highschooler h
JOIN friend f ON h.id = f.student_id
GROUP BY h.id;"
network_1,What is the average grade of students who have friends?,SELECT avg(grade) FROM Highschooler WHERE id IN (SELECT T1.student_id FROM Friend AS T1 JOIN Highschooler AS T2 ON T1.student_id  =  T2.id),"SELECT AVG(hg.grade) AS average_grade
FROM highschooler hg
JOIN friend f ON f.student_id = hg.id
GROUP BY f.student_ide;"
network_1,Find the minimum grade of students who have no friends.,SELECT min(grade) FROM Highschooler WHERE id NOT IN (SELECT T1.student_id FROM Friend AS T1 JOIN Highschooler AS T2 ON T1.student_id  =  T2.id),"SELECT MIN(highschooler.grade) 
FROM highschooler 
LEFT JOIN friend ON highschooler.id = friend.student_id 
WHERE friend.student_id IS NULL;"
network_1,What is the lowest grade of students who do not have any friends?,SELECT min(grade) FROM Highschooler WHERE id NOT IN (SELECT T1.student_id FROM Friend AS T1 JOIN Highschooler AS T2 ON T1.student_id  =  T2.id),"SELECT MIN(grade) 
FROM highschooler 
WHERE id NOT IN (
    SELECT friend_id 
    FROM friend 
)
;"
dog_kennels,Which states have both owners and professionals living there?,SELECT state FROM Owners INTERSECT SELECT state FROM Professionals,"To answer the question, we need to find the distinct states where there are both owners (from the `owners` table) and professionals (from the `professionals` table).

Here's a SQL query that does this:

```sql
SELECT DISTINCT o.state
FROM owners o
JOIN professionals p ON o.zip_ocode = p.zip_ocode -- Assuming zip codes could be used to relate owners and professionals in the same state.
WHERE o.state IS NOT NULL AND p.state IS NOT NULL;
```

This query joins the `owners` table with the `professionals` table using a common zip code. Then it selects distinct states where both owner and professional records exist."
dog_kennels,Find the states where both owners and professionals live.,SELECT state FROM Owners INTERSECT SELECT state FROM Professionals,"To find the states where both owners and professionals live, you would need to join the `owners` table with the `professionals` table on their respective state columns. Here's a SQL query that does this:

```sql
SELECT DISTINCT o.state
FROM owners o
JOIN professionals p ON o.state = p.state;
```

This query returns only distinct states where there are both owners and professionals living in each state."
dog_kennels,What is the average age of the dogs who have gone through any treatments?,SELECT avg(age) FROM Dogs WHERE dog_id IN ( SELECT dog_id FROM Treatments ),"To find the average age of dogs that have undergone any treatments, you would need to query the `dogs` table and join it with the `treatments` table. Here's a possible SQL query:

```sql
SELECT AVG(CAST(dogs.age AS REAL))) as avg_age
FROM dogs
JOIN treatments ON dogs.dog_id = treatments.dog_id;
```

This query calculates the average age of the dogs after converting their ages to real numbers (to handle decimal values). The `AVG` function is used for this calculation."
dog_kennels,Find the average age of the dogs who went through treatments.,SELECT avg(age) FROM Dogs WHERE dog_id IN ( SELECT dog_id FROM Treatments ),"Based on the given question and database schema, you can generate the following SQL query:

```sql
SELECT AVG(age) AS average_age
FROM (
    SELECT dog_age AS age
    FROM treatments
    JOIN dogs ON treatments.dog_id = dogs.dog_id
) AS狗_年龄汇总;
```

This query first joins the `treatments` table with the `dogs` table based on the `dog_id`. Then, it selects the dog's age from the joined tables and calculates the average using the AVG() function."
dog_kennels,"Which professionals live in the state of Indiana or have done treatment on more than 2 treatments? List his or her id, last name and cell phone.","SELECT professional_id ,  last_name ,  cell_number FROM Professionals WHERE state  =  'Indiana' UNION SELECT T1.professional_id ,  T1.last_name ,  T1.cell_number FROM Professionals AS T1 JOIN Treatments AS T2 ON T1.professional_id  =  T2.professional_id GROUP BY T1.professional_id HAVING count(*)  >  2","SELECT professional_id, last_name, cell_number 
FROM professionals 
WHERE (state = 'Indiana' OR EXISTS (SELECT 1 FROM treatments WHERE professional_id = professionals.professional_id AND COUNT(*) > 2))) 
AND cell_number IS NOT NULL;"
dog_kennels,"Find the id, last name and cell phone of the professionals who live in the state of Indiana or have performed more than two treatments.","SELECT professional_id ,  last_name ,  cell_number FROM Professionals WHERE state  =  'Indiana' UNION SELECT T1.professional_id ,  T1.last_name ,  T1.cell_number FROM Professionals AS T1 JOIN Treatments AS T2 ON T1.professional_id  =  T2.professional_id GROUP BY T1.professional_id HAVING count(*)  >  2","Here's a correct SQL query to answer the given question:

```sql
SELECT professional_id, last_name, cell_phone
FROM professionals p
JOIN owners o ON p.first_name = o.first_-name AND p.last_name = o.last_name
WHERE (o.state = 'Indiana' OR (
    SELECT COUNT(*) 
    FROM treatments t1
    WHERE t1.professional_id = p.professional_id)) > 2);
```

This query selects the requested columns from the `professionals` table. It then joins with the `owners` table to filter by Indiana state and treatment count. The subquery is used for this purpose."
dog_kennels,Which dogs have not cost their owner more than 1000 for treatment ? List the dog names .,select name from dogs where dog_id not in ( select dog_id from treatments group by dog_id having sum(cost_of_treatment)  >  1000 ),"Based on the question, we need to find dogs whose total cost of treatment is less than or equal to 1000. Here's the SQL query:

```sql
SELECT d.name
FROM dogs d
LEFT JOIN treatments t ON d.dog_id = t.dog_id
GROUP BY d.dog_id, d.name
HAVING SUM(t.cost_of_treatment)) <= 1000;
```

This query selects dog names from the `dogs` table and filters for those whose total cost of treatment is less than or equal to 1000."
dog_kennels,What are the names of the dogs for which the owner has not spend more than 1000 for treatment ?,select name from dogs where dog_id not in ( select dog_id from treatments group by dog_id having sum(cost_of_treatment)  >  1000 ),"Here's the SQL query to answer the question:

```sql
SELECT d.name
FROM dogs d
JOIN owners o ON d.owner_id = o.owner_id
LEFT JOIN (
    SELECT dog_id, SUM(cost_of_treatment) AS total_cost
    FROM treatments
    GROUP BY dog_id
) t ON d.dog_ id = t.dog_id
WHERE t.total_cost <= 1000 AND t.total_cost IS NOT NULL;
```

This query selects the names of dogs where the owner hasn't spent more than $1000 on treatment. It joins relevant tables and filters according to the conditions."
dog_kennels,Which first names are used for professionals or owners but are not used as dog names?,SELECT first_name FROM Professionals UNION SELECT first_name FROM Owners EXCEPT SELECT name FROM Dogs,"To answer this question, we need to find the set of first names that appear in either the professionals or owners table, and do not appear in the dogs table.

Here's a SQL query that achieves this:

```sql
SELECT p.first_-name
FROM (
  SELECT first_name FROM professionals
  UNION
  SELECT first_name FROM owners
) AS name_set
EXCEPT
SELECT DISTINCT first_name FROM dogs;
```

This query first combines the first names from professionals and owners (using UNION). Then, it finds the set of first names that are in this combined set but not in the distinct first names from the dogs table (using EXCEPT)."
dog_kennels,Find the first names that are used for professionals or owners but are not used as dog names.,SELECT first_name FROM Professionals UNION SELECT first_name FROM Owners EXCEPT SELECT name FROM Dogs,"To find the first names that meet the given criteria, you can use the following SQL query:

```sql
SELECT DISTINCT p.first_-name
FROM professionals p
LEFT JOIN dogs d ON p.first_name = d.name
WHERE d.name IS NULL AND p.first_name NOT IN (SELECT DISTINCT first_name FROM owners);

```

This query selects distinct first names from the `professionals` table. It then checks if there is a corresponding dog name by left joining with the `dogs` table and checking if the dog's name matches the professional's first name. The WHERE clause filters out rows where the dog's name is present (null check for d.name) and the first name is not found in the owners table."
dog_kennels,"Which professional did not operate any treatment on dogs? List the professional's id, role and email.","SELECT professional_id ,  role_code ,  email_address FROM Professionals EXCEPT SELECT T1.professional_id ,  T1.role_code ,  T1.email_address FROM Professionals AS T1 JOIN Treatments AS T2 ON T1.professional_id  =  T2.professional_id","To find the professional who did not operate any treatments on dogs, we need to select the professionals whose `professional_id` is not in the `treatments` table.

Here's the SQL query:

```sql
SELECT p.professional_ id,
       p.role_ code,
       p.email_ address
FROM professionals AS p
LEFT JOIN treatments AS t ON p.professional_ id = t.professional_ id
WHERE t.professional_ id IS NULL;
```

This query selects the required columns from the `professionals` table, left joins it with the `treatments` table, and then filters for professionals who did not operate any treatments (where the join result is NULL)."
dog_kennels,"Give me the id, role and email of the professionals who did not perform any treatment on dogs.","SELECT professional_id ,  role_code ,  email_address FROM Professionals EXCEPT SELECT T1.professional_id ,  T1.role_code ,  T1.email_address FROM Professionals AS T1 JOIN Treatments AS T2 ON T1.professional_id  =  T2.professional_id","SELECT professional_id, role, email_address
FROM professionals
WHERE professional_id NOT IN (
  SELECT professional_id
  FROM treatments
)
AND role != 'patient'; -- Assuming roles other than 'patient' are professionals."
dog_kennels,"Which owner owns the most dogs? List the owner id, first name and last name.","SELECT T1.owner_id ,  T2.first_name ,  T2.last_name FROM Dogs AS T1 JOIN Owners AS T2 ON T1.owner_id  =  T2.owner_id GROUP BY T1.owner_id ORDER BY count(*) DESC LIMIT 1","To find the owner who owns the most dogs, you need to group the dogs by owner_id and then count the number of dogs each owner has. You can order the result in descending order based on the dog count. Finally, limit the output to one row.

Here's the SQL query that does this:

```sql
SELECT o.owner_id, o.first_name, o.last_name
FROM owners o
JOIN (
    SELECT owner_id, COUNT(*) as dog_count
    FROM dogs
    GROUP BY owner_id
    ORDER BY dog_count DESC
    LIMIT 1
) max_dogs ON o.owner_ id = max_dogs.owner_id;
```

This query first finds the owner with the most dogs (limited to one row) and then selects their details from the owners table."
dog_kennels,"Return the owner id, first name and last name of the owner who has the most dogs.","SELECT T1.owner_id ,  T2.first_name ,  T2.last_name FROM Dogs AS T1 JOIN Owners AS T2 ON T1.owner_id  =  T2.owner_id GROUP BY T1.owner_id ORDER BY count(*) DESC LIMIT 1","Here's an SQL query that will return the requested information:

```sql
SELECT o.owner_id, o.first_name, o.last_name
FROM owners o
JOIN (
  SELECT d.owner_id, COUNT(*) AS dog_count
  FROM dogs d
  GROUP BY d.owner_id
  ORDER BY dog_count DESC
  LIMIT 1
) max_dogs ON o.owner_id = max_dogs.owner_id;
```

This query first counts the number of dogs per owner and sorts them in descending order. It then limits the result to only one row, which will be the owner with the most dogs.

Finally, it joins this result back to the owners table to retrieve the requested owner information."
dog_kennels,"Which professionals have done at least two treatments? List the professional's id, role, and first name.","SELECT T1.professional_id ,  T1.role_code ,  T1.first_name FROM Professionals AS T1 JOIN Treatments AS T2 ON T1.professional_id  =  T2.professional_id GROUP BY T1.professional_id HAVING count(*)  >=  2","SELECT professional_id, role_ Code, first_name 
FROM professionals 
WHERE professional_ id IN (
    SELECT professional_ id 
    FROM treatments 
    GROUP BY professional_ id 
    HAVING COUNT(*) >= 2
)
ORDER BY professional_id;"
dog_kennels,"What are the id, role, and first name of the professionals who have performed two or more treatments?","SELECT T1.professional_id ,  T1.role_code ,  T1.first_name FROM Professionals AS T1 JOIN Treatments AS T2 ON T1.professional_id  =  T2.professional_id GROUP BY T1.professional_id HAVING count(*)  >=  2","Here's the SQL query to answer the question:

```sql
SELECT p.professional_id, 
       p.role, 
       p.first_name 
FROM professionals p
JOIN (
    SELECT treatment_professional_id, COUNT(*) AS num_treatments
    FROM treatments
    GROUP BY treatment_professional_id
    HAVING COUNT(*) >= 2
) t ON p.professional_id = t.treatment_professional_id;
```

This query first selects the information about professionals (id, role, and first name). It then joins this data with a subquery that counts the number of treatments performed by each professional and filters for those who have done two or more treatments. Finally, it returns the requested information based on these conditions."
dog_kennels,What is the name of the breed with the most dogs?,SELECT T1.breed_name FROM Breeds AS T1 JOIN Dogs AS T2 ON T1.breed_code  =  T2.breed_code GROUP BY T1.breed_name ORDER BY count(*) DESC LIMIT 1,"Here's the SQL query to find the name of the breed with the most dogs:

```sql
SELECT breeds.breed_name
FROM breeds
JOIN dogs ON breeds.breed_code = dogs.breed_ code
GROUP BY breeds.breed_name
ORDER BY COUNT(*) DESC
LIMIT 1;
```

This query first joins the `breeds` and `dogs` tables on the breed code. Then it groups by breed name, counts the number of dogs per breed (using `COUNT(*)`), orders the result in descending order based on the count, and finally selects only the top result using the `LIMIT 1` clause."
dog_kennels,Which breed do the most dogs have? Give me the breed name.,SELECT T1.breed_name FROM Breeds AS T1 JOIN Dogs AS T2 ON T1.breed_code  =  T2.breed_code GROUP BY T1.breed_name ORDER BY count(*) DESC LIMIT 1,"To answer this question, we need to find the breed with the highest count of dogs. The SQL query would look like this:

```sql
SELECT breeds.breed_name
FROM dogs
JOIN breeds ON dogs.breed_code = breeds.breed_代码
GROUP BY breeds.breed_name
ORDER BY COUNT(*) DESC
LIMIT 1;
```

This query first joins the `dogs` table with the `breeds` table based on the breed code. Then it groups by breed name and orders the result by the count of dogs in each breed (in descending order). Finally, it limits the result to only one row, which will be the breed with the most dogs."
dog_kennels,Which owner has paid for the most treatments on his or her dogs? List the owner id and last name.,"SELECT T1.owner_id ,  T1.last_name FROM Owners AS T1 JOIN Dogs AS T2 ON T1.owner_id  =  T2.owner_id JOIN Treatments AS T3 ON T2.dog_id  =  T3.dog_id GROUP BY T1.owner_id ORDER BY count(*) DESC LIMIT 1","To find the owner who has paid for the most treatments, we need to join multiple tables and group by the owner. The query would look like this:

```sql
SELECT owners.owner_id, first_name || ' ' || last_name AS owner_last_name
FROM owners
JOIN dogs ON owners.owner_id = dogs.owner_id
JOIN treatments ON dogs.dog_id = treatments.dog_id
GROUP BY owners.owner_id, last_name
ORDER BY COUNT(treatments.treatment_id)) DESC
LIMIT 1;
```

This query first joins the `owners`, `dogs`, and `treatments` tables. It then groups by owner ID and last name. The `COUNT()` function is used to count the treatments for each owner. Finally, the result is sorted in descending order of treatment counts and limited to only one record using the LIMIT clause."
dog_kennels,Tell me the owner id and last name of the owner who spent the most on treatments of his or her dogs.,"SELECT T1.owner_id ,  T1.last_name FROM Owners AS T1 JOIN Dogs AS T2 ON T1.owner_id  =  T2.owner_id JOIN Treatments AS T3 ON T2.dog_id  =  T3.dog_id GROUP BY T1.owner_id ORDER BY count(*) DESC LIMIT 1","Here's the SQL query to answer the question:

```sql
WITH max_spent AS (
    SELECT owner_id, SUM(cost_of_treatment) * -1 AS highest_spender
    FROM treatments
    GROUP BY owner_id
    ORDER BY highest_spender DESC
    LIMIT 1
)

SELECT o.owner_id, o.last_name
FROM owners o
INNER JOIN max_spent ms ON o.owner_id = ms.owner_id;
```

This query first identifies the owner with the most spent on treatments (line 6-20). Then it selects the owner ID and last name from the owners table based on the identified owner ID (lines 21-30)."
dog_kennels,What is the description of the treatment type that costs the least money in total?,SELECT T1.treatment_type_description FROM Treatment_types AS T1 JOIN Treatments AS T2 ON T1.treatment_type_code  =  T2.treatment_type_code GROUP BY T1.treatment_type_code ORDER BY sum(cost_of_treatment) ASC LIMIT 1,"To answer this question, we need to find the treatment type with the lowest cost. The SQL query would look like:

```sql
SELECT t.treatment_type_description
FROM treatments t
JOIN treatment_types tt ON t.treatment_type_code = tt.treatment_type_code
WHERE t.cost_of_treatment = (SELECT MIN(cost_of_treatment))
                                                   FROM treatments)
ORDER BY t.cost_of_treatment ASC
LIMIT 1;
```

This query first finds the minimum cost of treatment, and then selects the treatment type with that lowest cost. It ensures that only one description is returned by using the LIMIT clause with a value of 1."
dog_kennels,Give me the description of the treatment type whose total cost is the lowest.,SELECT T1.treatment_type_description FROM Treatment_types AS T1 JOIN Treatments AS T2 ON T1.treatment_type_code  =  T2.treatment_type_code GROUP BY T1.treatment_type_code ORDER BY sum(cost_of_treatment) ASC LIMIT 1,"Here's an SQL query that will give you the description of the treatment type with the lowest total cost:

```sql
SELECT t.treatment_type_description
FROM (
  SELECT treatment_type_description, SUM(cost_of_treatment)) AS total_cost
  FROM treatments
  GROUP BY treatment_type_description
) AS min_total_cost
JOIN treatment_types t ON min_total_cost.treatment_type_escription = t.treatment_type_description
ORDER BY min_total_cost.total_cost ASC
LIMIT 1;
```

This query first calculates the sum of costs for each treatment type. Then it finds the treatment type with the lowest total cost and returns its description."
dog_kennels,Which owner has paid the largest amount of money in total for their dogs? Show the owner id and zip code.,"SELECT T1.owner_id ,  T1.zip_code FROM Owners AS T1 JOIN Dogs AS T2 ON T1.owner_id  =  T2.owner_id JOIN Treatments AS T3 ON T2.dog_id  =  T3.dog_id GROUP BY T1.owner_id ORDER BY sum(T3.cost_of_treatment) DESC LIMIT 1","To find the owner who has paid the largest amount of money in total, we need to sum up the costs of all treatments associated with each dog, then group by the owner's ID and zip code.

Here's a SQL query that accomplishes this:

```sql
SELECT o.owner_id, o.zip_code,
       SUM(t.cost_of_treatment)) AS total_cost
FROM owners o
JOIN dogs d ON o.owner_id = d.owner_id
JOIN treatments t ON d.dog_id = t.dog_id AND t.professional_id IN (
  SELECT professional_id
  FROM professionals p
  JOIN roles r ON p.role_code = r.role_code
  WHERE r.role_name = 'vet' OR r.role_name = 'vet assistant'
)
GROUP BY o.owner_id, o.zip_ocode
ORDER BY total_cost DESC
LIMIT 1;
```

This query first joins the relevant tables (`owners`, `dogs`, and `treatments`) based on their foreign key relationships.

It then filters for only those treatments that were performed by veterinarians or vet assistants (assuming these roles are represented in the `roles` table).

After grouping by owner ID and zip code, it calculates the sum of treatment costs for each owner. It sorts the results by total cost in descending order, and finally limits the output to just one row with the largest total cost."
dog_kennels,Find the owner id and zip code of the owner who spent the most money in total for his or her dogs.,"SELECT T1.owner_id ,  T1.zip_code FROM Owners AS T1 JOIN Dogs AS T2 ON T1.owner_id  =  T2.owner_id JOIN Treatments AS T3 ON T2.dog_id  =  T3.dog_id GROUP BY T1.owner_id ORDER BY sum(T3.cost_of_treatment) DESC LIMIT 1","Based on the given question, we need to find the owner information who has incurred the highest total cost for their dogs. We will use a combination of subqueries and aggregating functions.

Here's the SQL query:

```sql
SELECT o.owner_id, o.zip_code
FROM owners o
JOIN (
    SELECT d.owner_id, SUM(t.cost_of_treatment)) AS total_cost
    FROM dogs d
    JOIN treatments t ON t.dog_id = d.dog_id
    GROUP BY d.owner_id
) max_total_cost ON o.owner_id = max_total_cost.owner_id
ORDER BY max_total_cost.total_cost DESC
LIMIT 1;
```

This query first finds the total cost for each owner by summing the treatment costs. Then it joins this subquery with the owners table on the owner_id column. Finally, it orders by the total cost in descending order and limits the result to only one row (the owner with the highest total cost)."
dog_kennels,Which professionals have done at least two types of treatments? List the professional id and cell phone.,"SELECT T1.professional_id ,  T1.cell_number FROM Professionals AS T1 JOIN Treatments AS T2 ON T1.professional_id  =  T2.professional_id GROUP BY T1.professional_id HAVING count(*)  >=  2","To find the professionals who have done at least two types of treatments, you can use the following SQL query:

```sql
SELECT professional_id, cell_number
FROM professionals AS p
JOIN (
    SELECT professional_id, COUNT(DISTINCT treatment_type_code)) AS num_types
    FROM treatments
    GROUP BY professional_id
    HAVING COUNT(DISTINCT treatment_type_code)) >= 2
) AS types_count ON p.professional_id = types_count.professional_id;
```

This query joins the `professionals` table with a subquery that counts the distinct treatment types per professional. The outer query then selects the professionals with at least two distinct treatment types, and their corresponding cell phone numbers."
dog_kennels,Find the id and cell phone of the professionals who operate two or more types of treatments.,"SELECT T1.professional_id ,  T1.cell_number FROM Professionals AS T1 JOIN Treatments AS T2 ON T1.professional_id  =  T2.professional_id GROUP BY T1.professional_id HAVING count(*)  >=  2","SELECT professional_id, cell_number 
FROM professionals 
WHERE professional_id IN (
    SELECT professional_id 
    FROM treatments 
    GROUP BY professional_id 
    HAVING COUNT(DISTINCT treatment_type_code)) >= 2
)"
dog_kennels,What are the first name and last name of the professionals who have done treatment with cost below average?,"SELECT DISTINCT T1.first_name ,  T1.last_name FROM Professionals AS T1 JOIN Treatments AS T2 WHERE cost_of_treatment  <  ( SELECT avg(cost_of_treatment) FROM Treatments )","To answer this question, we need to find the average cost of treatments by professionals, then select the professionals whose treatment costs were below that average. Here's the SQL query:

```sql
WITH avg_cost AS (
  SELECT professional_first_name, professional_last_name,
    AVG(cost_of_treatment)) OVER () as avg_cost
  FROM treatments
  JOIN professionals ON treatments.professional_id = professionals.professional_id
)

SELECT first_name, last_name
FROM avg_cost
JOIN professionals ON avg_cost.professional_first_name = professionals.first_name AND avg_cost.professional_last_name = professionals.last_name
WHERE cost_of_treatment < avg_cost.avg_cost;
```

This query calculates the average treatment cost for all professionals, then selects the professionals with a treatment cost below that average."
dog_kennels,Which professionals have operated a treatment that costs less than the average? Give me theor first names and last names.,"SELECT DISTINCT T1.first_name ,  T1.last_name FROM Professionals AS T1 JOIN Treatments AS T2 WHERE cost_of_treatment  <  ( SELECT avg(cost_of_treatment) FROM Treatments )","To answer this question, we need to calculate the average cost of treatments and then find the professionals who have operated treatments with a cost below that average.

Here's the SQL query:

```sql
SELECT p.first_ename, p.last_name
FROM professionals p
JOIN treatments t ON p.professional_id = t.professional_id
WHERE t.cost_of_treatment < (
    SELECT AVG(cost_of_treatment))
    FROM treatments
)
GROUP BY p.first_ename, p.last_name;
```

This query first joins the `professionals` table with the `treatments` table. It then filters for professionals whose treatments have a cost less than the average treatment cost.

Finally, it groups the result by professional's first and last name."
dog_kennels,"List the date of each treatment, together with the first name of the professional who operated it.","SELECT T1.date_of_treatment ,  T2.first_name FROM Treatments AS T1 JOIN Professionals AS T2 ON T1.professional_id  =  T2.professional_id","SELECT treatments.date_of_treatment,
       professionals.first_name
FROM treatments
JOIN professionals ON treatments.professional_id = professionals.professional_id;"
dog_kennels,What are the date and the operating professional's first name of each treatment?,"SELECT T1.date_of_treatment ,  T2.first_name FROM Treatments AS T1 JOIN Professionals AS T2 ON T1.professional_id  =  T2.professional_id","SELECT treatments.date_of_treatment, professionals.first_名字
FROM treatments
JOIN dogs ON treatments.dog_id = dogs.dog_id
JOIN professionals ON treatments.professional_id = professionals.professional_id;"
dog_kennels,List the cost of each treatment and the corresponding treatment type description.,"SELECT T1.cost_of_treatment ,  T2.treatment_type_description FROM Treatments AS T1 JOIN treatment_types AS T2 ON T1.treatment_type_code  =  T2.treatment_type_code","Here's the SQL query to get the required information:

```sql
SELECT treatments.cost_of_treatment, 
       treatment_ypes.treatment_type_description
FROM treatments
JOIN treatment_ypes ON treatments.treatment_ype_ocode = treatment_ypes.treatment_ype_code;
```

This query selects the `cost_of_treatment` from the `treatments` table and joins it with the `treatment_ypes` table using the common `treatment_type_code`. The result is a list of costs and corresponding treatment type descriptions."
dog_kennels,What are the cost and treatment type description of each treatment?,"SELECT T1.cost_of_treatment ,  T2.treatment_type_description FROM Treatments AS T1 JOIN treatment_types AS T2 ON T1.treatment_type_code  =  T2.treatment_type_code","SELECT treatments.cost_of_treatment, treatment_types.treatment_type_description
FROM treatments
JOIN treatment_ypes ON treatments.treatment_ype_code = treatment_ypes.treatment_ype_code;"
dog_kennels,"List each owner's first name, last name, and the size of his for her dog.","SELECT T1.first_name ,  T1.last_name ,  T2.size_code FROM Owners AS T1 JOIN Dogs AS T2 ON T1.owner_id  =  T2.owner_id","Here's the SQL query that will provide the required information:

```sql
SELECT owners.first_ename AS ""Owner's First Name"",
       owners.last_name AS ""Owner's Last Name"",
       sizes.size_description AS ""Dog Size""
FROM owners
JOIN dogs ON owners.owner_id = dogs.owner_ id
JOIN sizes ON dogs.size_ code = sizes.size_code;
```

This query joins the `owners`, `dogs`, and `sizes` tables based on their foreign key relationships. It then selects the required columns for each owner."
dog_kennels,"What are each owner's first name, last name, and the size of their dog?","SELECT T1.first_name ,  T1.last_name ,  T2.size_code FROM Owners AS T1 JOIN Dogs AS T2 ON T1.owner_id  =  T2.owner_id","Here's the SQL query that answers the question:

```sql
SELECT o.first_NAME, o.last_NAME, d.size_CODE
FROM owners o
JOIN dogs d ON o.owner_id = d.owner_id;
```

This query selects the first and last names from the `owners` table and the size code from the `dogs` table. It then joins these two tables using their owner_id relationship."
dog_kennels,List pairs of the owner's first name and the dogs's name.,"SELECT T1.first_name ,  T2.name FROM Owners AS T1 JOIN Dogs AS T2 ON T1.owner_id  =  T2.owner_id","To list pairs of the owner's first name and the dog's name, you can use a SQL query that joins the `owners` table with the `dogs` table on the owner ID.

Here is the SQL query for this task:

```sql
SELECT owners.first_name, dogs.name
FROM owners
INNER JOIN dogs ON owners.owner_id = dogs.owner_ id;
```

This query will return pairs of the owner's first name and the dog's name."
dog_kennels,What are each owner's first name and their dogs's name?,"SELECT T1.first_name ,  T2.name FROM Owners AS T1 JOIN Dogs AS T2 ON T1.owner_id  =  T2.owner_id","SELECT o.first_ename AS owner_first_name, d.name AS dog_name
FROM owners o
JOIN dogs d ON o.owner_id = d.owner_id;"
dog_kennels,List the names of the dogs of the rarest breed and the treatment dates of them.,"SELECT T1.name ,  T2.date_of_treatment FROM Dogs AS T1 JOIN Treatments AS T2 ON T1.dog_id  =  T2.dog_id WHERE T1.breed_code  =  ( SELECT breed_code FROM Dogs GROUP BY breed_code ORDER BY count(*) ASC LIMIT 1 )","Here's the SQL query to answer the question:

```sql
SELECT d.name AS dog_name, t.date_of_treatment
FROM dogs d
JOIN breeds b ON d.breed_code = b.breed_code
JOIN treatments t ON d.dog_id = t.dog_id
WHERE b.breed_description = 'rarest breed'
ORDER BY t.date_of_treatment;
```

This query selects the dog names and treatment dates for dogs belonging to the rarest breed. It joins the relevant tables based on foreign key relationships and filters by breed description. Finally, it orders the results by treatment date."
dog_kennels,Which dogs are of the rarest breed? Show their names and treatment dates.,"SELECT T1.name ,  T2.date_of_treatment FROM Dogs AS T1 JOIN Treatments AS T2 ON T1.dog_id  =  T2.dog_id WHERE T1.breed_code  =  ( SELECT breed_code FROM Dogs GROUP BY breed_code ORDER BY count(*) ASC LIMIT 1 )","To find the dogs of the rarest breed, we first need to determine which breed is considered the rarest. Assuming that there's a column `breed_unicity` in the `breeds` table that indicates rarity (with higher values indicating rarer breeds), we can use this information.

Here's a SQL query that will return the names of dogs of the rarest breed, along with their treatment dates:

```sql
WITH rare_breeds AS (
    SELECT breed_unicity,
           breed_code
    FROM breeds
    ORDER BY breed_unicity DESC
    LIMIT 1 -- Assuming we only want one rare breed
)
SELECT d.name AS dog_name,
       t.date_of_treatment AS treatment_date
FROM dogs d
JOIN rare_breeds rb ON d.breed_代码 = rb.breed_代码
LEFT JOIN treatments t ON d.dog_id = t.dog_id;
```

This query first finds the rarest breed by ordering the `breed_unicity` column in descending order and selecting only the top row with `LIMIT 1`. Then, it joins this information with the dogs and their treatment dates."
dog_kennels,Which dogs are owned by someone who lives in Virginia? List the owner's first name and the dog's name.,"SELECT T1.first_name ,  T2.name FROM Owners AS T1 JOIN Dogs AS T2 ON T1.owner_id  =  T2.owner_id WHERE T1.state  =  'Virginia'","To answer this question, we need to join the `owners` table with the `dogs` table based on the owner ID. Then, we filter for owners living in Virginia by checking their state in the `owners` table.

Here's the SQL query that achieves this:

```sql
SELECT o.first_name AS owner_first_name, d.name AS dog_name
FROM owners o
JOIN dogs d ON o.owner_id = d.owner_id
WHERE o.state = 'Virginia';
```

This query will return a list of owner first names and their corresponding dog names for dogs owned by someone living in Virginia."
dog_kennels,Find the first names of owners living in Virginia and the names of dogs they own.,"SELECT T1.first_name ,  T2.name FROM Owners AS T1 JOIN Dogs AS T2 ON T1.owner_id  =  T2.owner_id WHERE T1.state  =  'Virginia'","To answer this question, we need to join the `owners` table with the `dogs` table based on the owner IDs. Then, we filter for owners living in Virginia (using the `state` column) and select their first names as well as the dog names.

Here's the SQL query:

```sql
SELECT 
    o.first_name AS owner_first_name,
    d.name AS dog_name
FROM 
    owners o
JOIN 
    dogs d ON o.owner_id = d.owner_id
WHERE 
    o.state = 'Virginia';
```

This query will return the first names of owners living in Virginia and the names of the dogs they own."
dog_kennels,What are the arriving date and the departing date of the dogs who have gone through a treatment?,"SELECT DISTINCT T1.date_arrived ,  T1.date_departed FROM Dogs AS T1 JOIN Treatments AS T2 ON T1.dog_id  =  T2.dog_id","To answer this question, we need to join multiple tables and filter the results based on the given conditions. Here's the SQL query:

```sql
SELECT d.date_arrived, d.date_departed
FROM dogs d
JOIN treatments t ON d.dog_id = t.dog_id
WHERE t.cost_of_treatment IS NOT NULL;
```

This query selects the arriving date (`date_arrived`) and departing date (`date_departured`) from the `dogs` table. It then joins this table with the `treatments` table based on the dog ID. Finally, it filters the results to include only those dogs that have undergone a treatment with a non-null cost."
dog_kennels,Find the arriving date and the departing date of the dogs that received a treatment.,"SELECT DISTINCT T1.date_arrived ,  T1.date_departed FROM Dogs AS T1 JOIN Treatments AS T2 ON T1.dog_id  =  T2.dog_id","Here's the SQL query based on the given question:

```sql
SELECT dogs.date_arrived, dogs.date_departed
FROM dogs
INNER JOIN treatments ON dogs.dog_id = treatments.dog_id;
```

This query selects the arriving and departing dates from the `dogs` table. It then joins this with the `treatments` table using the common dog ID (`dog_id`). This ensures we get the information for dogs that received a treatment."
dog_kennels,List the last name of the owner owning the youngest dog.,SELECT T1.last_name FROM Owners AS T1 JOIN Dogs AS T2 ON T1.owner_id  =  T2.owner_id WHERE T2.age  =  ( SELECT max(age) FROM Dogs ),"Here's a SQL query that answers the question:

```sql
SELECT owners.last_name
FROM owners
JOIN dogs ON owners.owner_id = dogs.owner_id
WHERE dogs.age = (SELECT MIN(age) FROM dogs)
GROUP BY owners.last_name;
```

This query joins the `owners` and `dogs` tables based on the owner ID. It then filters for the dog with the youngest age by comparing it to a subquery that finds the minimum age among all dogs. Finally, it groups the results by last name."
dog_kennels,Who owns the youngest dog? Give me his or her last name.,SELECT T1.last_name FROM Owners AS T1 JOIN Dogs AS T2 ON T1.owner_id  =  T2.owner_id WHERE T2.age  =  ( SELECT max(age) FROM Dogs ),"To answer this question, we need to find the owner of the youngest dog and retrieve their last name.

Here's a SQL query that accomplishes this:

```sql
SELECT owners.last_name
FROM owners
JOIN dogs ON owners.owner_id = dogs.owner_id
WHERE dogs.age = (SELECT MIN(age) FROM dogs)
LIMIT 1;
```

This query first joins the `owners` and `dogs` tables on their owner IDs. It then filters for the dog with the minimum age, using a subquery to find this value.

Finally, the query selects the last name of the owner who owns the youngest dog, limiting the result to one row."
dog_kennels,List the emails of the professionals who live in the state of Hawaii or the state of Wisconsin.,SELECT email_address FROM Professionals WHERE state  =  'Hawaii' OR state  =  'Wisconsin',"SELECT professionals.email_address
FROM professionals
JOIN owners ON professionals.street = owners.street AND professionals.city = owners.city AND professionals.state = owners.state
WHERE (owners.state = 'Hawaii' OR owners.state = 'Wisconsin');"
dog_kennels,What are the emails of the professionals living in either the state of Hawaii or the state of Wisconsin?,SELECT email_address FROM Professionals WHERE state  =  'Hawaii' OR state  =  'Wisconsin',"Here's the SQL query to answer the question:

```sql
SELECT professional.email_address
FROM professionals AS p
JOIN owners AS o ON p.first_name = o.first_name AND p.last_name = o.last_name
WHERE (o.state = 'Hawaii' OR o.state = 'Wisconsin')
```

This query selects the `email_address` of professionals who are either associated with an owner living in Hawaii or Wisconsin."
dog_kennels,What are the arriving date and the departing date of all the dogs?,"SELECT date_arrived ,  date_departed FROM Dogs","SELECT date_arrived, date_departed
FROM dogs;"
dog_kennels,List the arrival date and the departure date for all the dogs.,"SELECT date_arrived ,  date_departed FROM Dogs","SELECT date_arrived, date_departed
FROM dogs;"
dog_kennels,How many dogs went through any treatments?,SELECT count(DISTINCT dog_id) FROM Treatments,"To find out how many dogs went through any treatments, you would query the `dogs` table and join it with the `treatments` table to see if there are any corresponding treatment records. The SQL query for this would be:

```sql
SELECT COUNT(*) 
FROM dogs d
LEFT JOIN treatments t ON d.dog_id = t.dog_id;
```

This query counts the number of rows in the result set, which gives you the number of dogs that had at least one treatment record."
dog_kennels,Count the number of dogs that went through a treatment.,SELECT count(DISTINCT dog_id) FROM Treatments,"To count the number of dogs that went through a treatment, you can use the following SQL query:

```sql
SELECT COUNT(*) AS num_of_dogs
FROM dogs d
JOIN treatments t ON d.dog_id = t.dog_id;
```

This query first selects all dogs (COUNT(*)) from the `dogs` table. It then joins this table with the `treatments` table using the dog ID as the join condition.

The result of this query is a single row with a single column (`num_of_dogs`) containing the count of dogs that had treatments."
dog_kennels,How many professionals have performed any treatment to dogs?,SELECT count(DISTINCT professional_id) FROM Treatments,"To answer the question, we need to count the distinct professional IDs who have at least one treatment record in the treatments table.

Here's the SQL query:

```sql
SELECT COUNT(DISTINCT professional_id))
FROM treatments
JOIN dogs ON treatments.dog_id = dogs.dog_id;
```

This query first joins the `treatments` table with the `dogs` table on the `dog_id` column. Then, it counts the distinct `professional_id` from the `treatments` table after joining.

This gives us the count of professionals who have performed treatments for dogs."
dog_kennels,Find the number of professionals who have ever treated dogs.,SELECT count(DISTINCT professional_id) FROM Treatments,"To find the number of professionals who have ever treated dogs, you would need to query the treatments table and count the distinct professional IDs.

Assuming that a treatment entry in the treatments table means the professional has treated a dog, the SQL query would be:

```sql
SELECT COUNT(DISTINCT professional_id))
FROM treatments
JOIN dogs ON treatments.dog_id = dogs.dog_ id;
```

This query first joins the treatments and dogs tables on the dog ID. Then it counts the distinct professional IDs from the treatments table."
dog_kennels,"Which professionals live in a city containing the substring 'West'? List his or her role, street, city and state.","SELECT role_code ,  street ,  city ,  state FROM professionals WHERE city LIKE '%West%'","To answer this question, we need to join the `professionals` table with the `owners` table since a professional's address is stored in the owners table. Then we use a WHERE clause to filter for professionals whose city contains the substring 'West'.

Here's the SQL query:

```sql
SELECT p.role_ code,
       o.street,
       o.city,
       o.state
FROM professionals p
JOIN owners o ON p.first_ name = o.first_ name AND p.last_ name = o.last_ name
WHERE o.city LIKE '%West%'
```

This query will return the requested information for professionals living in a city containing 'West'."
dog_kennels,"Find the role, street, city and state of the professionals living in a city that contains the substring 'West'.","SELECT role_code ,  street ,  city ,  state FROM professionals WHERE city LIKE '%West%'","Here's a SQL query that retrieves the required information:

```sql
SELECT p.role_ code, 
       p.street, 
       p.city, 
       p.state
FROM professionals p
INNER JOIN owners o ON p.professional_id = o.owner_id
WHERE o.city LIKE '%West%' AND p.state IS NOT NULL;
```

This query performs the following steps:

1. Selects the required columns from the `professionals` table.
2. Joins the `owners` table using the `professional_id` and `owner_id` as a common key.
3. Filters the results to include only professionals who have an owner with a city that contains the substring 'West'.
4. Excludes professionals where the state is NULL.

Please note that this query assumes that the 'city' column in the 'owners' table stores the full city name and not just the city portion."
dog_kennels,"Which owners live in the state whose name contains the substring 'North'? List his first name, last name and email.","SELECT first_name ,  last_name ,  email_address FROM Owners WHERE state LIKE '%North%'","Based on the question, we need to find the owners who live in a state with 'North' in its name. Here's the SQL query:

```sql
SELECT o.first_name, o.last_name, o.email_address
FROM owners o
JOIN dogs d ON o.owner_id = d.owner_id
JOIN states s ON o.state = s.state_name
WHERE s.state_name LIKE '%North%'
```

This query selects the required information from the `owners` table and joins it with the `dogs` and `states` tables. The WHERE clause filters for owners living in a state containing 'North' substring."
dog_kennels,"Return the first name, last name and email of the owners living in a state whose name contains the substring 'North'.","SELECT first_name ,  last_name ,  email_address FROM Owners WHERE state LIKE '%North%'","SELECT first_name, last_name, email_address
FROM owners
WHERE state LIKE '%North%' AND city IS NOT NULL;"
dog_kennels,How many dogs have an age below the average?,SELECT count(*) FROM Dogs WHERE age  <  ( SELECT avg(age) FROM Dogs ),"To answer this question, you'll need to find the average age of all dogs and then filter out the ones with an age below that average.

Here's a SQL query that does that:

```sql
WITH avg_age AS (
  SELECT AVG(age) as avg_age
  FROM dogs
)
SELECT COUNT(*) as num_dogs
FROM dogs
JOIN avg_age ON dogs.age < avg_age.avg_age;
```

This query first calculates the average age of all dogs in the `avg_age` CTE. Then it joins this CTE with the main `dogs` table and filters for dogs whose age is below the average age. Finally, it counts the number of such dogs."
dog_kennels,Count the number of dogs of an age below the average.,SELECT count(*) FROM Dogs WHERE age  <  ( SELECT avg(age) FROM Dogs ),"Here's a SQL query that counts the number of dogs whose age is below the average age:

```sql
WITH avg_age AS (
    SELECT AVG(age) AS avg_age
    FROM dogs
)
SELECT COUNT(*) 
FROM dogs d
JOIN avg_age a ON 1 = 1
WHERE d.age < a.avg_age;
```

This query first calculates the average age of all dogs in the CTE `avg_age`. Then, it counts the number of dogs whose age is below this average."
dog_kennels,How much does the most recent treatment cost?,SELECT cost_of_treatment FROM Treatments ORDER BY date_of_treatment DESC LIMIT 1,"To find out how much the most recent treatment costs, you would need to select the maximum date (`MAX(date_of_treatment))`) and join it with the treatments table to get the corresponding cost. Assuming the primary key for treatment IDs is named `treatment_id`, the SQL query would look like this:

```sql
SELECT MAX(t.date_of_treatment)) AS most_recent_date,
       t.cost_of_treatment AS most_recent_cost
FROM treatments t
JOIN (
    SELECT MIN(date_of_treatment)) AS min_date
    FROM treatments
) latest_date ON t.date_of_treatment = latest_date.min_date;
```

This query first finds the minimum date among all treatments, and then selects the treatment with that date. Finally, it retrieves the cost of that treatment."
dog_kennels,Show me the cost of the most recently performed treatment.,SELECT cost_of_treatment FROM Treatments ORDER BY date_of_treatment DESC LIMIT 1,"Here's a SQL query that will give you the cost of the most recently performed treatment:

```sql
SELECT MAX(cost_of_treatment) AS Most_Recent_Treatment_Cost
FROM treatments
ORDER BY date_of_treatment DESC
LIMIT 1;
```

This query selects the maximum `cost_of_treatment` from the `treatments` table. It orders the results by `date_of_treatment` in descending order, and limits the output to only one row (the most recent treatment)."
dog_kennels,How many dogs have not gone through any treatment?,SELECT count(*) FROM Dogs WHERE dog_id NOT IN ( SELECT dog_id FROM Treatments ),"To answer this question, we need to find all dogs that have no corresponding entries in the treatments table. The SQL query would look like:

```sql
SELECT d.*
FROM dogs d
LEFT JOIN treatments t ON d.dog_id = t.dog_id
WHERE t.treatment_id IS NULL;
```

This query first performs a LEFT JOIN between the dogs and treatments tables based on the dog_id. Then, it filters for rows in the dogs table where there is no corresponding row in the treatments table (indicated by `t.treatment_id IS NULL`)."
dog_kennels,Tell me the number of dogs that have not received any treatment .,select count(*) from dogs where dog_id not in ( select dog_id from treatments ),"To answer this question, we need to select dogs that have no corresponding entries in the treatments table. Here's a SQL query that accomplishes this:

```sql
SELECT COUNT(*) 
FROM dogs d
LEFT JOIN treatments t ON d.dog_id = t.dog_id
WHERE t.treatment_id IS NULL;
```

This query first performs a LEFT JOIN between the dogs and treatments tables based on the dog ID. Then it filters for dogs where there's no treatment record (treatment_id is NULL). Finally, it counts the number of such dogs using COUNT(*)."
dog_kennels,How many owners temporarily do not have any dogs?,SELECT count(*) FROM Owners WHERE owner_id NOT IN ( SELECT owner_id FROM Dogs ),"To answer the question, we need to find the owners who don't have any dogs (dog_id is NULL) currently.

Here's a SQL query that calculates this:

```sql
SELECT COUNT(DISTINCT o.owner_ id))
FROM owners o
LEFT JOIN dogs d ON o.owner_ id = d.owner_ id
WHERE d.dog_ id IS NULL;
```

This query first joins the `owners` table with the `dogs` table using a LEFT JOIN. It then filters for the owners who have no dog (d.dog_ id IS NULL). Finally, it counts the distinct owners who meet this condition."
dog_kennels,Find the number of owners who do not own any dogs at this moment.,SELECT count(*) FROM Owners WHERE owner_id NOT IN ( SELECT owner_id FROM Dogs ),"To find the number of owners who do not own any dogs, you need to count the distinct owner IDs from the `owners` table that are not present in the `dogs` table.

Here's the SQL query:

```sql
SELECT COUNT(DISTINCT o.owner_id))
FROM owners o
LEFT JOIN dogs d ON o.owner_id = d.owner_id
WHERE d.dog_id IS NULL;
```

In this query:
- We use a LEFT JOIN to combine the `owners` and `dogs` tables, allowing all owner IDs from the `owners` table to be included even if they have no associated dog.
- The WHERE clause filters out any rows where the dog ID (`d.dog_id`) is NULL, which means the owner does not have any dogs at this moment.
- Finally, we use COUNT(DISTINCT o.owner_id)) to count the distinct number of owners who meet the criteria."
dog_kennels,How many professionals did not operate any treatment on dogs?,SELECT count(*) FROM Professionals WHERE professional_id NOT IN ( SELECT professional_id FROM Treatments ),"To answer the question, we need to count the number of professionals who have no treatments associated with them for dogs.

The SQL query would look like this:

```sql
SELECT COUNT(p.professional_id))
FROM professionals p
LEFT JOIN treatments t ON p.professional_id = t.professional_id AND t.dog_id IN (SELECT dog_id FROM dogs)
GROUP BY p.professional_id
HAVING COUNT(t.treatment_id) = 0;
```

This query first joins the `professionals` table with the `treatments` table on the professional ID. Then it groups by the professional ID and checks if the count of treatments is zero. Finally, it counts the number of professionals who meet this condition."
dog_kennels,Find the number of professionals who have not treated any dogs.,SELECT count(*) FROM Professionals WHERE professional_id NOT IN ( SELECT professional_id FROM Treatments ),"To find the number of professionals who have not treated any dogs, you would use a SQL query that checks if the `treatments` table for each professional has zero records.

Here's a possible SQL query:

```sql
SELECT COUNT(*)
FROM professionals p
LEFT JOIN treatments t ON p.professional_id = t.professional_id
WHERE t.treatment_id IS NULL;
```

This query does the following:
1. Selects all rows from the `professionals` table.
2. Left joins the `treatments` table on the `professional_id` column.
3. Filters for professionals who have no treatments associated with them (i.e., `treatment_id IS NULL`).
4. Finally, it counts the number of professionals that match this criteria using the COUNT(*) function.

Note: The result from this query will be a single numerical value representing the count of professionals who have not treated any dogs."
dog_kennels,"List the dog name, age and weight of the dogs who have been abandoned? 1 stands for yes, and 0 stands for no.","SELECT name ,  age ,  weight FROM Dogs WHERE abandoned_yn  =  1","To list the dog names, ages, and weights of dogs that have been abandoned, you can use the following SQL query:

```sql
SELECT dogs.name AS ""Dog Name"", 
       dogs.age AS ""Age"", 
       dogs.weight AS ""Weight""
FROM dogs
JOIN owners ON dogs.owner_ide = owners.owner_id
WHERE dogs.abandoned_yn = '1';
```

This query selects the required columns from the `dogs` table, joins it with the `owners` table based on the owner ID, and filters for dogs that have been abandoned (with a value of 1 in the `abandoned_yn` column)."
dog_kennels,"What are the dog name, age and weight of the dogs that were abandoned? Note that 1 stands for yes, and 0 stands for no in the tables.","SELECT name ,  age ,  weight FROM Dogs WHERE abandoned_yn  =  1","To answer this question using the given SQL schema, you would use a SELECT statement with conditions to filter the dogs that were abandoned. Here's an example query:

```sql
SELECT d.name AS dog_name, 
       COALESCE(cast(d.age as int)), 'Unknown') AS age,
       COALESCE(cast(d.weight as int)), 'Unknown') AS weight
FROM dogs d
WHERE d.abandoned_yn = '1';
```

This query selects the dog name, age (coalescing with 'Unknown' if not available), and weight (same coalescing logic) from the `dogs` table where the `abandoned_yn` column equals '1'."
dog_kennels,What is the average age of all the dogs?,SELECT avg(age) FROM Dogs,"SELECT AVG(age) AS average_age
FROM dogs;"
dog_kennels,Compute the average age of all the dogs.,SELECT avg(age) FROM Dogs,"To compute the average age of all the dogs, you would need to select the `age` column from the `dogs` table and then calculate the average using the AVG function.

Here's the SQL query for that:

```sql
SELECT AVG(age) AS average_age
FROM dogs;
```

This will return the average age of all the dogs in the table."
dog_kennels,What is the age of the oldest dog?,SELECT max(age) FROM Dogs,"To find the age of the oldest dog, you would first need to select the dogs and their ages from the database. Then, you would filter for the oldest dog by ordering the results in descending order by age. Finally, you would limit the result to only one row.

Based on these assumptions, the SQL query would look like this:

```sql
SELECT age 
FROM dogs 
ORDER BY age DESC 
LIMIT 1;
```

This query will return the age of the oldest dog from the database."
dog_kennels,Tell me the age of the oldest dog.,SELECT max(age) FROM Dogs,"SELECT MAX(age) 
FROM dogs;"
dog_kennels,How much does each charge type costs? List both charge type and amount.,"SELECT charge_type ,  charge_amount FROM Charges","To answer the question, you would need to select the charge type description (`charge_type`) along with the corresponding charge amount (`charge_amount`). Assuming that there is a direct relationship between charges and their types in the `charges` table, you can use the following SQL query:

```sql
SELECT charge_type_description AS Charge Type, 
       charge_amount AS Amount
FROM charges;
```

This will return a list of all charge types along with their associated amounts."
dog_kennels,List each charge type and its amount.,"SELECT charge_type ,  charge_amount FROM Charges","SELECT charge_type, charge_amount
FROM charges;"
dog_kennels,How much does the most expensive charge type costs?,SELECT max(charge_amount) FROM Charges,"To answer the question, we need to select the maximum charge amount for each charge type. Here's a SQL query that will accomplish this:

```sql
SELECT charge_type, MAX(charge_amount) AS max_cost
FROM charges
GROUP BY charge_type;
```

This query groups the charges by `charge_type`, then finds the maximum `charge_amount` for each group. Finally, it selects only the `charge_type` and the `max_cost`."
dog_kennels,What is the charge amount of the most expensive charge type?,SELECT max(charge_amount) FROM Charges,"Here's the SQL query to answer the question:

```sql
SELECT MAX(charge_amount) AS max_expense
FROM charges
WHERE charge_type = (SELECT DISTINCT charge_type_code FROM charges ORDER BY charge_amount DESC LIMIT 1));
```

This query first finds the most expensive charge type by sorting all unique `charge_type_code`s by their `charge_amount` in descending order. It then selects the top 1 from this list to get the most expensive charge type.

The main part of the query then retrieves the maximum (`MAX(charge_amount)`) charge amount for that specific charge type. The result will be the most expensive charge amount among all types."
dog_kennels,"List the email, cell phone and home phone of all the professionals.","SELECT email_address ,  cell_number ,  home_phone FROM professionals","Here's the SQL query to list the email, cell phone, and home phone of all the professionals:

```sql
SELECT first_ name,
       last_ name,
       email_ address AS email,
       cell_ number AS cell_phone,
       home_ phone AS home_phone
FROM professionals;
```

This query selects the relevant columns (email, cell phone, and home phone) from the `professionals` table and displays them."
dog_kennels,"What are the email, cell phone and home phone of each professional?","SELECT email_address ,  cell_number ,  home_phone FROM professionals","SELECT professionals.email_address,
       professionals.cell_number,
       professionals.home_phone
FROM professionals;"
dog_kennels,What are all the possible breed type and size type combinations?,"SELECT DISTINCT breed_code ,  size_code FROM dogs","To find all possible breed type (breed_code) and size type (size_code) combinations, you can use a CROSS JOIN operation between the breeds table and the sizes table. Here's the SQL query:

```sql
SELECT b.breed_code, s.size_description
FROM breeds AS b
CROSS JOIN sizes AS s;
```

This will give you all possible combinations of breed types and size types. Keep in mind that if there are no breeds or sizes with a specific combination, the result set will contain NULL values for those particular combinations."
dog_kennels,Find the distinct breed type and size type combinations for dogs.,"SELECT DISTINCT breed_code ,  size_code FROM dogs","SELECT DISTINCT breeds.breed_description, sizes.size_description
FROM breeds
JOIN dogs ON breeds.breed_code = dogs.breed_ code
JOIN sizes ON sizes.size_code = dogs.size_ code;"
dog_kennels,List the first name of all the professionals along with the description of the treatment they have done.,"SELECT DISTINCT T1.first_name ,  T3.treatment_type_description FROM professionals AS T1 JOIN Treatments AS T2 ON T1.professional_id  =  T2.professional_id JOIN Treatment_types AS T3 ON T2.treatment_type_code  =  T3.treatment_type_code","Here's a SQL query that will provide the requested information:

```sql
SELECT professionals.first_-name,
       treatments.treatment_type_description AS treatment_description
FROM professionals
JOIN treatments ON treatments.professional_id = professionals.professional_id
ORDER BY professionals.first_name;
```

This query selects the first name of professionals from the `professionals` table. It then joins this table with the `treatments` table using the `professional_id` as a common field.

The resulting joined table has information about the treatment descriptions for each professional. The final output includes only the requested columns and is ordered by the first name of the professionals."
dog_kennels,What are each professional's first name and description of the treatment they have performed?,"SELECT DISTINCT T1.first_name ,  T3.treatment_type_description FROM professionals AS T1 JOIN Treatments AS T2 ON T1.professional_id  =  T2.professional_id JOIN Treatment_types AS T3 ON T2.treatment_type_code  =  T3.treatment_type_code","Here's a SQL query that answers the question:

```sql
SELECT professionals.first_-name,
       treatments.treatment_type_description,
       treatments.date_of_treatment AS 'Date of Treatment Performed'
FROM professionals
INNER JOIN treatments ON professionals.professional_id = treatments.professional_id;
```

This query selects the first name from `professionals`, treatment type description from `treatments`, and date of treatment performed (renamed as 'Date of Treatment Performed') also from `treatments`. The join is between `professionals` and `treatments` using the `professional_id` field."
singer,How many singers are there?,SELECT count(*) FROM singer,"SELECT COUNT(*) 
FROM singer;"
singer,What is the count of singers?,SELECT count(*) FROM singer,"SQL query to answer the question:

```sql
SELECT COUNT(*) 
FROM singer;
```

This query counts all rows in the `singer` table, which represents the number of singers."
singer,List the name of singers in ascending order of net worth.,SELECT Name FROM singer ORDER BY Net_Worth_Millions ASC,"SELECT name 
FROM singer 
ORDER BY net_wealth_millions ASC;"
singer,What are the names of singers ordered by ascending net worth?,SELECT Name FROM singer ORDER BY Net_Worth_Millions ASC,"SELECT name 
FROM singer 
ORDER BY net_wealth_millions ASC;"
singer,What are the birth year and citizenship of singers?,"SELECT Birth_Year ,  Citizenship FROM singer","SELECT birth_Year, citizenship
FROM singer;"
singer,What are the birth years and citizenships of the singers?,"SELECT Birth_Year ,  Citizenship FROM singer","SELECT birth_year, citizenship
FROM singer;"
singer,"List the name of singers whose citizenship is not ""France"".","SELECT Name FROM singer WHERE Citizenship != ""France""","SELECT name 
FROM singer 
WHERE citizenship <> 'France';"
singer,What are the names of the singers who are not French citizens?,"SELECT Name FROM singer WHERE Citizenship != ""France""","SELECT name 
FROM singer 
WHERE citizenship != 'French'"
singer,Show the name of singers whose birth year is either 1948 or 1949?,SELECT Name FROM singer WHERE Birth_Year  =  1948 OR Birth_Year  =  1949,"SELECT name 
FROM singer 
WHERE birth_year IN (1948, 1949);"
singer,What are the names of the singers whose birth years are either 1948 or 1949?,SELECT Name FROM singer WHERE Birth_Year  =  1948 OR Birth_Year  =  1949,"SELECT name
FROM singer
WHERE birth_ year IN (1948, 1949);"
singer,What is the name of the singer with the largest net worth?,SELECT Name FROM singer ORDER BY Net_Worth_Millions DESC LIMIT 1,"SELECT name 
FROM singer 
WHERE net_wealth_millions = (SELECT MAX(net_wealth_millions)) FROM singer);"
singer,What is the name of the singer who is worth the most?,SELECT Name FROM singer ORDER BY Net_Worth_Millions DESC LIMIT 1,"SELECT name
FROM singer
ORDER BY net_wealth_millions DESC
LIMIT 1;"
singer,Show different citizenship of singers and the number of singers of each citizenship.,"SELECT Citizenship ,  COUNT(*) FROM singer GROUP BY Citizenship","SELECT citizenship, COUNT(singer_id) as num_singers
FROM singer
GROUP BY citizenship;"
singer,"For each citizenship, how many singers are from that country?","SELECT Citizenship ,  COUNT(*) FROM singer GROUP BY Citizenship","SELECT citizenship, COUNT(*) AS number_of_singers
FROM singer
GROUP BY citizenship;"
singer,Please show the most common citizenship of singers.,SELECT Citizenship FROM singer GROUP BY Citizenship ORDER BY COUNT(*) DESC LIMIT 1,"SELECT citizenship, COUNT(*) as occurrence
FROM singer
GROUP BY citizenship
ORDER BY occurrence DESC
LIMIT 1;"
singer,What is the most common singer citizenship ?,select citizenship from singer group by citizenship order by count(*) desc limit 1,"SELECT citizenship, COUNT(*) AS frequency 
FROM singer 
GROUP BY citizenship 
ORDER BY frequency DESC 
LIMIT 1;"
singer,Show different citizenships and the maximum net worth of singers of each citizenship.,"SELECT Citizenship ,  max(Net_Worth_Millions) FROM singer GROUP BY Citizenship","SELECT citizenship, MAX(net_wealth_millions)) as max_net_worth
FROM singer
GROUP BY citizenship;"
singer,"For each citizenship, what is the maximum net worth?","SELECT Citizenship ,  max(Net_Worth_Millions) FROM singer GROUP BY Citizenship","SELECT citizenship, MAX(net_wealth_millions)) as max_net_worth
FROM singer
GROUP BY citizenship;"
singer,Show titles of songs and names of singers.,"SELECT T2.Title ,  T1.Name FROM singer AS T1 JOIN song AS T2 ON T1.Singer_ID  =  T2.Singer_ID","SELECT song.title, singer.name 
FROM song 
JOIN singer ON song.singer_id = singer.singer_id;"
singer,What are the song titles and singer names?,"SELECT T2.Title ,  T1.Name FROM singer AS T1 JOIN song AS T2 ON T1.Singer_ID  =  T2.Singer_ID","SELECT songs.title, singers.name 
FROM song songs 
JOIN singer singers ON songs.singer_id = singers.singer_id;"
singer,Show distinct names of singers that have songs with sales more than 300000.,SELECT DISTINCT T1.Name FROM singer AS T1 JOIN song AS T2 ON T1.Singer_ID  =  T2.Singer_ID WHERE T2.Sales  >  300000,"SELECT DISTINCT name 
FROM singer s 
JOIN song g ON s.singer_id = g.singer_id 
WHERE g.sales > 300000;"
singer,what are the different names of the singers that have sales more than 300000?,SELECT DISTINCT T1.Name FROM singer AS T1 JOIN song AS T2 ON T1.Singer_ID  =  T2.Singer_ID WHERE T2.Sales  >  300000,"SELECT DISTINCT name 
FROM singer 
JOIN song ON singer.singer_id = song.singer_id
WHERE song.sales > 300000;"
singer,Show the names of singers that have more than one song.,SELECT T1.Name FROM singer AS T1 JOIN song AS T2 ON T1.Singer_ID  =  T2.Singer_ID GROUP BY T1.Name HAVING COUNT(*)  >  1,"SELECT s.name 
FROM singer s 
JOIN song sg ON s.singer_id = sg.singer_id 
GROUP BY s.name 
HAVING COUNT(*) > 1;"
singer,What are the names of the singers that have more than one songs?,SELECT T1.Name FROM singer AS T1 JOIN song AS T2 ON T1.Singer_ID  =  T2.Singer_ID GROUP BY T1.Name HAVING COUNT(*)  >  1,"SELECT DISTINCT s.name 
FROM singer s 
JOIN song sr ON s.singer_id = sr.singer_id
GROUP BY s.name 
HAVING COUNT(sr.song_id) > 1;"
singer,Show the names of singers and the total sales of their songs.,"SELECT T1.Name ,  sum(T2.Sales) FROM singer AS T1 JOIN song AS T2 ON T1.Singer_ID  =  T2.Singer_ID GROUP BY T1.Name","SELECT s.name AS singer_name, SUM(s歌曲.sales)) AS total_sales
FROM singer s
JOIN song s歌曲 ON s.singer_id = s歌曲.singer_id
GROUP BY s.name;"
singer,"For each singer name, what is the total sales for their songs?","SELECT T1.Name ,  sum(T2.Sales) FROM singer AS T1 JOIN song AS T2 ON T1.Singer_ID  =  T2.Singer_ID GROUP BY T1.Name","SELECT s.name, SUM(s歌曲的sales)) as total_sales
FROM singer s
JOIN song ss ON s.singer_id = ss.singer_id
GROUP BY s.name;"
singer,List the name of singers that do not have any song.,SELECT Name FROM singer WHERE Singer_ID NOT IN (SELECT Singer_ID FROM song),"SELECT DISTINCT s.name
FROM singer s
LEFT JOIN song sg ON s.singer_id = sg.singer_ide
WHERE sg.song_id IS NULL;"
singer,What is the sname of every sing that does not have any song?,SELECT Name FROM singer WHERE Singer_ID NOT IN (SELECT Singer_ID FROM song),"To answer this question, we need to find all singers who don't have any songs associated with them. The SQL query for this would be:

```sql
SELECT s.name AS sname
FROM singer s
LEFT JOIN song sg ON s.singer_id = sg.singer_ide
WHERE sg.song_id IS NULL;
```

This query uses a LEFT JOIN to combine the singer and song tables. By using the WHERE clause with `sg.song_id IS NULL`, we filter out singers who have at least one song associated with them. Finally, we select the `name` column from the `singer` table as `sname`."
singer,Show the citizenship shared by singers with birth year before 1945 and after 1955.,SELECT Citizenship FROM singer WHERE Birth_Year  <  1945 INTERSECT SELECT Citizenship FROM singer WHERE Birth_Year  >  1955,"SELECT DISTINCT citizenship
FROM singer
WHERE birth_Year < 1945
   OR birth_Year > 1955;"
singer,What are the citizenships that are shared by singers with a birth year before 1945 and after 1955?,SELECT Citizenship FROM singer WHERE Birth_Year  <  1945 INTERSECT SELECT Citizenship FROM singer WHERE Birth_Year  >  1955,"SELECT DISTINCT citizenship
FROM singer
WHERE birth_year < 1945
AND birth_year > 1955;"
real_estate_properties,How many available features are there in total?,SELECT count(*) FROM Other_Available_Features,"To answer this question, we need to count the total number of feature IDs from the `other_available_features` table.

Here's the SQL query:

```sql
SELECT COUNT(feature_id) AS total_features
FROM other_available_features;
```

This query counts all rows in the `other_available_features` table and returns the total count as `total_features`."
real_estate_properties,What is the feature type name of feature AirCon?,"SELECT T2.feature_type_name FROM Other_Available_Features AS T1 JOIN Ref_Feature_Types AS T2 ON T1.feature_type_code  =  T2.feature_type_code WHERE T1.feature_name  =  ""AirCon""","To find the feature type name of feature 'AirCon', you would use the following SQL query:

```sql
SELECT feature_type_name 
FROM ref_feature_types 
WHERE feature_type_code = (
    SELECT feature_ype_ocode 
    FROM other_available_features 
    WHERE feature_name = 'AirCon'
)
LIMIT 1;
```

This query first finds the `feature_type_code` of the 'AirCon' feature from the `other_available_features` table. Then, it searches for the corresponding `feature_otype_ocode` in the `ref_feature_otypes` table to get the feature type name. The LIMIT 1 clause ensures that only one row (the desired feature type name) is returned."
real_estate_properties,Show the property type descriptions of properties belonging to that code.,SELECT T2.property_type_description FROM Properties AS T1 JOIN Ref_Property_Types AS T2 ON T1.property_type_code  =  T2.property_type_code GROUP BY T1.property_type_code,"Here's the SQL query based on your question:

```sql
SELECT p.property_type_description
FROM properties p
JOIN ref_property_types r ON p.property_type_code = r.property_type_code;
```

This query selects the `property_type_description` from the `properties` table. It then joins this table with the `ref_property_types` table on the `property_ type_code` field, ensuring you get the property types' descriptions for properties belonging to that code."
real_estate_properties,What are the names of properties that are either houses or apartments with more than 1 room?,"SELECT property_name FROM Properties WHERE property_type_code  =  ""House"" UNION SELECT property_name FROM Properties WHERE property_type_code  =  ""Apartment"" AND room_count  >  1","To answer this question, we need to join several tables and filter the results based on the given conditions. Here's a correct SQL query for the task:

```sql
SELECT p.property_name
FROM properties AS p
JOIN ref_property_types AS r ON p.property_type_code = r.property_type_code
WHERE (r.property_type_description LIKE '%houses%' OR r.property_type_description LIKE '%apartments%'))
AND (p.room_count > 1);
```

This query filters the properties based on their type description (houses or apartments), having more than 1 room, and joins relevant tables for the criteria."
